const unsigned char fomo_beer_can_small_model[] = {
  0x1c, 0x00, 0x00, 0x00, 0x54, 0x46, 0x4c, 0x33, 0x14, 0x00, 0x20, 0x00,
  0x1c, 0x00, 0x18, 0x00, 0x14, 0x00, 0x10, 0x00, 0x0c, 0x00, 0x00, 0x00,
  0x08, 0x00, 0x04, 0x00, 0x14, 0x00, 0x00, 0x00, 0x1c, 0x00, 0x00, 0x00,
  0x8c, 0x00, 0x00, 0x00, 0xe4, 0x00, 0x00, 0x00, 0x18, 0x2f, 0x00, 0x00,
  0x28, 0x2f, 0x00, 0x00, 0x6c, 0x9b, 0x00, 0x00, 0x03, 0x00, 0x00, 0x00,
  0x01, 0x00, 0x00, 0x00, 0x10, 0x00, 0x00, 0x00, 0x00, 0x00, 0x0a, 0x00,
  0x10, 0x00, 0x0c, 0x00, 0x08, 0x00, 0x04, 0x00, 0x0a, 0x00, 0x00, 0x00,
  0x0c, 0x00, 0x00, 0x00, 0x1c, 0x00, 0x00, 0x00, 0x3c, 0x00, 0x00, 0x00,
  0x0f, 0x00, 0x00, 0x00, 0x73, 0x65, 0x72, 0x76, 0x69, 0x6e, 0x67, 0x5f,
  0x64, 0x65, 0x66, 0x61, 0x75, 0x6c, 0x74, 0x00, 0x01, 0x00, 0x00, 0x00,
  0x04, 0x00, 0x00, 0x00, 0x9c, 0xff, 0xff, 0xff, 0x47, 0x00, 0x00, 0x00,
  0x04, 0x00, 0x00, 0x00, 0x08, 0x00, 0x00, 0x00, 0x6f, 0x75, 0x74, 0x70,
  0x75, 0x74, 0x5f, 0x30, 0x00, 0x00, 0x00, 0x00, 0x01, 0x00, 0x00, 0x00,
  0x04, 0x00, 0x00, 0x00, 0x7e, 0xd0, 0xff, 0xff, 0x04, 0x00, 0x00, 0x00,
  0x01, 0x00, 0x00, 0x00, 0x78, 0x00, 0x00, 0x00, 0x02, 0x00, 0x00, 0x00,
  0x34, 0x00, 0x00, 0x00, 0x04, 0x00, 0x00, 0x00, 0xdc, 0xff, 0xff, 0xff,
  0x4a, 0x00, 0x00, 0x00, 0x04, 0x00, 0x00, 0x00, 0x13, 0x00, 0x00, 0x00,
  0x43, 0x4f, 0x4e, 0x56, 0x45, 0x52, 0x53, 0x49, 0x4f, 0x4e, 0x5f, 0x4d,
  0x45, 0x54, 0x41, 0x44, 0x41, 0x54, 0x41, 0x00, 0x08, 0x00, 0x0c, 0x00,
  0x08, 0x00, 0x04, 0x00, 0x08, 0x00, 0x00, 0x00, 0x49, 0x00, 0x00, 0x00,
  0x04, 0x00, 0x00, 0x00, 0x13, 0x00, 0x00, 0x00, 0x6d, 0x69, 0x6e, 0x5f,
  0x72, 0x75, 0x6e, 0x74, 0x69, 0x6d, 0x65, 0x5f, 0x76, 0x65, 0x72, 0x73,
  0x69, 0x6f, 0x6e, 0x00, 0x4b, 0x00, 0x00, 0x00, 0x30, 0x2e, 0x00, 0x00,
  0x28, 0x2e, 0x00, 0x00, 0xf8, 0x2d, 0x00, 0x00, 0xdc, 0x2d, 0x00, 0x00,
  0x6c, 0x2d, 0x00, 0x00, 0xdc, 0x2c, 0x00, 0x00, 0xcc, 0x26, 0x00, 0x00,
  0xfc, 0x25, 0x00, 0x00, 0x6c, 0x24, 0x00, 0x00, 0x3c, 0x24, 0x00, 0x00,
  0xac, 0x22, 0x00, 0x00, 0xdc, 0x21, 0x00, 0x00, 0x1c, 0x20, 0x00, 0x00,
  0x4c, 0x1f, 0x00, 0x00, 0xbc, 0x1d, 0x00, 0x00, 0x8c, 0x1d, 0x00, 0x00,
  0xfc, 0x1b, 0x00, 0x00, 0x2c, 0x1b, 0x00, 0x00, 0x6c, 0x19, 0x00, 0x00,
  0x9c, 0x18, 0x00, 0x00, 0x0c, 0x17, 0x00, 0x00, 0xdc, 0x16, 0x00, 0x00,
  0x4c, 0x15, 0x00, 0x00, 0x7c, 0x14, 0x00, 0x00, 0xbc, 0x12, 0x00, 0x00,
  0xec, 0x11, 0x00, 0x00, 0x5c, 0x10, 0x00, 0x00, 0x2c, 0x10, 0x00, 0x00,
  0x9c, 0x0e, 0x00, 0x00, 0xcc, 0x0d, 0x00, 0x00, 0x0c, 0x0c, 0x00, 0x00,
  0x3c, 0x0b, 0x00, 0x00, 0xac, 0x09, 0x00, 0x00, 0x7c, 0x09, 0x00, 0x00,
  0xec, 0x07, 0x00, 0x00, 0x1c, 0x07, 0x00, 0x00, 0x5c, 0x05, 0x00, 0x00,
  0x8c, 0x04, 0x00, 0x00, 0xfc, 0x02, 0x00, 0x00, 0xcc, 0x02, 0x00, 0x00,
  0x7c, 0x02, 0x00, 0x00, 0x4c, 0x02, 0x00, 0x00, 0xf4, 0x01, 0x00, 0x00,
  0xc4, 0x01, 0x00, 0x00, 0x6c, 0x01, 0x00, 0x00, 0x64, 0x01, 0x00, 0x00,
  0x5c, 0x01, 0x00, 0x00, 0x54, 0x01, 0x00, 0x00, 0x4c, 0x01, 0x00, 0x00,
  0x44, 0x01, 0x00, 0x00, 0x3c, 0x01, 0x00, 0x00, 0x34, 0x01, 0x00, 0x00,
  0x2c, 0x01, 0x00, 0x00, 0x24, 0x01, 0x00, 0x00, 0x1c, 0x01, 0x00, 0x00,
  0x14, 0x01, 0x00, 0x00, 0x0c, 0x01, 0x00, 0x00, 0x04, 0x01, 0x00, 0x00,
  0xfc, 0x00, 0x00, 0x00, 0xf4, 0x00, 0x00, 0x00, 0xec, 0x00, 0x00, 0x00,
  0xe4, 0x00, 0x00, 0x00, 0xdc, 0x00, 0x00, 0x00, 0xd4, 0x00, 0x00, 0x00,
  0xcc, 0x00, 0x00, 0x00, 0xc4, 0x00, 0x00, 0x00, 0xbc, 0x00, 0x00, 0x00,
  0xb4, 0x00, 0x00, 0x00, 0xac, 0x00, 0x00, 0x00, 0xa4, 0x00, 0x00, 0x00,
  0x9c, 0x00, 0x00, 0x00, 0x94, 0x00, 0x00, 0x00, 0x8c, 0x00, 0x00, 0x00,
  0x6c, 0x00, 0x00, 0x00, 0x04, 0x00, 0x00, 0x00, 0x1a, 0xd2, 0xff, 0xff,
  0x04, 0x00, 0x00, 0x00, 0x58, 0x00, 0x00, 0x00, 0x0c, 0x00, 0x00, 0x00,
  0x08, 0x00, 0x0e, 0x00, 0x08, 0x00, 0x04, 0x00, 0x08, 0x00, 0x00, 0x00,
  0x10, 0x00, 0x00, 0x00, 0x28, 0x00, 0x00, 0x00, 0x00, 0x00, 0x06, 0x00,
  0x08, 0x00, 0x04, 0x00, 0x06, 0x00, 0x00, 0x00, 0x04, 0x00, 0x00, 0x00,
  0x01, 0x00, 0x00, 0x00, 0xeb, 0x03, 0x00, 0x00, 0x00, 0x00, 0x0a, 0x00,
  0x10, 0x00, 0x0c, 0x00, 0x08, 0x00, 0x04, 0x00, 0x0a, 0x00, 0x00, 0x00,
  0x03, 0x00, 0x00, 0x00, 0x02, 0x00, 0x00, 0x00, 0x04, 0x00, 0x00, 0x00,
  0x06, 0x00, 0x00, 0x00, 0x32, 0x2e, 0x31, 0x31, 0x2e, 0x31, 0x00, 0x00,
  0x7e, 0xd2, 0xff, 0xff, 0x04, 0x00, 0x00, 0x00, 0x10, 0x00, 0x00, 0x00,
  0x31, 0x2e, 0x31, 0x34, 0x2e, 0x30, 0x00, 0x00, 0x00, 0x00, 0x00, 0x00,
  0x00, 0x00, 0x00, 0x00, 0xe8, 0x67, 0xff, 0xff, 0xec, 0x67, 0xff, 0xff,
  0xf0, 0x67, 0xff, 0xff, 0xf4, 0x67, 0xff, 0xff, 0xf8, 0x67, 0xff, 0xff,
  0xfc, 0x67, 0xff, 0xff, 0x00, 0x68, 0xff, 0xff, 0x04, 0x68, 0xff, 0xff,
  0x08, 0x68, 0xff, 0xff, 0x0c, 0x68, 0xff, 0xff, 0x10, 0x68, 0xff, 0xff,
  0x14, 0x68, 0xff, 0xff, 0x18, 0x68, 0xff, 0xff, 0x1c, 0x68, 0xff, 0xff,
  0x20, 0x68, 0xff, 0xff, 0x24, 0x68, 0xff, 0xff, 0x28, 0x68, 0xff, 0xff,
  0x2c, 0x68, 0xff, 0xff, 0x30, 0x68, 0xff, 0xff, 0x34, 0x68, 0xff, 0xff,
  0x38, 0x68, 0xff, 0xff, 0x3c, 0x68, 0xff, 0xff, 0x40, 0x68, 0xff, 0xff,
  0x44, 0x68, 0xff, 0xff, 0x48, 0x68, 0xff, 0xff, 0x4c, 0x68, 0xff, 0xff,
  0x50, 0x68, 0xff, 0xff, 0x54, 0x68, 0xff, 0xff, 0x0a, 0xd3, 0xff, 0xff,
  0x04, 0x00, 0x00, 0x00, 0x48, 0x00, 0x00, 0x00, 0xc7, 0x32, 0x08, 0x81,
  0x79, 0xff, 0xd6, 0x2e, 0xff, 0x39, 0x7f, 0x23, 0xbb, 0xb0, 0xd4, 0x07,
  0xd6, 0x05, 0x20, 0x1c, 0xd2, 0x35, 0x46, 0x81, 0x16, 0x21, 0xc6, 0x2a,
  0x35, 0x14, 0x35, 0x4a, 0x1a, 0xb0, 0x81, 0xc7, 0x04, 0xcb, 0x2f, 0x10,
  0x81, 0x6f, 0x04, 0xdb, 0x1f, 0x01, 0xc7, 0x00, 0xff, 0x7f, 0x02, 0x01,
  0xb5, 0x00, 0xf0, 0xb3, 0x02, 0xe4, 0x81, 0xfb, 0xe7, 0xc1, 0x04, 0x2d,
  0x81, 0x1e, 0xec, 0xfa, 0xf4, 0xe6, 0x49, 0xf3, 0x5e, 0xd3, 0xff, 0xff,
  0x04, 0x00, 0x00, 0x00, 0x20, 0x00, 0x00, 0x00, 0x3f, 0x38, 0x00, 0x00,
  0xc7, 0x27, 0x00, 0x00, 0x55, 0xfd, 0xff, 0xff, 0x28, 0x6a, 0x00, 0x00,
  0xc4, 0x0b, 0x00, 0x00, 0xfc, 0x1c, 0x00, 0x00, 0xb9, 0x5a, 0x01, 0x00,
  0x50, 0x09, 0x00, 0x00, 0x8a, 0xd3, 0xff, 0xff, 0x04, 0x00, 0x00, 0x00,
  0x48, 0x00, 0x00, 0x00, 0xfd, 0x04, 0x15, 0x0e, 0x0d, 0x02, 0x08, 0x25,
  0x07, 0x09, 0xe2, 0x7f, 0xee, 0x03, 0xfb, 0x23, 0xfd, 0x03, 0xf9, 0x10,
  0x00, 0x05, 0xfa, 0x19, 0xf9, 0xff, 0x7f, 0xec, 0x7f, 0xfe, 0x8f, 0x2e,
  0x7f, 0x81, 0xa3, 0x0b, 0xab, 0x7f, 0xf1, 0x81, 0xe5, 0x01, 0x10, 0xed,
  0x00, 0xff, 0x7f, 0x2b, 0xff, 0x03, 0x0f, 0x02, 0x0b, 0xff, 0x0f, 0x24,
  0x02, 0x09, 0xdc, 0xfb, 0xf6, 0x01, 0xf6, 0x97, 0xff, 0x00, 0xf8, 0xfe,
  0x01, 0xfe, 0xfa, 0x29, 0xde, 0xd3, 0xff, 0xff, 0x04, 0x00, 0x00, 0x00,
  0x20, 0x00, 0x00, 0x00, 0x9b, 0xd6, 0xff, 0xff, 0x21, 0x23, 0x00, 0x00,
  0x8f, 0x00, 0x00, 0x00, 0x54, 0xce, 0xff, 0xff, 0x03, 0xfb, 0xff, 0xff,
  0x56, 0xc9, 0xff, 0xff, 0x60, 0x01, 0x00, 0x00, 0x5a, 0x00, 0x00, 0x00,
  0x0a, 0xd4, 0xff, 0xff, 0x04, 0x00, 0x00, 0x00, 0x40, 0x00, 0x00, 0x00,
  0xeb, 0xfd, 0xd1, 0xdc, 0xf3, 0x22, 0x81, 0xf9, 0x10, 0x56, 0xfc, 0x7f,
  0x09, 0xf8, 0xf6, 0xdc, 0x7f, 0x02, 0xe4, 0xc4, 0xb5, 0x35, 0x6e, 0xcd,
  0x11, 0x81, 0x2d, 0xac, 0x13, 0xa5, 0x20, 0x3a, 0x7f, 0xfd, 0xc8, 0xfc,
  0x1d, 0xff, 0x88, 0xd2, 0x04, 0xe3, 0x05, 0x23, 0x03, 0x81, 0x00, 0x0a,
  0x7f, 0xec, 0x6f, 0x07, 0x72, 0xe6, 0xf9, 0x0c, 0x81, 0xff, 0x9d, 0xfe,
  0x9c, 0x07, 0x21, 0x08, 0x56, 0xd4, 0xff, 0xff, 0x04, 0x00, 0x00, 0x00,
  0x20, 0x00, 0x00, 0x00, 0x4b, 0x10, 0x00, 0x00, 0xc0, 0xef, 0xff, 0xff,
  0xf4, 0xfc, 0xff, 0xff, 0x5e, 0x0b, 0x00, 0x00, 0xe2, 0x07, 0x00, 0x00,
  0x7e, 0x02, 0x00, 0x00, 0xf5, 0xf3, 0xff, 0xff, 0x68, 0x09, 0x00, 0x00,
  0x82, 0xd4, 0xff, 0xff, 0x04, 0x00, 0x00, 0x00, 0x80, 0x01, 0x00, 0x00,
  0xa1, 0x97, 0x10, 0x81, 0xcb, 0xf8, 0xfa, 0x01, 0x81, 0xf6, 0x62, 0x03,
  0xd3, 0x17, 0x03, 0x0b, 0x13, 0xf6, 0x20, 0x7f, 0x17, 0xe0, 0xea, 0x00,
  0x90, 0xb7, 0xe4, 0xf0, 0x22, 0x7f, 0xd0, 0xe0, 0xff, 0xdf, 0xf4, 0x01,
  0xfa, 0x0c, 0x81, 0xb9, 0x02, 0xdd, 0xed, 0x00, 0xf7, 0x0f, 0x81, 0xc2,
  0x7f, 0x0a, 0x10, 0xf4, 0xbc, 0x10, 0x03, 0xf8, 0x81, 0xe2, 0xf2, 0x00,
  0x43, 0x07, 0xff, 0x08, 0x15, 0x28, 0xf8, 0xf5, 0xe4, 0x81, 0x28, 0x14,
  0x49, 0x17, 0xf3, 0xf9, 0xe7, 0xfe, 0xfd, 0x7f, 0x74, 0xf0, 0x8c, 0x06,
  0xa9, 0xfc, 0x2f, 0x7f, 0x81, 0x72, 0x05, 0xe5, 0x60, 0xc7, 0x08, 0x19,
  0x7f, 0xe5, 0x9a, 0x0d, 0x39, 0xff, 0xfb, 0xe6, 0x7f, 0x0f, 0x14, 0xee,
  0xe4, 0x19, 0x0c, 0xef, 0x85, 0x9d, 0x69, 0xdf, 0x53, 0xed, 0xd2, 0x81,
  0x1f, 0x47, 0x00, 0xff, 0xf2, 0x81, 0xe8, 0x0e, 0xf6, 0xbc, 0x0a, 0x02,
  0x0c, 0x7f, 0x0c, 0x06, 0x0e, 0x81, 0xc4, 0xf5, 0xcc, 0x70, 0xb8, 0x00,
  0x26, 0xf2, 0xec, 0xf3, 0xee, 0x1e, 0x7f, 0xf3, 0xfb, 0x1a, 0xff, 0x81,
  0xf7, 0x22, 0x01, 0xf1, 0xaf, 0xe7, 0x4c, 0x07, 0x34, 0x5e, 0xfb, 0x81,
  0xeb, 0xfa, 0x24, 0xe9, 0xef, 0x08, 0x81, 0xaa, 0x4f, 0xff, 0x0e, 0x7f,
  0xf8, 0xf4, 0x38, 0x2a, 0x7f, 0xf5, 0x81, 0xf4, 0x1e, 0xee, 0x0b, 0x07,
  0xde, 0x0f, 0x20, 0x1e, 0x0b, 0x05, 0x81, 0xaa, 0x7f, 0x0b, 0xad, 0x0b,
  0x11, 0xfc, 0x0a, 0x17, 0x03, 0x39, 0xdb, 0x81, 0xe5, 0x18, 0x00, 0x03,
  0x7f, 0x09, 0x9d, 0x01, 0xa6, 0x28, 0x0f, 0x4e, 0x81, 0xf0, 0xf2, 0x13,
  0x34, 0x06, 0x00, 0x1d, 0xf7, 0x88, 0xf2, 0x81, 0xf7, 0x15, 0xf2, 0xe9,
  0xf8, 0x50, 0x7f, 0x25, 0x1e, 0xac, 0x6a, 0x21, 0xbf, 0xfe, 0x81, 0x29,
  0x07, 0xee, 0x55, 0x64, 0xfd, 0x86, 0x00, 0x81, 0xf6, 0x0d, 0xf7, 0xed,
  0x0b, 0x81, 0xff, 0x9d, 0x02, 0x0c, 0x00, 0xed, 0xe5, 0xd3, 0x1e, 0x9c,
  0x23, 0xc2, 0x7f, 0x56, 0x81, 0x09, 0x34, 0x09, 0x99, 0xed, 0x23, 0x55,
  0x81, 0x1d, 0x5e, 0x05, 0xe3, 0x1d, 0xea, 0x1a, 0x7f, 0x0c, 0xf7, 0xf8,
  0xb3, 0x15, 0xfe, 0x0f, 0xb4, 0x0e, 0x55, 0x28, 0x40, 0xc5, 0x33, 0x7f,
  0x81, 0xff, 0x49, 0x02, 0xbe, 0x0e, 0xf7, 0x03, 0xfd, 0x17, 0x29, 0xf3,
  0x19, 0xfc, 0x7f, 0x29, 0x7f, 0xf6, 0xb6, 0x01, 0x37, 0x10, 0x07, 0xf8,
  0xf2, 0x81, 0x21, 0xfc, 0x13, 0x09, 0xfd, 0xec, 0xf7, 0x69, 0x7f, 0xfb,
  0x24, 0xaa, 0x39, 0x13, 0x08, 0xf5, 0xfc, 0x76, 0x01, 0x81, 0xff, 0x03,
  0x7f, 0xde, 0x28, 0xf4, 0xbc, 0x6a, 0x07, 0x05, 0x10, 0x73, 0xe9, 0x65,
  0x05, 0x7f, 0x1a, 0x25, 0xef, 0x28, 0x0c, 0xe7, 0x1c, 0xdd, 0x7f, 0x4e,
  0x0e, 0xd6, 0xff, 0xff, 0x04, 0x00, 0x00, 0x00, 0xc0, 0x00, 0x00, 0x00,
  0xac, 0x2b, 0x00, 0x00, 0x71, 0x11, 0x00, 0x00, 0x67, 0x3b, 0x00, 0x00,
  0xc9, 0x0a, 0x00, 0x00, 0xd3, 0x12, 0x00, 0x00, 0xcf, 0x14, 0x00, 0x00,
  0x58, 0xef, 0xff, 0xff, 0xbd, 0x12, 0x00, 0x00, 0x23, 0x0b, 0x00, 0x00,
  0x4a, 0xf5, 0xff, 0xff, 0xf0, 0xf3, 0xff, 0xff, 0x39, 0x11, 0x00, 0x00,
  0x1c, 0xf1, 0xff, 0xff, 0xd2, 0xec, 0xff, 0xff, 0x3c, 0x23, 0x00, 0x00,
  0x39, 0x07, 0x00, 0x00, 0xf9, 0xf7, 0xff, 0xff, 0x8d, 0x0f, 0x00, 0x00,
  0x68, 0xf7, 0xff, 0xff, 0xcb, 0x0b, 0x00, 0x00, 0x45, 0x01, 0x00, 0x00,
  0x40, 0x12, 0x00, 0x00, 0xc3, 0xfd, 0xff, 0xff, 0x2f, 0xf5, 0xff, 0xff,
  0x82, 0xff, 0xff, 0xff, 0x48, 0xeb, 0xff, 0xff, 0xd2, 0x09, 0x00, 0x00,
  0x76, 0xf0, 0xff, 0xff, 0xaa, 0x0e, 0x00, 0x00, 0xb4, 0x1e, 0x00, 0x00,
  0xb3, 0x01, 0x00, 0x00, 0xe7, 0x00, 0x00, 0x00, 0xb2, 0x1d, 0x00, 0x00,
  0xc2, 0x28, 0x00, 0x00, 0x8c, 0x21, 0x00, 0x00, 0x2f, 0x10, 0x00, 0x00,
  0x48, 0x10, 0x00, 0x00, 0xe0, 0xed, 0xff, 0xff, 0xb4, 0x02, 0x00, 0x00,
  0x39, 0x11, 0x00, 0x00, 0x5d, 0xfc, 0xff, 0xff, 0x96, 0xed, 0xff, 0xff,
  0x5a, 0x0f, 0x00, 0x00, 0x09, 0x0a, 0x00, 0x00, 0xfc, 0x00, 0x00, 0x00,
  0xd1, 0xe6, 0xff, 0xff, 0xeb, 0xd1, 0xff, 0xff, 0x22, 0x08, 0x00, 0x00,
  0xda, 0xd6, 0xff, 0xff, 0x04, 0x00, 0x00, 0x00, 0xb0, 0x01, 0x00, 0x00,
  0xe2, 0xad, 0xa1, 0x4d, 0xaa, 0x05, 0xa7, 0xb0, 0x3d, 0x53, 0x51, 0xde,
  0xf9, 0x08, 0xc2, 0xcc, 0x73, 0xb8, 0x1b, 0xe1, 0xfe, 0x9c, 0xd4, 0xb4,
  0x58, 0x67, 0xff, 0x84, 0x00, 0xea, 0x3d, 0x52, 0x31, 0x46, 0x40, 0x1a,
  0x60, 0x56, 0x2e, 0x05, 0x81, 0xf2, 0x33, 0x2d, 0xde, 0x1b, 0xdf, 0xa1,
  0x5a, 0xf7, 0x25, 0x49, 0x82, 0x2b, 0xc2, 0x09, 0x60, 0x71, 0x68, 0x4c,
  0xf5, 0xba, 0x81, 0xa0, 0x7f, 0xe6, 0x6b, 0xc2, 0x95, 0x7f, 0x7f, 0x19,
  0x7f, 0x59, 0x2d, 0x91, 0xb1, 0xe1, 0xa6, 0x79, 0x5b, 0x7f, 0x63, 0x65,
  0xe8, 0x57, 0x39, 0xb9, 0x9f, 0xb0, 0x1e, 0xc8, 0xd0, 0x73, 0xce, 0x72,
  0x68, 0xfd, 0x35, 0x42, 0xb2, 0x0c, 0xde, 0xf4, 0x0f, 0x4b, 0x12, 0xe6,
  0xbb, 0xfb, 0xe7, 0xd9, 0x30, 0x54, 0x36, 0xfd, 0xc3, 0xe4, 0xac, 0x3c,
  0x17, 0x19, 0x1a, 0xd0, 0xf8, 0xe6, 0x1b, 0x30, 0x2c, 0x62, 0x02, 0x41,
  0xf8, 0x14, 0x2d, 0xf7, 0xca, 0xfd, 0x1c, 0x07, 0xf4, 0x26, 0xf6, 0xfb,
  0x25, 0x81, 0x79, 0x58, 0x5c, 0xb9, 0x81, 0x81, 0x79, 0x61, 0x5b, 0xd6,
  0xfe, 0xfa, 0xb4, 0xa3, 0x6b, 0x7f, 0x20, 0x99, 0xe3, 0x76, 0x1d, 0x81,
  0x6f, 0x7f, 0x6e, 0x81, 0xf9, 0x90, 0xbe, 0x5e, 0x6b, 0xf6, 0x63, 0x3d,
  0x23, 0x6b, 0x45, 0xfb, 0xf9, 0xe6, 0x60, 0x63, 0x91, 0x3d, 0x8a, 0x7d,
  0x7f, 0xf5, 0x0a, 0x7f, 0x7f, 0x81, 0x99, 0x05, 0x7f, 0x7f, 0x7f, 0x41,
  0xe0, 0x81, 0x8a, 0x81, 0x7f, 0x43, 0x7f, 0x81, 0x81, 0x87, 0x91, 0x27,
  0x75, 0x79, 0x7f, 0x8b, 0x81, 0x95, 0x7f, 0x7f, 0x7f, 0xfd, 0x7f, 0x7f,
  0xf8, 0x7f, 0x7f, 0x81, 0x04, 0x81, 0x7f, 0xab, 0x81, 0x7f, 0x81, 0x81,
  0x6a, 0xf8, 0x81, 0x3c, 0x5a, 0xc5, 0xd7, 0xf2, 0x17, 0x47, 0x1e, 0xed,
  0x81, 0xfc, 0xf8, 0xd8, 0x2d, 0xac, 0x48, 0xd6, 0xbe, 0x07, 0x4b, 0x41,
  0x23, 0x30, 0x04, 0xcc, 0xea, 0xb2, 0xdc, 0x23, 0x2a, 0xfc, 0x14, 0x46,
  0xfe, 0x10, 0x4a, 0xfb, 0xef, 0xf8, 0x40, 0xf0, 0xb7, 0x19, 0xd6, 0x11,
  0x3b, 0xb2, 0x05, 0x0d, 0x01, 0x41, 0xae, 0xad, 0x30, 0x13, 0x32, 0x3e,
  0x05, 0x05, 0xea, 0xeb, 0x21, 0xe0, 0x06, 0xd0, 0xf4, 0x08, 0x0b, 0xb1,
  0x2b, 0x36, 0x55, 0xe9, 0x07, 0x89, 0x12, 0x08, 0x32, 0xae, 0x4c, 0x1e,
  0x81, 0x1d, 0x0e, 0xfb, 0x1e, 0xf9, 0x4f, 0x81, 0xc1, 0x1e, 0xb2, 0xfa,
  0x38, 0x03, 0x04, 0x35, 0x0a, 0x5d, 0xd3, 0x00, 0x1f, 0x29, 0x2a, 0x81,
  0xef, 0xa7, 0xeb, 0xe5, 0x28, 0xfc, 0x2a, 0xbb, 0xd7, 0xf7, 0xe5, 0x15,
  0x21, 0x3d, 0x55, 0xdb, 0xae, 0x81, 0xed, 0x0d, 0x2e, 0xaa, 0x48, 0x1f,
  0x15, 0x3a, 0x3e, 0xd1, 0x7a, 0xc1, 0x67, 0x6e, 0xa1, 0x27, 0x85, 0x17,
  0xeb, 0xf5, 0xf9, 0x16, 0xee, 0x27, 0xea, 0xf5, 0x10, 0x0b, 0xf0, 0x2c,
  0xbc, 0xfe, 0x07, 0xfb, 0x07, 0x1e, 0x25, 0xf8, 0xe0, 0x15, 0x10, 0x20,
  0x14, 0x26, 0x1f, 0x03, 0xf4, 0xb9, 0x0e, 0xec, 0xf9, 0xd6, 0x0c, 0x0f,
  0x0a, 0xe9, 0x34, 0x09, 0x3e, 0x01, 0x20, 0xee, 0xed, 0x16, 0xec, 0xfc,
  0x96, 0xd8, 0xff, 0xff, 0x04, 0x00, 0x00, 0x00, 0xc0, 0x00, 0x00, 0x00,
  0x72, 0x04, 0x00, 0x00, 0x3c, 0x20, 0x00, 0x00, 0xe3, 0xfe, 0xff, 0xff,
  0xca, 0x00, 0x00, 0x00, 0x21, 0xfe, 0xff, 0xff, 0x76, 0x01, 0x00, 0x00,
  0xeb, 0x1a, 0x00, 0x00, 0x67, 0x1f, 0x00, 0x00, 0x44, 0x05, 0x00, 0x00,
  0x80, 0xe2, 0xff, 0xff, 0x33, 0xfd, 0xff, 0xff, 0x5b, 0xfd, 0xff, 0xff,
  0x25, 0x1a, 0x00, 0x00, 0xe4, 0x12, 0x00, 0x00, 0x9a, 0x45, 0x00, 0x00,
  0x5c, 0x41, 0x00, 0x00, 0x02, 0xf6, 0xff, 0xff, 0x32, 0xf1, 0xff, 0xff,
  0x92, 0x0f, 0x00, 0x00, 0x64, 0x07, 0x00, 0x00, 0x60, 0x3a, 0x00, 0x00,
  0xad, 0xfc, 0xff, 0xff, 0x7b, 0x01, 0x00, 0x00, 0xfd, 0x00, 0x00, 0x00,
  0xf5, 0x18, 0x00, 0x00, 0xd1, 0x06, 0x00, 0x00, 0x5b, 0x15, 0x00, 0x00,
  0x66, 0x4b, 0x00, 0x00, 0xf2, 0x1a, 0x00, 0x00, 0xc9, 0x28, 0x00, 0x00,
  0x68, 0xfb, 0xff, 0xff, 0xae, 0x0a, 0x00, 0x00, 0x7e, 0xff, 0xff, 0xff,
  0xd5, 0xf3, 0xff, 0xff, 0x2f, 0x00, 0x00, 0x00, 0x63, 0x05, 0x00, 0x00,
  0x73, 0x00, 0x00, 0x00, 0x0f, 0x00, 0x00, 0x00, 0xcb, 0x00, 0x00, 0x00,
  0x5e, 0x10, 0x00, 0x00, 0x80, 0x13, 0x00, 0x00, 0x20, 0x0f, 0x00, 0x00,
  0x64, 0xe5, 0xff, 0xff, 0x23, 0x04, 0x00, 0x00, 0x2f, 0x00, 0x00, 0x00,
  0x5a, 0x00, 0x00, 0x00, 0x7a, 0x29, 0x00, 0x00, 0xa9, 0xfa, 0xff, 0xff,
  0x62, 0xd9, 0xff, 0xff, 0x04, 0x00, 0x00, 0x00, 0x80, 0x01, 0x00, 0x00,
  0x2d, 0x6a, 0xdd, 0x40, 0xfe, 0xfe, 0xee, 0x0d, 0x41, 0xc5, 0x07, 0xe5,
  0x0c, 0x0c, 0xe3, 0xc6, 0xfb, 0xf0, 0x1c, 0x0f, 0xcc, 0xe4, 0xde, 0x07,
  0x0a, 0x0c, 0x1e, 0xfa, 0x10, 0x0a, 0xe9, 0x1e, 0xc3, 0x0d, 0x71, 0x81,
  0xe9, 0x16, 0xf2, 0x70, 0xe2, 0x0e, 0x08, 0xff, 0xf4, 0x23, 0x16, 0xd5,
  0x05, 0xca, 0x29, 0x32, 0xfa, 0xfa, 0xea, 0xec, 0x38, 0xd4, 0x63, 0x36,
  0x11, 0x07, 0xcf, 0xa6, 0x7f, 0x2d, 0x13, 0x06, 0xb7, 0x2a, 0x2d, 0xf5,
  0xcd, 0x9c, 0xe6, 0xcb, 0xf5, 0xba, 0x31, 0xd9, 0xfa, 0xe7, 0xe5, 0x13,
  0x0c, 0xf2, 0x60, 0xc7, 0xf3, 0x27, 0xc1, 0x2b, 0x53, 0x3e, 0x10, 0x3a,
  0x41, 0xea, 0xf5, 0xec, 0x61, 0x64, 0x3a, 0x4c, 0xec, 0x02, 0x02, 0xde,
  0xfb, 0x29, 0x3c, 0x1d, 0xea, 0xde, 0x32, 0xc6, 0xdd, 0xce, 0xd1, 0x33,
  0xa4, 0xa6, 0x6c, 0x0e, 0x38, 0xc9, 0xc3, 0x10, 0x81, 0x54, 0x5a, 0x0f,
  0xf3, 0x04, 0xfb, 0x0f, 0x21, 0x40, 0x09, 0xc3, 0xef, 0x0f, 0x2e, 0xd3,
  0x47, 0xdf, 0x10, 0xf4, 0x72, 0x7f, 0x1e, 0x2b, 0xd4, 0xe1, 0x18, 0x36,
  0x8b, 0x26, 0x48, 0x18, 0x03, 0x11, 0x45, 0x93, 0xa5, 0x12, 0x23, 0x53,
  0x01, 0xdd, 0x37, 0x16, 0x31, 0xc8, 0xfe, 0xf9, 0x85, 0x30, 0xba, 0x83,
  0x17, 0xdd, 0x38, 0xc8, 0x3d, 0xa9, 0x96, 0xe6, 0xc5, 0x29, 0xf0, 0x3e,
  0x26, 0x27, 0xe6, 0xd7, 0xf7, 0xf9, 0xe9, 0xf0, 0x07, 0xf9, 0xf5, 0xf2,
  0xe3, 0xe8, 0x3b, 0x33, 0xd6, 0xef, 0xe0, 0x28, 0x1b, 0xf2, 0xf1, 0x03,
  0xd2, 0xd9, 0x00, 0x36, 0xf5, 0x09, 0xeb, 0x1b, 0xe5, 0xf0, 0x1a, 0x81,
  0xf9, 0x1d, 0x07, 0x31, 0x0a, 0xf4, 0xf9, 0xe7, 0x2a, 0x04, 0x57, 0xeb,
  0x47, 0x3d, 0x9d, 0x31, 0x0d, 0x0c, 0xf2, 0x21, 0xa7, 0xc0, 0xbd, 0xeb,
  0x22, 0x13, 0x27, 0x16, 0x23, 0xc2, 0x2e, 0x7f, 0xaf, 0xd1, 0xc9, 0x35,
  0x1b, 0xe8, 0xe0, 0x49, 0x24, 0x1d, 0xc6, 0x01, 0x01, 0xfe, 0xc7, 0x00,
  0xf8, 0x13, 0xe1, 0x47, 0x0a, 0x4f, 0xf9, 0xd5, 0x7c, 0x1c, 0x0f, 0xc4,
  0xdf, 0xbc, 0x11, 0xd2, 0xdc, 0xdf, 0xb4, 0xbe, 0xde, 0xca, 0x90, 0x26,
  0xd1, 0xd0, 0x57, 0x4b, 0x81, 0x0d, 0x14, 0xe9, 0x0d, 0x31, 0x3d, 0x0b,
  0xf1, 0xf3, 0xc2, 0x53, 0xb5, 0xdf, 0x26, 0x41, 0x0b, 0xcb, 0x4f, 0x1f,
  0x14, 0x2a, 0xf2, 0xae, 0xee, 0xcb, 0xde, 0x0d, 0xd6, 0xed, 0xf1, 0x3a,
  0x4a, 0x10, 0xf0, 0x29, 0x07, 0x0a, 0x0c, 0x01, 0x4a, 0xf6, 0xf4, 0xeb,
  0x38, 0x06, 0xf7, 0xed, 0xce, 0xfd, 0xe0, 0x02, 0x03, 0xec, 0xe9, 0xe2,
  0x3f, 0x81, 0x0a, 0xfc, 0x03, 0x58, 0xed, 0x0c, 0xbd, 0x19, 0xcb, 0xd2,
  0xf3, 0x15, 0x1a, 0x17, 0x1c, 0x40, 0xe4, 0xeb, 0xd8, 0x1f, 0x2d, 0xe5,
  0xee, 0xda, 0xff, 0xff, 0x04, 0x00, 0x00, 0x00, 0x20, 0x00, 0x00, 0x00,
  0xf5, 0xd1, 0xff, 0xff, 0x8a, 0xff, 0xff, 0xff, 0x10, 0xcc, 0xff, 0xff,
  0xa3, 0x07, 0x00, 0x00, 0xe2, 0x08, 0x00, 0x00, 0xb6, 0xfb, 0xff, 0xff,
  0x80, 0x2a, 0x00, 0x00, 0xde, 0x07, 0x00, 0x00, 0x1a, 0xdb, 0xff, 0xff,
  0x04, 0x00, 0x00, 0x00, 0x80, 0x01, 0x00, 0x00, 0xf1, 0x24, 0x0d, 0x81,
  0x8a, 0x06, 0x27, 0x70, 0x6d, 0x0c, 0x03, 0xfb, 0xb5, 0x2e, 0x7f, 0x14,
  0xfa, 0x73, 0xde, 0xe4, 0xdb, 0x67, 0xd4, 0x81, 0x44, 0xc1, 0xab, 0x63,
  0x81, 0xef, 0xf6, 0xe1, 0x24, 0xc3, 0x29, 0xf2, 0x81, 0x08, 0x3e, 0x19,
  0xf9, 0x2c, 0xfa, 0xaf, 0x81, 0xfc, 0xdc, 0x0a, 0x3c, 0xe7, 0x20, 0x1a,
  0x7f, 0xea, 0xf8, 0x84, 0x0d, 0x23, 0x1b, 0x7f, 0x20, 0xf6, 0xf3, 0x1f,
  0x16, 0x1e, 0x10, 0xcc, 0x28, 0x7f, 0x11, 0xdd, 0x7f, 0x11, 0x01, 0x26,
  0xb0, 0xd4, 0x7d, 0x3d, 0x06, 0x41, 0xb8, 0xe4, 0x02, 0x7f, 0x5c, 0xc0,
  0xf9, 0xdc, 0x81, 0x61, 0xc3, 0x24, 0xea, 0x45, 0x98, 0x9d, 0x34, 0x37,
  0x23, 0x81, 0xcf, 0x13, 0x28, 0x1d, 0x23, 0x33, 0xcb, 0x7f, 0x11, 0xdf,
  0xfd, 0xaa, 0xf9, 0xf3, 0xbc, 0xc2, 0x81, 0x64, 0xb3, 0x27, 0x02, 0x02,
  0x5a, 0x02, 0x81, 0xd5, 0x68, 0x4e, 0xa8, 0x82, 0x52, 0x7f, 0x7a, 0x33,
  0x94, 0x7d, 0x81, 0x2b, 0xf5, 0xef, 0x1a, 0x8c, 0x1e, 0xf6, 0x94, 0x7f,
  0xfe, 0xd0, 0xd5, 0xc3, 0x78, 0x05, 0x0d, 0x28, 0xc8, 0x15, 0x7f, 0x32,
  0x2c, 0xbd, 0xa3, 0x7f, 0x28, 0xeb, 0xf0, 0xbd, 0x1b, 0x29, 0x7f, 0xa6,
  0x28, 0xdf, 0x0e, 0xaa, 0xb2, 0xe7, 0x81, 0x3b, 0xdb, 0x25, 0x12, 0x6b,
  0x4a, 0x1b, 0x17, 0x3b, 0x81, 0x74, 0x4d, 0xd6, 0xf8, 0xfe, 0x81, 0x48,
  0xde, 0x1b, 0x26, 0x48, 0x2d, 0xd7, 0xc1, 0x7f, 0x38, 0x02, 0xd4, 0xf6,
  0xaa, 0x1c, 0x7f, 0xa4, 0xe1, 0x23, 0x38, 0xfb, 0xba, 0x50, 0x7f, 0xff,
  0x1c, 0xf6, 0x55, 0x13, 0xcf, 0xa6, 0x1c, 0x81, 0xe9, 0x0d, 0xf6, 0xe3,
  0xad, 0x9f, 0xf6, 0x62, 0x04, 0x81, 0xf2, 0x53, 0x81, 0x25, 0x61, 0xf3,
  0x1d, 0x21, 0x4e, 0x0f, 0xc6, 0x33, 0x52, 0x81, 0xd2, 0x11, 0x1d, 0x41,
  0xc8, 0x40, 0x67, 0x89, 0x1b, 0xfd, 0xfb, 0x7f, 0x03, 0x68, 0xce, 0x32,
  0x1a, 0x0e, 0x81, 0xde, 0x53, 0x11, 0x7f, 0xa2, 0xa6, 0x9c, 0x39, 0xe0,
  0x5d, 0xf8, 0x2c, 0x7f, 0x53, 0xb3, 0x18, 0x8f, 0x18, 0x45, 0x7f, 0x8d,
  0x22, 0xe6, 0x39, 0x82, 0xd1, 0xce, 0x6e, 0x48, 0x05, 0x81, 0x59, 0xf8,
  0x4e, 0x02, 0x4f, 0x2e, 0xe4, 0xd2, 0x7f, 0x22, 0x2b, 0xc2, 0xd9, 0x05,
  0x81, 0x09, 0x4a, 0x36, 0xdf, 0x14, 0x81, 0x63, 0xd4, 0x37, 0xcc, 0x54,
  0x93, 0xef, 0xcc, 0xfd, 0x7f, 0x1c, 0xa2, 0x12, 0xae, 0x40, 0xee, 0xde,
  0x7f, 0x20, 0x8c, 0xc7, 0x7f, 0x71, 0xe4, 0x74, 0x07, 0x97, 0x32, 0x47,
  0xf1, 0x13, 0x4a, 0x12, 0x1e, 0x81, 0x1c, 0xea, 0xf6, 0xad, 0x7d, 0x4a,
  0xe8, 0xe9, 0x81, 0x11, 0x20, 0x94, 0x81, 0x2b, 0xab, 0x19, 0xf8, 0xfa,
  0x9a, 0xeb, 0x26, 0xee, 0x49, 0x2f, 0x81, 0xda, 0xa6, 0xdc, 0xff, 0xff,
  0x04, 0x00, 0x00, 0x00, 0xc0, 0x00, 0x00, 0x00, 0x46, 0x1c, 0x00, 0x00,
  0xdd, 0x06, 0x00, 0x00, 0xd4, 0x64, 0x00, 0x00, 0x95, 0xf8, 0xff, 0xff,
  0x6b, 0xfd, 0xff, 0xff, 0xe2, 0x18, 0x00, 0x00, 0x74, 0xfc, 0xff, 0xff,
  0xcf, 0x04, 0x00, 0x00, 0xe2, 0x08, 0x00, 0x00, 0x60, 0x00, 0x00, 0x00,
  0xc3, 0x18, 0x00, 0x00, 0xc7, 0x00, 0x00, 0x00, 0x57, 0x07, 0x00, 0x00,
  0x60, 0x0e, 0x00, 0x00, 0x4c, 0x09, 0x00, 0x00, 0x56, 0x0c, 0x00, 0x00,
  0xbf, 0x05, 0x00, 0x00, 0x4e, 0x0b, 0x00, 0x00, 0xbf, 0xfd, 0xff, 0xff,
  0x60, 0x10, 0x00, 0x00, 0xc6, 0x04, 0x00, 0x00, 0x50, 0x00, 0x00, 0x00,
  0x81, 0x04, 0x00, 0x00, 0x72, 0x30, 0x00, 0x00, 0xbd, 0x76, 0x00, 0x00,
  0x22, 0x11, 0x00, 0x00, 0xe6, 0x10, 0x00, 0x00, 0xac, 0xfb, 0xff, 0xff,
  0x8a, 0xff, 0xff, 0xff, 0x8a, 0x16, 0x00, 0x00, 0x42, 0x17, 0x00, 0x00,
  0x05, 0x24, 0x00, 0x00, 0xcb, 0x28, 0x00, 0x00, 0xdd, 0x0d, 0x00, 0x00,
  0xc3, 0x15, 0x00, 0x00, 0x76, 0xfa, 0xff, 0xff, 0xae, 0x01, 0x00, 0x00,
  0x0e, 0x08, 0x00, 0x00, 0x03, 0x1d, 0x00, 0x00, 0x85, 0x17, 0x00, 0x00,
  0x1c, 0x02, 0x00, 0x00, 0x5c, 0x2c, 0x00, 0x00, 0x67, 0x2a, 0x00, 0x00,
  0xe4, 0x0f, 0x00, 0x00, 0x1c, 0x20, 0x00, 0x00, 0xbc, 0x06, 0x00, 0x00,
  0x91, 0x0d, 0x00, 0x00, 0x82, 0x03, 0x00, 0x00, 0x72, 0xdd, 0xff, 0xff,
  0x04, 0x00, 0x00, 0x00, 0xb0, 0x01, 0x00, 0x00, 0xf8, 0xdd, 0x28, 0xea,
  0x7f, 0xf3, 0xed, 0xf7, 0xe7, 0x31, 0xfe, 0x0f, 0x36, 0x0a, 0x7f, 0xdd,
  0x1d, 0xff, 0xd3, 0xef, 0xdf, 0xeb, 0xb4, 0x17, 0x89, 0x2b, 0x21, 0xd9,
  0xfc, 0x1a, 0xf7, 0xfb, 0xeb, 0x0b, 0x10, 0xf9, 0x50, 0x36, 0x23, 0xfa,
  0x4c, 0x0c, 0xf3, 0x02, 0x9c, 0xfa, 0xd6, 0xdb, 0x06, 0xaa, 0xb7, 0xec,
  0xda, 0xf7, 0x22, 0x17, 0x13, 0x04, 0x49, 0x7f, 0xf1, 0x2d, 0xbd, 0x7f,
  0x12, 0xc7, 0x0e, 0xce, 0xbb, 0x81, 0xb2, 0x47, 0x81, 0xb6, 0x19, 0x73,
  0x15, 0x31, 0x7f, 0x0b, 0x81, 0x89, 0xd1, 0x20, 0x7f, 0xa6, 0x7f, 0x10,
  0x41, 0xf3, 0xe9, 0xfa, 0xcf, 0xfa, 0x40, 0x02, 0x09, 0xf3, 0xf5, 0x7f,
  0x2e, 0x01, 0xa7, 0x02, 0xe7, 0xda, 0xec, 0xf4, 0x3f, 0xf1, 0xb7, 0xd6,
  0x1b, 0x29, 0xf7, 0xf7, 0xff, 0xff, 0xdc, 0x08, 0xcb, 0xc7, 0xe7, 0x1a,
  0x08, 0x25, 0xa5, 0xf7, 0x0e, 0x3f, 0x10, 0x16, 0x01, 0x64, 0x85, 0x03,
  0x2b, 0xf9, 0xf8, 0x20, 0x81, 0xfd, 0xbd, 0x2c, 0x8f, 0xd0, 0x7f, 0xff,
  0xde, 0xd6, 0x4b, 0x16, 0x17, 0x61, 0x10, 0x0f, 0x1d, 0x20, 0x72, 0x20,
  0x2c, 0x81, 0x7d, 0x26, 0x4d, 0xf5, 0x2b, 0xd8, 0xfb, 0xea, 0x28, 0xcf,
  0x1c, 0x39, 0x29, 0x34, 0x26, 0xa6, 0x01, 0x7f, 0x0a, 0x20, 0xd6, 0x94,
  0x1a, 0x5b, 0xee, 0xab, 0x1c, 0xad, 0xc1, 0x12, 0x7f, 0xd2, 0xb3, 0xbf,
  0x06, 0x81, 0x7f, 0x7f, 0x7f, 0x12, 0x7f, 0xdd, 0x81, 0x1a, 0xe2, 0xda,
  0x7f, 0x8e, 0x7f, 0x7f, 0x7f, 0x56, 0x7f, 0x81, 0x0c, 0xed, 0x63, 0xf9,
  0x7f, 0x7f, 0x81, 0x7f, 0x19, 0x81, 0x7f, 0x98, 0xc2, 0x7f, 0x9b, 0x7f,
  0x81, 0x81, 0x7f, 0x81, 0x60, 0x81, 0x7f, 0x84, 0xf2, 0xaa, 0x0d, 0x45,
  0xeb, 0xee, 0xc4, 0x0f, 0xf3, 0x81, 0xdf, 0x2f, 0x50, 0x03, 0xce, 0x2e,
  0x17, 0x0a, 0xf3, 0x0c, 0x02, 0xe5, 0x22, 0xe3, 0xff, 0x0b, 0x81, 0x47,
  0xbf, 0x0c, 0x51, 0x13, 0xf0, 0x93, 0xef, 0xdb, 0x3b, 0x11, 0x77, 0x0e,
  0x2e, 0x35, 0xd3, 0x06, 0x33, 0xe1, 0xbf, 0x7f, 0xf9, 0x76, 0x1b, 0xe9,
  0x42, 0x10, 0xd2, 0xf0, 0xe8, 0x1a, 0xff, 0x03, 0x22, 0x17, 0x50, 0x08,
  0xfe, 0x0f, 0x0b, 0xcd, 0xf3, 0x09, 0xf9, 0x07, 0xed, 0xef, 0x21, 0xf7,
  0xce, 0x9d, 0xfa, 0xfc, 0xff, 0x35, 0xef, 0x24, 0xcb, 0x1a, 0x0b, 0x6c,
  0x05, 0x10, 0xfe, 0x07, 0x1b, 0x02, 0xeb, 0xd5, 0x03, 0x61, 0xcf, 0x10,
  0x1a, 0xe9, 0xfb, 0x1e, 0x1e, 0x14, 0x17, 0xe5, 0x14, 0x7f, 0xb3, 0xb8,
  0x0a, 0xe4, 0x77, 0xad, 0xd8, 0x50, 0xfb, 0x2b, 0x49, 0x7f, 0xfe, 0x7f,
  0xba, 0x95, 0xef, 0xfc, 0x57, 0x82, 0xaf, 0xfd, 0xc0, 0xbb, 0xe1, 0x8d,
  0x36, 0xe7, 0xc6, 0x4c, 0x35, 0x1b, 0x12, 0x07, 0x0c, 0x7f, 0xf0, 0x21,
  0x17, 0x04, 0xb6, 0xfe, 0xef, 0xee, 0xff, 0xfe, 0x28, 0xfd, 0xbc, 0x00,
  0x01, 0x08, 0xd1, 0xe1, 0xfb, 0x04, 0xf8, 0xf9, 0xd0, 0x21, 0xd2, 0x06,
  0x21, 0xbb, 0x16, 0xff, 0x04, 0x2f, 0x05, 0xf2, 0xd8, 0x39, 0x07, 0x06,
  0xed, 0xf8, 0x00, 0xf1, 0x12, 0x06, 0xfd, 0x23, 0x2e, 0xdf, 0xff, 0xff,
  0x04, 0x00, 0x00, 0x00, 0xc0, 0x00, 0x00, 0x00, 0x95, 0xfd, 0xff, 0xff,
  0xfb, 0xfd, 0xff, 0xff, 0xf9, 0x03, 0x00, 0x00, 0x92, 0xff, 0xff, 0xff,
  0x89, 0xfe, 0xff, 0xff, 0x9d, 0x27, 0x00, 0x00, 0x4f, 0x02, 0x00, 0x00,
  0x3d, 0xee, 0xff, 0xff, 0x29, 0xe9, 0xff, 0xff, 0xa1, 0xfb, 0xff, 0xff,
  0xcc, 0xe0, 0xff, 0xff, 0x85, 0xfd, 0xff, 0xff, 0x8f, 0xf6, 0xff, 0xff,
  0xd3, 0xeb, 0xff, 0xff, 0x45, 0xfb, 0xff, 0xff, 0x06, 0xfc, 0xff, 0xff,
  0xaf, 0xd6, 0xff, 0xff, 0x81, 0x33, 0x00, 0x00, 0x82, 0xef, 0xff, 0xff,
  0x24, 0x03, 0x00, 0x00, 0x8b, 0xfb, 0xff, 0xff, 0xd8, 0xfe, 0xff, 0xff,
  0x34, 0x00, 0x00, 0x00, 0x75, 0x07, 0x00, 0x00, 0xb3, 0x47, 0x00, 0x00,
  0x22, 0xfc, 0xff, 0xff, 0x9c, 0xfb, 0xff, 0xff, 0x62, 0xfc, 0xff, 0xff,
  0xdc, 0xfe, 0xff, 0xff, 0x42, 0xf8, 0xff, 0xff, 0xf9, 0xfd, 0xff, 0xff,
  0xc2, 0xe2, 0xff, 0xff, 0x68, 0xff, 0xff, 0xff, 0x3d, 0x36, 0x00, 0x00,
  0x6a, 0xfe, 0xff, 0xff, 0x58, 0x18, 0x00, 0x00, 0xc7, 0xfe, 0xff, 0xff,
  0xd4, 0xf6, 0xff, 0xff, 0xd1, 0xfe, 0xff, 0xff, 0xb4, 0xf8, 0xff, 0xff,
  0xb8, 0xeb, 0xff, 0xff, 0x8a, 0x00, 0x00, 0x00, 0x74, 0x10, 0x00, 0x00,
  0x70, 0x12, 0x00, 0x00, 0x60, 0xfe, 0xff, 0xff, 0x48, 0x1f, 0x00, 0x00,
  0xc1, 0x01, 0x00, 0x00, 0x7c, 0xf8, 0xff, 0xff, 0xfa, 0xdf, 0xff, 0xff,
  0x04, 0x00, 0x00, 0x00, 0x80, 0x01, 0x00, 0x00, 0x2a, 0xca, 0x69, 0x45,
  0x28, 0xd3, 0x16, 0x09, 0xf9, 0x3b, 0xdb, 0x0d, 0xcd, 0xa5, 0x28, 0x09,
  0x81, 0x40, 0xe2, 0x40, 0xd6, 0x46, 0x06, 0xe8, 0x01, 0xd6, 0x3f, 0xe6,
  0xee, 0x17, 0xe0, 0x6f, 0xba, 0xf4, 0xe4, 0xb0, 0xc7, 0xd2, 0xd8, 0xfb,
  0xf5, 0x3a, 0x86, 0x07, 0x38, 0x12, 0x1c, 0x34, 0xc4, 0xe7, 0x42, 0xfd,
  0xea, 0x1e, 0xe2, 0xdf, 0x2d, 0xfc, 0xfd, 0xe2, 0xee, 0x0e, 0xfb, 0x12,
  0x01, 0x11, 0x14, 0xf5, 0xc7, 0xe6, 0xb1, 0xea, 0x1b, 0xdc, 0xe4, 0xe2,
  0x1b, 0xb4, 0xf8, 0x81, 0xfe, 0xc5, 0xb8, 0xb7, 0xd8, 0xb0, 0xe9, 0x15,
  0x32, 0xed, 0x56, 0x9a, 0xd4, 0xf2, 0xe6, 0xf8, 0xc5, 0x63, 0xf8, 0x1e,
  0x02, 0x0d, 0x13, 0xcf, 0x55, 0xcc, 0x4a, 0x4b, 0x6f, 0x0b, 0x23, 0xc5,
  0x73, 0x03, 0xfc, 0x28, 0xf6, 0x11, 0x0c, 0x7f, 0x89, 0xd0, 0x02, 0xea,
  0x06, 0x54, 0xea, 0xa8, 0xed, 0xfb, 0xff, 0xb2, 0xe6, 0x0b, 0xdd, 0xef,
  0x4d, 0xa9, 0x0e, 0x06, 0x1b, 0x86, 0xf8, 0xf5, 0x3a, 0xed, 0xc5, 0x21,
  0x5b, 0xa9, 0x05, 0x92, 0xe0, 0x00, 0xc1, 0xb0, 0xe9, 0x7f, 0xf9, 0x0b,
  0xcc, 0xf1, 0xbe, 0xce, 0x1f, 0x53, 0xfa, 0xce, 0x6a, 0x25, 0x32, 0xbe,
  0x1a, 0xa3, 0x3e, 0xc0, 0x2f, 0x49, 0x76, 0xb1, 0xd2, 0x18, 0xe8, 0x2b,
  0x1d, 0x56, 0xb6, 0x14, 0xff, 0x19, 0x0c, 0x24, 0xc9, 0x1d, 0xd1, 0x51,
  0x6d, 0xdd, 0x27, 0xd4, 0xd5, 0xfa, 0xbc, 0x2d, 0xc8, 0xf5, 0x03, 0xc5,
  0x0c, 0x48, 0xe0, 0xcc, 0xd0, 0x22, 0xb9, 0xb9, 0x09, 0xf1, 0x16, 0xd0,
  0x20, 0xd6, 0xe0, 0x42, 0xf6, 0x5e, 0xb9, 0xaa, 0xc2, 0xb5, 0xd4, 0x01,
  0x52, 0xc9, 0x7f, 0x12, 0xf8, 0x5a, 0xc9, 0xc8, 0x35, 0x01, 0x58, 0xf9,
  0xf5, 0x14, 0x3a, 0x24, 0x7f, 0xfb, 0x4c, 0x08, 0x46, 0x3e, 0x21, 0xc0,
  0xeb, 0x26, 0x20, 0xcb, 0xc5, 0xb3, 0x0b, 0x2e, 0x12, 0xf8, 0x1c, 0x28,
  0xd6, 0xe9, 0x12, 0xeb, 0xeb, 0x39, 0xf1, 0x3c, 0x33, 0xfd, 0xe2, 0xd4,
  0xfc, 0x4c, 0x1f, 0x22, 0xe7, 0xf2, 0x4e, 0x0b, 0xfe, 0xac, 0xe1, 0x01,
  0x23, 0xf7, 0x04, 0x0e, 0xca, 0xe7, 0x6b, 0x45, 0x6b, 0x44, 0xe2, 0x39,
  0x67, 0x81, 0xe3, 0xf6, 0xed, 0xd7, 0x95, 0x2d, 0xa5, 0x3d, 0xd1, 0xf8,
  0xf3, 0xcf, 0x50, 0xc3, 0x5f, 0x1f, 0xc1, 0xeb, 0xd7, 0x01, 0x3f, 0x0d,
  0x56, 0xb4, 0xf9, 0xa7, 0x83, 0x29, 0xd9, 0x1c, 0xf3, 0xf5, 0xc3, 0xd9,
  0x09, 0x6b, 0xfa, 0xf8, 0xfe, 0xc7, 0x81, 0x96, 0x37, 0x2a, 0xce, 0xd5,
  0xe2, 0x18, 0x5e, 0x1e, 0xfb, 0xc2, 0x39, 0xf2, 0x6b, 0xe3, 0xb4, 0x56,
  0xe1, 0xfd, 0xf0, 0xb3, 0xd2, 0x4a, 0x2b, 0x6d, 0x50, 0xd3, 0xeb, 0xdf,
  0xdd, 0xf7, 0x21, 0xef, 0xf9, 0xec, 0xfe, 0xc7, 0x86, 0xe1, 0xff, 0xff,
  0x04, 0x00, 0x00, 0x00, 0x20, 0x00, 0x00, 0x00, 0xc2, 0x28, 0x00, 0x00,
  0xfb, 0x35, 0x00, 0x00, 0x18, 0x13, 0x00, 0x00, 0x63, 0x14, 0x00, 0x00,
  0xf1, 0x0a, 0x00, 0x00, 0xe3, 0xc8, 0xff, 0xff, 0xa9, 0x16, 0x00, 0x00,
  0x7a, 0xe5, 0xff, 0xff, 0xb2, 0xe1, 0xff, 0xff, 0x04, 0x00, 0x00, 0x00,
  0x80, 0x01, 0x00, 0x00, 0x29, 0x1a, 0xc5, 0x1a, 0xd8, 0x48, 0x81, 0x07,
  0x08, 0xcb, 0x89, 0x02, 0xfd, 0xee, 0x7f, 0x93, 0x81, 0xcd, 0xc1, 0xd3,
  0xe1, 0x30, 0x94, 0xef, 0xc6, 0xe7, 0x19, 0xe8, 0xf4, 0x81, 0x81, 0xf3,
  0xdc, 0x81, 0xd1, 0x1a, 0x3c, 0x19, 0xda, 0xd3, 0x3d, 0xde, 0x59, 0x20,
  0x81, 0x3d, 0xbd, 0xa0, 0x2f, 0x81, 0xbf, 0xe1, 0xf8, 0x41, 0xcf, 0xad,
  0xe4, 0xb4, 0xbe, 0xd2, 0x4c, 0x81, 0xfa, 0x17, 0x27, 0x35, 0x35, 0x44,
  0x18, 0xca, 0x01, 0x7f, 0xea, 0xbf, 0xd1, 0x0e, 0x2c, 0xf4, 0x7f, 0xf3,
  0xeb, 0x0a, 0x81, 0x22, 0x1a, 0x15, 0x68, 0x89, 0x03, 0xe7, 0xd6, 0xfe,
  0x81, 0x13, 0x00, 0x37, 0x5c, 0x39, 0xe9, 0x31, 0xad, 0x7f, 0x56, 0xf0,
  0xcb, 0xf1, 0x13, 0xf5, 0x23, 0x81, 0x08, 0x3b, 0x93, 0xd5, 0x0c, 0x1f,
  0x10, 0x48, 0x88, 0x81, 0x3c, 0x49, 0x30, 0x0f, 0x89, 0x31, 0x7f, 0xc3,
  0x01, 0xce, 0x0a, 0x56, 0x02, 0xc7, 0x0f, 0x81, 0xb1, 0x7f, 0x1d, 0xfa,
  0xbe, 0xce, 0xa9, 0xa2, 0x5e, 0x76, 0x9f, 0xa1, 0x69, 0x7f, 0xbc, 0x8d,
  0xea, 0x50, 0xef, 0x0e, 0x81, 0x0c, 0xb7, 0x99, 0x81, 0xfe, 0x0d, 0x08,
  0x1c, 0x17, 0x70, 0x30, 0xe7, 0x00, 0x2c, 0x0f, 0xb1, 0x8f, 0x81, 0x16,
  0xfb, 0xd5, 0xd2, 0xf9, 0x81, 0x01, 0x0a, 0x41, 0x3d, 0x04, 0xeb, 0xfb,
  0x7f, 0x40, 0xad, 0x4b, 0x7f, 0x0c, 0xc6, 0x1f, 0xab, 0x01, 0x06, 0xfe,
  0x14, 0xc5, 0x34, 0x65, 0xcc, 0x81, 0x0f, 0x61, 0x23, 0x7f, 0x10, 0x49,
  0x57, 0xec, 0x19, 0xea, 0x81, 0x67, 0x3f, 0xf4, 0x79, 0xc7, 0x0b, 0x54,
  0xbf, 0xb5, 0xc8, 0xe0, 0x54, 0x81, 0x11, 0xf0, 0xc8, 0xdb, 0x27, 0x37,
  0x7f, 0x9d, 0xb8, 0x41, 0x7f, 0x26, 0x8c, 0xab, 0xbc, 0xaa, 0xb7, 0xbd,
  0x18, 0x03, 0x23, 0x42, 0x81, 0x07, 0x21, 0x00, 0x7f, 0x0d, 0x36, 0x22,
  0xd5, 0xbc, 0x53, 0x44, 0x7f, 0x26, 0xd3, 0x0b, 0x81, 0xb3, 0x1b, 0x3c,
  0x30, 0xfb, 0xeb, 0x19, 0xda, 0x7f, 0x0e, 0xaf, 0x7f, 0x2c, 0xe8, 0xeb,
  0x31, 0x93, 0x1f, 0x7d, 0xd8, 0xd6, 0x40, 0xa5, 0xe1, 0xf7, 0x4f, 0x81,
  0x56, 0xbf, 0x32, 0x3d, 0x70, 0xf9, 0x21, 0x81, 0x42, 0x7f, 0x07, 0xe0,
  0xe9, 0x11, 0x16, 0x52, 0x0e, 0x08, 0xa5, 0x48, 0xed, 0xc9, 0xb8, 0x7f,
  0xed, 0xe3, 0xfb, 0xd5, 0x17, 0x81, 0x12, 0x32, 0xe6, 0x22, 0x81, 0xca,
  0x50, 0x6c, 0x40, 0x92, 0x2c, 0xc4, 0xd4, 0x1b, 0x4c, 0x7f, 0x23, 0x40,
  0x00, 0x30, 0xe2, 0x1a, 0x81, 0xa1, 0x36, 0xcf, 0x81, 0xcc, 0xf4, 0xe5,
  0x36, 0x38, 0x97, 0xae, 0xbe, 0x3d, 0xc1, 0x18, 0x23, 0x04, 0xc0, 0x7f,
  0xe0, 0x43, 0x7f, 0xf8, 0xce, 0xb8, 0xd1, 0x2d, 0x8d, 0x81, 0xd7, 0xda,
  0x61, 0x77, 0xec, 0x52, 0x3e, 0xe3, 0xff, 0xff, 0x04, 0x00, 0x00, 0x00,
  0xc0, 0x00, 0x00, 0x00, 0x7d, 0xf8, 0xff, 0xff, 0x4d, 0x13, 0x00, 0x00,
  0x37, 0x11, 0x00, 0x00, 0x99, 0xfc, 0xff, 0xff, 0x0d, 0x00, 0x00, 0x00,
  0xd5, 0x26, 0x00, 0x00, 0xbf, 0x0e, 0x00, 0x00, 0xd3, 0x05, 0x00, 0x00,
  0x9c, 0x23, 0x00, 0x00, 0x8c, 0x05, 0x00, 0x00, 0x91, 0xf3, 0xff, 0xff,
  0xbd, 0x06, 0x00, 0x00, 0x06, 0x0f, 0x00, 0x00, 0x3b, 0x07, 0x00, 0x00,
  0xe3, 0xfe, 0xff, 0xff, 0xb9, 0x03, 0x00, 0x00, 0x1a, 0xfa, 0xff, 0xff,
  0xc3, 0x18, 0x00, 0x00, 0xdf, 0xf3, 0xff, 0xff, 0x39, 0xfc, 0xff, 0xff,
  0x48, 0x04, 0x00, 0x00, 0x43, 0x04, 0x00, 0x00, 0x92, 0x01, 0x00, 0x00,
  0x0c, 0xfe, 0xff, 0xff, 0x72, 0x00, 0x00, 0x00, 0xb9, 0x08, 0x00, 0x00,
  0xf8, 0xf7, 0xff, 0xff, 0xe6, 0xfb, 0xff, 0xff, 0xe8, 0xfd, 0xff, 0xff,
  0x70, 0xf6, 0xff, 0xff, 0x66, 0x2b, 0x00, 0x00, 0xc8, 0x09, 0x00, 0x00,
  0x26, 0x03, 0x00, 0x00, 0x1d, 0x05, 0x00, 0x00, 0x05, 0x01, 0x00, 0x00,
  0xad, 0x07, 0x00, 0x00, 0x74, 0x06, 0x00, 0x00, 0x0b, 0x1e, 0x00, 0x00,
  0x2c, 0x04, 0x00, 0x00, 0x00, 0x03, 0x00, 0x00, 0x6c, 0x25, 0x00, 0x00,
  0x78, 0xf6, 0xff, 0xff, 0x74, 0x01, 0x00, 0x00, 0xb7, 0x04, 0x00, 0x00,
  0xde, 0xfa, 0xff, 0xff, 0x64, 0xf7, 0xff, 0xff, 0x75, 0x3d, 0x00, 0x00,
  0x5b, 0x08, 0x00, 0x00, 0x0a, 0xe4, 0xff, 0xff, 0x04, 0x00, 0x00, 0x00,
  0xb0, 0x01, 0x00, 0x00, 0x44, 0xc0, 0xd9, 0x26, 0x4d, 0x23, 0xc2, 0xa5,
  0x22, 0x57, 0x75, 0xc6, 0xde, 0x5f, 0x50, 0x53, 0x60, 0x9f, 0x54, 0x55,
  0x92, 0xb9, 0x2d, 0x68, 0xdb, 0xef, 0x4f, 0x4b, 0x3d, 0x7f, 0xca, 0x42,
  0x20, 0xe3, 0x8d, 0xc9, 0x5e, 0xb8, 0x3e, 0x19, 0xa2, 0x5d, 0x15, 0x8f,
  0x71, 0x7f, 0x39, 0xbf, 0x6a, 0xb1, 0xb1, 0x3e, 0x59, 0x2a, 0xc7, 0xb9,
  0x2d, 0x62, 0x7f, 0xa7, 0xcb, 0x60, 0x55, 0x62, 0x54, 0x91, 0x4c, 0x74,
  0xa6, 0x93, 0x3c, 0x74, 0xcf, 0xcc, 0x5b, 0x64, 0x50, 0x75, 0xbb, 0x51,
  0x3b, 0xbf, 0x81, 0xd9, 0x6b, 0xb1, 0x42, 0x29, 0x8d, 0x64, 0x0f, 0x98,
  0x7c, 0x7b, 0x3e, 0xa6, 0x3c, 0xdc, 0xc1, 0x10, 0x18, 0xfe, 0xda, 0xe1,
  0x14, 0x26, 0x24, 0xdc, 0xe8, 0x2d, 0x16, 0x2c, 0x04, 0xe6, 0x22, 0x27,
  0xeb, 0xc5, 0x24, 0x42, 0xe9, 0xf7, 0x23, 0x1e, 0x21, 0x4d, 0xee, 0x0a,
  0x19, 0xf4, 0xc6, 0xf0, 0x38, 0xd2, 0x03, 0x22, 0xe4, 0x2c, 0x09, 0xdb,
  0x3b, 0x2c, 0x0e, 0xc1, 0x36, 0xa8, 0xba, 0x54, 0x6c, 0x56, 0x8c, 0x81,
  0x65, 0x65, 0x5a, 0xaa, 0x9e, 0x79, 0x7f, 0x5d, 0x7b, 0x99, 0x34, 0x7b,
  0x84, 0x98, 0x64, 0x7a, 0x88, 0xba, 0x7f, 0x73, 0x72, 0x56, 0xa1, 0x6b,
  0x6b, 0x95, 0x9f, 0x81, 0x76, 0x9d, 0x74, 0x55, 0x96, 0x62, 0x54, 0x81,
  0x77, 0x72, 0x2b, 0xb7, 0x2e, 0x81, 0x81, 0x7f, 0x7f, 0x7f, 0x81, 0x93,
  0x7f, 0x7f, 0x69, 0x81, 0x8b, 0x7f, 0x64, 0x7f, 0x7f, 0x81, 0x3a, 0x7f,
  0x81, 0x81, 0x7f, 0x7f, 0x81, 0x81, 0x79, 0x7f, 0x7f, 0x5c, 0x81, 0x7f,
  0x7f, 0x8a, 0xb4, 0x99, 0x7f, 0x81, 0x7f, 0x7f, 0x81, 0x7f, 0x6e, 0x81,
  0x7f, 0x6d, 0x36, 0x81, 0x01, 0xc6, 0xaa, 0x3a, 0x39, 0x2b, 0xbd, 0xdc,
  0x24, 0x27, 0x2c, 0xc9, 0xc2, 0x28, 0x1d, 0x36, 0x15, 0xe2, 0x0c, 0x2f,
  0xe6, 0xb8, 0x4e, 0x5a, 0xb0, 0xdc, 0x12, 0x35, 0x42, 0x34, 0xd8, 0x1d,
  0x33, 0xcc, 0xd5, 0xdc, 0x43, 0xd8, 0x21, 0x49, 0xef, 0x38, 0x4b, 0xd8,
  0x23, 0xfd, 0x16, 0xac, 0xde, 0xbf, 0xb8, 0x18, 0x17, 0x34, 0xd9, 0xdd,
  0xc9, 0x3c, 0x1b, 0xd9, 0xa7, 0x30, 0x3e, 0x2f, 0x32, 0xe9, 0xa7, 0x3f,
  0xd9, 0xc2, 0x2a, 0x48, 0xba, 0xc0, 0x4a, 0x42, 0x3d, 0x4d, 0xd9, 0x31,
  0x4a, 0xb7, 0xfb, 0xc3, 0x28, 0xc8, 0x2e, 0x44, 0xda, 0x24, 0x6a, 0xa6,
  0x13, 0x08, 0x98, 0xed, 0x81, 0xa9, 0x85, 0x36, 0x1c, 0x47, 0xcb, 0xf4,
  0xdb, 0x3d, 0x2d, 0xcf, 0x81, 0x35, 0x2a, 0x3f, 0x2d, 0xe9, 0x81, 0x4d,
  0xd2, 0xa6, 0x40, 0x38, 0xad, 0xd2, 0x29, 0x3f, 0x38, 0x20, 0xc1, 0x36,
  0x56, 0x81, 0x05, 0xc3, 0x32, 0xc8, 0x33, 0x5e, 0xe4, 0x3d, 0x7f, 0x97,
  0x06, 0xde, 0x81, 0xc2, 0xbf, 0xeb, 0x9f, 0x18, 0xff, 0x20, 0x0f, 0x04,
  0xcf, 0x14, 0x18, 0xfb, 0xbd, 0x1d, 0x1a, 0x28, 0x0a, 0xfb, 0xbc, 0x1d,
  0xf6, 0xeb, 0x29, 0x46, 0xd5, 0xfc, 0x11, 0x18, 0x22, 0x06, 0xf0, 0x16,
  0x2f, 0xcb, 0x14, 0xed, 0x1c, 0xf2, 0x00, 0x30, 0xfd, 0x0d, 0x3e, 0xda,
  0x11, 0xe8, 0xc9, 0xd3, 0xc6, 0xe5, 0xff, 0xff, 0x04, 0x00, 0x00, 0x00,
  0xc0, 0x00, 0x00, 0x00, 0x7b, 0xfd, 0xff, 0xff, 0x89, 0x68, 0x00, 0x00,
  0x7a, 0x7e, 0x00, 0x00, 0xa5, 0xfa, 0xff, 0xff, 0x61, 0x02, 0x00, 0x00,
  0x58, 0xcb, 0xff, 0xff, 0xe0, 0x48, 0x00, 0x00, 0xd4, 0x3f, 0x00, 0x00,
  0xca, 0xc3, 0xff, 0xff, 0xfd, 0x1b, 0x00, 0x00, 0x2f, 0xfa, 0xff, 0xff,
  0x5d, 0x37, 0x00, 0x00, 0xc8, 0x48, 0x00, 0x00, 0x4a, 0xb9, 0xff, 0xff,
  0xc1, 0xda, 0xff, 0xff, 0x2f, 0xfa, 0xff, 0xff, 0xd0, 0x03, 0x00, 0x00,
  0xaa, 0x74, 0x00, 0x00, 0xd7, 0xfd, 0xff, 0xff, 0x8a, 0x00, 0x00, 0x00,
  0xf0, 0xd8, 0x00, 0x00, 0x66, 0x2e, 0x00, 0x00, 0xf8, 0xdb, 0xff, 0xff,
  0xb1, 0xde, 0xff, 0xff, 0x1d, 0x37, 0x00, 0x00, 0x6f, 0x30, 0x00, 0x00,
  0xcf, 0xf9, 0xff, 0xff, 0x47, 0xf5, 0xff, 0xff, 0x33, 0xf0, 0xff, 0xff,
  0x1e, 0xff, 0xff, 0xff, 0x46, 0x6e, 0x00, 0x00, 0xb5, 0x0b, 0x00, 0x00,
  0x2a, 0xf3, 0xff, 0xff, 0x32, 0x21, 0x00, 0x00, 0x43, 0x2d, 0x00, 0x00,
  0xe0, 0x33, 0x00, 0x00, 0x14, 0xf1, 0xff, 0xff, 0x1b, 0xbb, 0x00, 0x00,
  0xa6, 0xf1, 0xff, 0xff, 0x36, 0xfb, 0xff, 0xff, 0xef, 0x67, 0x00, 0x00,
  0x83, 0x04, 0x00, 0x00, 0x5f, 0xfb, 0xff, 0xff, 0x68, 0x39, 0x00, 0x00,
  0xea, 0x00, 0x00, 0x00, 0xf3, 0xfd, 0xff, 0xff, 0x49, 0xe9, 0xff, 0xff,
  0x31, 0x31, 0x00, 0x00, 0x92, 0xe6, 0xff, 0xff, 0x04, 0x00, 0x00, 0x00,
  0x80, 0x01, 0x00, 0x00, 0xe9, 0xe2, 0x2d, 0xcb, 0x2f, 0x50, 0x3d, 0x5f,
  0x65, 0xd4, 0xe9, 0x35, 0xdf, 0xe4, 0x0a, 0xf0, 0x23, 0x27, 0x0e, 0xc8,
  0xdf, 0x14, 0xa6, 0xd9, 0x1c, 0xf4, 0x0f, 0xb3, 0xd5, 0x13, 0x2b, 0x16,
  0x11, 0x29, 0x38, 0x13, 0x75, 0xd4, 0xb8, 0x01, 0xcc, 0xc2, 0xe3, 0xfa,
  0xb5, 0xa8, 0x81, 0x32, 0xee, 0x04, 0xda, 0x35, 0x00, 0x0b, 0xd4, 0xf2,
  0xcc, 0x1d, 0x11, 0x4e, 0xe5, 0x01, 0xe0, 0x7f, 0x23, 0x42, 0x04, 0xda,
  0xd2, 0xe9, 0xb7, 0x19, 0x0f, 0xee, 0xeb, 0xaa, 0x28, 0xf5, 0xcc, 0xc0,
  0x3b, 0xda, 0xdc, 0xca, 0x21, 0x22, 0x33, 0xd8, 0x03, 0x41, 0x34, 0xd4,
  0xf7, 0xd9, 0xd0, 0xe7, 0x03, 0xb9, 0xeb, 0xf9, 0xdd, 0x13, 0x00, 0x10,
  0x6f, 0x16, 0xfe, 0xeb, 0xdf, 0xb4, 0x23, 0x0c, 0x00, 0xc9, 0xe3, 0xf8,
  0x9a, 0x33, 0xff, 0x1c, 0x05, 0x24, 0xdd, 0xe3, 0xe5, 0xdd, 0x2d, 0xd6,
  0xa3, 0x13, 0xca, 0x39, 0xc3, 0x36, 0xea, 0xe7, 0x7f, 0xf1, 0x02, 0x24,
  0x18, 0x24, 0xc8, 0xdf, 0xd6, 0x95, 0x64, 0x3a, 0x1a, 0x95, 0xf3, 0xf8,
  0x86, 0x7f, 0x42, 0xc5, 0x39, 0x09, 0xeb, 0x18, 0x40, 0x2d, 0xde, 0x2e,
  0x55, 0x59, 0x1f, 0xc9, 0x0d, 0x4d, 0x47, 0x24, 0xd7, 0xba, 0x15, 0x13,
  0xe9, 0xfd, 0x34, 0x0f, 0xe7, 0xa7, 0xe1, 0x30, 0xe8, 0xf1, 0x21, 0xc1,
  0xa4, 0x0e, 0x0a, 0x1f, 0xf6, 0x33, 0xeb, 0x44, 0x26, 0x09, 0x08, 0x04,
  0xc9, 0x4f, 0x32, 0x46, 0x01, 0x16, 0x41, 0x11, 0x0d, 0x9d, 0xef, 0xf7,
  0x5b, 0xfa, 0xa5, 0x39, 0x43, 0xf0, 0x22, 0x1a, 0x33, 0x22, 0xfa, 0xcf,
  0xd0, 0x7f, 0x01, 0x14, 0x3e, 0xe2, 0x10, 0x16, 0xec, 0x2c, 0x07, 0xeb,
  0x06, 0xcd, 0xe1, 0x17, 0xef, 0x02, 0xef, 0xc3, 0x81, 0x1c, 0x6b, 0x16,
  0x10, 0x38, 0xe1, 0xdf, 0x9a, 0xfa, 0x34, 0xdd, 0xa5, 0x25, 0xcb, 0xa9,
  0xfb, 0x5e, 0xfc, 0x1f, 0x6d, 0x20, 0xf1, 0x06, 0xed, 0xeb, 0x79, 0xca,
  0xf1, 0x66, 0x4b, 0x56, 0xf2, 0x3a, 0x51, 0x27, 0xe2, 0xda, 0xe4, 0x21,
  0xc8, 0x33, 0x1c, 0x2d, 0x01, 0xeb, 0xf4, 0x1d, 0xca, 0xc7, 0x14, 0xff,
  0x1a, 0xf3, 0x32, 0x0d, 0xce, 0xea, 0x26, 0x3a, 0x08, 0xbf, 0x0d, 0xc5,
  0x49, 0xe7, 0xfd, 0xe2, 0x0b, 0x00, 0x09, 0x2b, 0x30, 0x04, 0x09, 0x7f,
  0x2d, 0xf2, 0xf6, 0x16, 0x07, 0xf6, 0x14, 0x10, 0x01, 0x2a, 0xe0, 0xd1,
  0x01, 0xe9, 0xea, 0x2b, 0xe3, 0xed, 0xd6, 0xfa, 0x02, 0xe7, 0x02, 0x0d,
  0x26, 0x05, 0x14, 0xff, 0xf7, 0x09, 0xfd, 0x00, 0x1c, 0xfa, 0x02, 0xf7,
  0xc3, 0x09, 0x07, 0xe3, 0xff, 0xfb, 0xc9, 0xf2, 0xf0, 0xec, 0x13, 0x1e,
  0x13, 0xf6, 0x1b, 0x0c, 0xee, 0x7f, 0xf1, 0xd4, 0xd7, 0xff, 0xd0, 0xdd,
  0x14, 0x3e, 0xb6, 0xf5, 0x1e, 0xe8, 0xff, 0xff, 0x04, 0x00, 0x00, 0x00,
  0x20, 0x00, 0x00, 0x00, 0x98, 0x16, 0x00, 0x00, 0xf8, 0xfd, 0xff, 0xff,
  0x4b, 0x36, 0x00, 0x00, 0x9b, 0xd7, 0xff, 0xff, 0x0b, 0xc9, 0xff, 0xff,
  0xa3, 0xd1, 0xff, 0xff, 0x42, 0xdf, 0xff, 0xff, 0x62, 0xfd, 0xff, 0xff,
  0x4a, 0xe8, 0xff, 0xff, 0x04, 0x00, 0x00, 0x00, 0x80, 0x01, 0x00, 0x00,
  0xad, 0x81, 0xe3, 0x20, 0xdf, 0xf7, 0x32, 0xcb, 0xff, 0x7f, 0x25, 0xb2,
  0x01, 0xb3, 0xbd, 0x5c, 0x81, 0xce, 0x21, 0x16, 0x55, 0xf3, 0x34, 0xef,
  0xfb, 0xd8, 0x81, 0xb5, 0x1f, 0xc4, 0xd5, 0x42, 0xc5, 0x8a, 0x54, 0xe6,
  0x7f, 0xd7, 0x36, 0x0d, 0xeb, 0x53, 0x42, 0xb2, 0x65, 0x13, 0xcd, 0x7f,
  0x81, 0x6b, 0x41, 0x3e, 0xd5, 0xfb, 0x2f, 0x92, 0x2d, 0xe6, 0x37, 0x27,
  0x36, 0x81, 0xf9, 0x67, 0x08, 0x42, 0xf7, 0xf1, 0x06, 0x5c, 0x7f, 0xc4,
  0x4a, 0x72, 0xfb, 0xae, 0xa4, 0xcc, 0xb7, 0x7f, 0x22, 0x02, 0x27, 0xfd,
  0xee, 0x1e, 0x81, 0xad, 0xc3, 0x1c, 0x93, 0xc7, 0x7f, 0x0c, 0x26, 0x40,
  0x6b, 0x32, 0xde, 0xff, 0x7f, 0x64, 0x09, 0x04, 0x86, 0x81, 0xf2, 0x34,
  0x9e, 0x34, 0x41, 0x0c, 0xe8, 0x70, 0xb5, 0x7c, 0xc6, 0x7f, 0xe7, 0x23,
  0xeb, 0x96, 0xbe, 0xac, 0x7f, 0x37, 0xee, 0x4b, 0x3e, 0xaf, 0x02, 0x22,
  0x2b, 0xf2, 0x1b, 0x81, 0xb4, 0xb4, 0x8c, 0x7f, 0x01, 0x62, 0x61, 0x88,
  0x59, 0xfe, 0x7f, 0x12, 0xd5, 0xa2, 0xb3, 0xde, 0xd1, 0x7a, 0x12, 0x08,
  0x79, 0x81, 0xa8, 0xcf, 0xc8, 0xfb, 0x81, 0xdd, 0x28, 0xf9, 0xf3, 0xfb,
  0x95, 0xf1, 0x1d, 0x53, 0xbe, 0x8b, 0x7f, 0xbe, 0x33, 0xeb, 0x81, 0xa1,
  0xd6, 0xfd, 0xe9, 0x4b, 0xe6, 0x26, 0x6b, 0xf7, 0x8e, 0x20, 0xe7, 0x81,
  0xad, 0x67, 0x4a, 0x7f, 0x78, 0x53, 0x0f, 0xd3, 0xce, 0x81, 0xba, 0x31,
  0xbf, 0x28, 0x3a, 0x01, 0x71, 0x7f, 0xa2, 0xe0, 0x8a, 0xf9, 0xbf, 0x17,
  0x34, 0x3a, 0xca, 0x09, 0x81, 0x0c, 0xde, 0xfc, 0xdf, 0x47, 0x0c, 0xb0,
  0x52, 0x53, 0x81, 0x84, 0x3b, 0x09, 0xd9, 0xbb, 0x81, 0xf8, 0x17, 0xb0,
  0xb3, 0x03, 0x29, 0x7f, 0x25, 0x0d, 0xe1, 0xea, 0x18, 0x95, 0x00, 0xad,
  0x81, 0x40, 0xce, 0x92, 0x81, 0xfc, 0x1c, 0xee, 0x0a, 0xe3, 0xfa, 0x15,
  0x2c, 0xb6, 0x90, 0x81, 0x06, 0x0e, 0xd1, 0x13, 0x17, 0x53, 0x6e, 0xf1,
  0x81, 0xc3, 0x4d, 0xa8, 0x73, 0x1d, 0x1e, 0x0c, 0x93, 0xda, 0x81, 0xc9,
  0x7f, 0x20, 0x4d, 0xc9, 0x13, 0xee, 0x4b, 0x46, 0x7a, 0x7f, 0x00, 0x01,
  0x4d, 0x44, 0x81, 0x20, 0xcd, 0x66, 0x5f, 0x7f, 0xf0, 0x36, 0x25, 0xc1,
  0x1a, 0x2a, 0x7f, 0xcd, 0x65, 0xca, 0xde, 0x10, 0x39, 0x1a, 0x2d, 0xea,
  0xa2, 0x81, 0x1b, 0xd1, 0x19, 0xca, 0x0a, 0x7f, 0xea, 0x48, 0x0b, 0x54,
  0xf2, 0x97, 0x46, 0xd5, 0x7f, 0xdb, 0x66, 0x25, 0x0f, 0xfb, 0x89, 0xeb,
  0x7f, 0x37, 0xb1, 0x7e, 0x62, 0xf4, 0x7f, 0x00, 0xff, 0x16, 0xd6, 0x0e,
  0xe0, 0x10, 0x17, 0xea, 0x8b, 0x81, 0xed, 0x74, 0xbe, 0x49, 0x4c, 0x22,
  0x07, 0xf2, 0x24, 0x81, 0x1b, 0xf7, 0x0d, 0x7f, 0xe9, 0x93, 0x41, 0x37,
  0xd6, 0xe9, 0xff, 0xff, 0x04, 0x00, 0x00, 0x00, 0xc0, 0x00, 0x00, 0x00,
  0x99, 0x02, 0x00, 0x00, 0xc7, 0x11, 0x00, 0x00, 0xa4, 0xed, 0xff, 0xff,
  0x0a, 0x0c, 0x00, 0x00, 0x7f, 0x09, 0x00, 0x00, 0x31, 0x0c, 0x00, 0x00,
  0x8e, 0x07, 0x00, 0x00, 0xf5, 0x24, 0x00, 0x00, 0x8b, 0x19, 0x00, 0x00,
  0x07, 0x12, 0x00, 0x00, 0xa1, 0xfa, 0xff, 0xff, 0xce, 0xff, 0xff, 0xff,
  0xa3, 0x05, 0x00, 0x00, 0x9a, 0x0e, 0x00, 0x00, 0xa5, 0x08, 0x00, 0x00,
  0x88, 0xfb, 0xff, 0xff, 0xff, 0xff, 0xff, 0xff, 0x29, 0x15, 0x00, 0x00,
  0xf2, 0x20, 0x00, 0x00, 0x3b, 0x01, 0x00, 0x00, 0x3c, 0x09, 0x00, 0x00,
  0x27, 0x2a, 0x00, 0x00, 0x4f, 0x0d, 0x00, 0x00, 0x74, 0x09, 0x00, 0x00,
  0xf8, 0x27, 0x00, 0x00, 0xa5, 0x1f, 0x00, 0x00, 0x36, 0x05, 0x00, 0x00,
  0x8c, 0x1b, 0x00, 0x00, 0xfb, 0x05, 0x00, 0x00, 0x6a, 0x0d, 0x00, 0x00,
  0x3d, 0xfa, 0xff, 0xff, 0xff, 0x1a, 0x00, 0x00, 0x88, 0x04, 0x00, 0x00,
  0x89, 0x1d, 0x00, 0x00, 0xdc, 0x0e, 0x00, 0x00, 0xa5, 0x11, 0x00, 0x00,
  0x90, 0xa9, 0x00, 0x00, 0x08, 0x22, 0x00, 0x00, 0x1b, 0x0c, 0x00, 0x00,
  0xe2, 0x3f, 0x00, 0x00, 0xb0, 0x06, 0x00, 0x00, 0x3f, 0x02, 0x00, 0x00,
  0xa0, 0x14, 0x00, 0x00, 0x70, 0x04, 0x00, 0x00, 0xfb, 0x0a, 0x00, 0x00,
  0xc1, 0x04, 0x00, 0x00, 0x6f, 0x06, 0x00, 0x00, 0xc4, 0x09, 0x00, 0x00,
  0xa2, 0xea, 0xff, 0xff, 0x04, 0x00, 0x00, 0x00, 0xb0, 0x01, 0x00, 0x00,
  0xe7, 0xfb, 0x27, 0x0c, 0x7f, 0xdb, 0x12, 0x13, 0x0a, 0x1e, 0x37, 0xe3,
  0xf3, 0x18, 0xd6, 0x1d, 0x47, 0xc9, 0xf2, 0x4b, 0xe4, 0x11, 0xd6, 0x00,
  0xf4, 0x01, 0x21, 0xdb, 0xed, 0x7f, 0x0a, 0xaf, 0xe7, 0x6e, 0x7f, 0xbf,
  0x10, 0xd9, 0x81, 0xe7, 0x18, 0xd7, 0x02, 0xb6, 0x01, 0xf7, 0x93, 0x24,
  0xd8, 0x34, 0xf6, 0x25, 0xf2, 0xb2, 0x6b, 0xf8, 0x7e, 0x0f, 0x26, 0x7f,
  0x2d, 0x7f, 0x04, 0x39, 0x63, 0x99, 0x0c, 0x3f, 0xd1, 0xf8, 0x78, 0xae,
  0x08, 0x2a, 0x96, 0x1e, 0xea, 0xa1, 0x68, 0x81, 0x81, 0xa7, 0x20, 0xe9,
  0xcc, 0xe9, 0x8b, 0x18, 0xde, 0xcb, 0x1a, 0x81, 0x1d, 0xcd, 0x33, 0x26,
  0xf1, 0xff, 0x10, 0x05, 0x31, 0xdc, 0x16, 0x05, 0x2a, 0x1a, 0xfd, 0xcd,
  0xe4, 0x0b, 0xe3, 0x1c, 0x2b, 0xc8, 0xf9, 0x4e, 0xea, 0x0c, 0xb8, 0x0c,
  0x26, 0x04, 0x22, 0x99, 0xe2, 0x2a, 0xc8, 0xb2, 0x0f, 0xfa, 0x6f, 0xc1,
  0x12, 0xe9, 0xa2, 0x09, 0x21, 0xe8, 0x0d, 0xc3, 0xf7, 0xde, 0x81, 0xdf,
  0x81, 0x6e, 0xfa, 0xc4, 0x05, 0xb3, 0x07, 0x00, 0x1c, 0x0e, 0x25, 0x21,
  0x5d, 0x4f, 0xc3, 0x3b, 0x7f, 0x81, 0x10, 0x46, 0xf4, 0xce, 0x8d, 0xec,
  0x81, 0xf3, 0xd1, 0x0e, 0xfb, 0x03, 0x4a, 0xb9, 0xbe, 0x7f, 0xa1, 0xb6,
  0x29, 0xcb, 0x32, 0x37, 0xa3, 0x28, 0xaf, 0x3d, 0xf4, 0x81, 0x17, 0xd6,
  0xf5, 0x77, 0x7f, 0x7f, 0xcc, 0x5e, 0x81, 0x7f, 0x7f, 0x81, 0xc7, 0x5f,
  0x7f, 0x49, 0x7f, 0xc0, 0xbe, 0x81, 0x7f, 0xf6, 0x81, 0x7f, 0x7f, 0x0c,
  0x72, 0x59, 0x42, 0x7f, 0x7f, 0xa7, 0x7f, 0xfb, 0xb9, 0x8f, 0xf6, 0x81,
  0x7f, 0x7f, 0x73, 0x35, 0xdd, 0x7f, 0xe0, 0x5b, 0x7f, 0x31, 0x05, 0x81,
  0xaf, 0x3a, 0xdb, 0xd6, 0xb9, 0x95, 0x11, 0xee, 0x02, 0x03, 0x27, 0x30,
  0x2b, 0x47, 0xd7, 0x7f, 0x5c, 0x89, 0xfe, 0x48, 0x24, 0xb7, 0x81, 0xef,
  0x23, 0xf1, 0xd2, 0x0c, 0x01, 0x0d, 0x39, 0xca, 0xe6, 0xce, 0x99, 0xac,
  0x19, 0xbe, 0x29, 0x81, 0xc8, 0x1f, 0x7f, 0x45, 0xe4, 0x9d, 0xfc, 0x76,
  0xfc, 0xe8, 0x00, 0xf8, 0x21, 0xdb, 0x19, 0x09, 0x1a, 0x16, 0x7f, 0x18,
  0xf7, 0xea, 0xdf, 0x78, 0x51, 0xcc, 0xd6, 0x23, 0xf5, 0x06, 0xc9, 0x33,
  0xf8, 0xef, 0xca, 0xea, 0x0f, 0x37, 0x00, 0x17, 0xf6, 0x1d, 0xce, 0x14,
  0xdc, 0xd1, 0x3d, 0xd7, 0x48, 0x03, 0xf7, 0xf6, 0xf1, 0x0c, 0x05, 0xe2,
  0xc3, 0x7f, 0x02, 0x16, 0x9e, 0x81, 0x51, 0xb3, 0x3b, 0x18, 0x51, 0xc5,
  0xb4, 0x09, 0xcb, 0x75, 0x34, 0xe2, 0x00, 0x7f, 0xc8, 0x0f, 0x4e, 0x7f,
  0x13, 0x81, 0x7f, 0x03, 0x13, 0xbd, 0xd8, 0xb8, 0xf2, 0xc2, 0xcf, 0x9b,
  0xbd, 0xb4, 0x23, 0x1e, 0x7f, 0x38, 0xd4, 0x20, 0xeb, 0xe8, 0xa5, 0xed,
  0x25, 0xe1, 0x17, 0xff, 0xef, 0xe0, 0x15, 0x0e, 0x1c, 0x14, 0x59, 0x05,
  0x0d, 0xec, 0xdd, 0x41, 0x2e, 0xc7, 0xd2, 0x17, 0xf2, 0xff, 0xbb, 0x34,
  0x10, 0xee, 0xcd, 0xb9, 0x06, 0xf4, 0xe7, 0x1c, 0xfc, 0xf9, 0xfb, 0x0f,
  0xe1, 0xe0, 0x3e, 0xfb, 0x32, 0x01, 0x24, 0xfa, 0xef, 0xdc, 0x11, 0x18,
  0x5e, 0xec, 0xff, 0xff, 0x04, 0x00, 0x00, 0x00, 0xc0, 0x00, 0x00, 0x00,
  0x37, 0x27, 0x00, 0x00, 0x29, 0xce, 0xff, 0xff, 0xd6, 0xfb, 0xff, 0xff,
  0x86, 0x04, 0x00, 0x00, 0xbb, 0xfc, 0xff, 0xff, 0x9b, 0x24, 0x00, 0x00,
  0xf5, 0x0f, 0x00, 0x00, 0xd7, 0xf3, 0xff, 0xff, 0x7a, 0xd9, 0xff, 0xff,
  0xcf, 0x08, 0x00, 0x00, 0x6c, 0xf6, 0xff, 0xff, 0xc3, 0xf7, 0xff, 0xff,
  0xa9, 0xee, 0xff, 0xff, 0x73, 0xde, 0xff, 0xff, 0x78, 0x07, 0x00, 0x00,
  0x16, 0xf9, 0xff, 0xff, 0xc9, 0xec, 0xff, 0xff, 0xd7, 0x72, 0x00, 0x00,
  0xc4, 0xf2, 0xff, 0xff, 0x5a, 0xde, 0xff, 0xff, 0x9b, 0x2b, 0x00, 0x00,
  0xd5, 0xf5, 0xff, 0xff, 0xe2, 0xfe, 0xff, 0xff, 0xc2, 0xf3, 0xff, 0xff,
  0x9d, 0xf5, 0xff, 0xff, 0xe7, 0x03, 0x00, 0x00, 0xb3, 0xfb, 0xff, 0xff,
  0x2c, 0xfb, 0xff, 0xff, 0x1b, 0xfa, 0xff, 0xff, 0x3d, 0x0b, 0x00, 0x00,
  0x03, 0x06, 0x00, 0x00, 0x8f, 0x3d, 0x00, 0x00, 0xc3, 0x33, 0x00, 0x00,
  0xf0, 0x04, 0x00, 0x00, 0x8e, 0x00, 0x00, 0x00, 0xc2, 0x3c, 0x00, 0x00,
  0x06, 0xf5, 0xff, 0xff, 0x7e, 0x2c, 0x00, 0x00, 0xe1, 0xfb, 0xff, 0xff,
  0xc6, 0x02, 0x00, 0x00, 0x6f, 0xf3, 0xff, 0xff, 0x26, 0xe9, 0xff, 0xff,
  0xb1, 0xf8, 0xff, 0xff, 0xb4, 0x0a, 0x00, 0x00, 0xd2, 0x06, 0x00, 0x00,
  0x9b, 0x31, 0x00, 0x00, 0xfc, 0x22, 0x00, 0x00, 0x16, 0xf3, 0xff, 0xff,
  0x2a, 0xed, 0xff, 0xff, 0x04, 0x00, 0x00, 0x00, 0x80, 0x01, 0x00, 0x00,
  0x34, 0x33, 0xad, 0x2f, 0x10, 0x16, 0x9e, 0xe1, 0x0b, 0xe7, 0xf5, 0xd4,
  0xf1, 0xfa, 0x29, 0x03, 0x32, 0xf0, 0x34, 0xe4, 0x19, 0xdb, 0x27, 0xfc,
  0x0b, 0xe0, 0xed, 0x0c, 0xec, 0xff, 0xeb, 0xfc, 0x35, 0x1b, 0x12, 0x08,
  0x7f, 0x3a, 0x20, 0xe5, 0xfb, 0xe4, 0xf8, 0xe5, 0x58, 0x1f, 0x1a, 0xd0,
  0x3d, 0x0f, 0x0c, 0xf4, 0x22, 0x5b, 0xed, 0xe7, 0x24, 0x3d, 0xd1, 0xbf,
  0x6e, 0xf0, 0x09, 0x29, 0x0d, 0x1e, 0x20, 0x9e, 0x7f, 0xe6, 0x21, 0x37,
  0x26, 0x15, 0x39, 0x0b, 0x13, 0xb6, 0x43, 0x43, 0x41, 0x6f, 0x05, 0x68,
  0x3e, 0x1d, 0x0d, 0x10, 0x53, 0x08, 0x20, 0x19, 0x1d, 0x29, 0x77, 0xae,
  0xe8, 0x02, 0x50, 0x7f, 0xd4, 0x23, 0xf9, 0x35, 0x2b, 0x52, 0x04, 0xb3,
  0xd7, 0x72, 0x1c, 0x28, 0xa0, 0x96, 0x4f, 0xfe, 0x05, 0x37, 0xbb, 0xac,
  0xd8, 0xce, 0x31, 0xf2, 0x89, 0x0a, 0x01, 0xf6, 0xde, 0xe2, 0x9b, 0xc8,
  0x0e, 0x21, 0x96, 0xe1, 0xe9, 0xb4, 0xdc, 0x16, 0x50, 0xaf, 0xeb, 0x13,
  0xe4, 0x2b, 0xb2, 0xf3, 0x1a, 0xb6, 0x0b, 0x41, 0x76, 0xb4, 0xcf, 0x12,
  0xf9, 0xed, 0x10, 0x3d, 0x12, 0x05, 0xf8, 0xe1, 0xfd, 0x0a, 0xaa, 0x34,
  0xe4, 0xea, 0x37, 0xf2, 0x41, 0xd4, 0x33, 0xc9, 0x2f, 0xec, 0xd8, 0xc7,
  0x81, 0x00, 0xa6, 0x06, 0xeb, 0xc9, 0x28, 0xf5, 0xc4, 0x12, 0xfa, 0xd1,
  0x41, 0xed, 0x15, 0xe1, 0xcc, 0x48, 0x2a, 0x40, 0x81, 0xd2, 0x44, 0x2a,
  0x47, 0xc1, 0xc0, 0xbb, 0x67, 0x4d, 0x40, 0xea, 0x19, 0x9b, 0xe7, 0x47,
  0xd9, 0x12, 0xd9, 0x8a, 0xce, 0xbd, 0x66, 0x38, 0x4e, 0xf9, 0x72, 0x5d,
  0x4a, 0x46, 0x38, 0x26, 0x13, 0x38, 0xd7, 0xe6, 0x59, 0x4a, 0x57, 0xc4,
  0x21, 0x62, 0x19, 0x67, 0x11, 0x0e, 0xbc, 0x94, 0x8c, 0x15, 0xec, 0x04,
  0x1b, 0x3f, 0x23, 0xb7, 0x49, 0x77, 0xe9, 0x1b, 0xe8, 0xc5, 0xe7, 0xa5,
  0x8e, 0xa2, 0xce, 0x40, 0xf8, 0x2e, 0xd7, 0x1d, 0x01, 0xb2, 0x4e, 0x06,
  0xd7, 0x7f, 0xda, 0x82, 0xf4, 0xc6, 0xf2, 0xd3, 0xfe, 0xf4, 0xdf, 0x63,
  0x77, 0x45, 0x01, 0x7f, 0xa1, 0x10, 0x10, 0x4b, 0x0a, 0xa0, 0x4d, 0x5c,
  0x59, 0xcb, 0xe2, 0xcc, 0x44, 0x22, 0xb4, 0x1f, 0x44, 0xec, 0xda, 0xf8,
  0x0c, 0x39, 0xde, 0xcf, 0x1d, 0xdf, 0x3b, 0x30, 0x0b, 0xd9, 0x03, 0x58,
  0x6b, 0xae, 0x00, 0x0d, 0xab, 0x42, 0x98, 0x43, 0x40, 0x6a, 0x6a, 0xd2,
  0x18, 0x0c, 0x7f, 0x24, 0xde, 0x39, 0xa2, 0x0a, 0xe1, 0x60, 0xf4, 0xf0,
  0x2e, 0x37, 0x0f, 0xf8, 0xca, 0xf1, 0xc8, 0xfe, 0xfc, 0x24, 0xff, 0xdb,
  0xf8, 0x30, 0x2b, 0xf4, 0xff, 0x02, 0x0d, 0xec, 0xaa, 0xf7, 0x40, 0x1b,
  0x61, 0xf8, 0x2d, 0xf5, 0xdc, 0xdc, 0xde, 0xc8, 0x06, 0xe4, 0x0f, 0x16,
  0xb6, 0xee, 0xff, 0xff, 0x04, 0x00, 0x00, 0x00, 0x20, 0x00, 0x00, 0x00,
  0xb1, 0xd3, 0xff, 0xff, 0x95, 0x83, 0xff, 0xff, 0x0f, 0x0d, 0x00, 0x00,
  0x4a, 0x19, 0x00, 0x00, 0xbd, 0xb0, 0xff, 0xff, 0xcd, 0x0f, 0x00, 0x00,
  0x69, 0x97, 0xff, 0xff, 0xb2, 0x00, 0x00, 0x00, 0xe2, 0xee, 0xff, 0xff,
  0x04, 0x00, 0x00, 0x00, 0x80, 0x01, 0x00, 0x00, 0x81, 0x2d, 0xe7, 0xf2,
  0x52, 0x2f, 0x09, 0xd4, 0xfb, 0xd8, 0xf3, 0xfb, 0xda, 0x81, 0x18, 0x0f,
  0xa9, 0x48, 0x07, 0xd0, 0xc3, 0x27, 0xc9, 0x7f, 0x39, 0x2b, 0x46, 0xe9,
  0xc9, 0x81, 0x3b, 0xf6, 0x07, 0x44, 0x81, 0x28, 0x8c, 0x61, 0x24, 0x26,
  0xe9, 0x33, 0x22, 0xe6, 0xa6, 0x81, 0xc6, 0xf4, 0xbc, 0x7f, 0x6b, 0xe4,
  0xca, 0xe8, 0x05, 0xd1, 0xfa, 0x03, 0x2b, 0x39, 0x04, 0x81, 0xfc, 0x2e,
  0x7f, 0x10, 0xb7, 0x40, 0xa6, 0xc5, 0x9b, 0x00, 0x64, 0xe4, 0xc9, 0xc2,
  0x04, 0xe0, 0xe1, 0x7f, 0x96, 0x07, 0x0f, 0x7f, 0xff, 0x43, 0x0f, 0x85,
  0x28, 0x22, 0x47, 0xf2, 0x04, 0x69, 0x7f, 0x61, 0xb2, 0xc8, 0xef, 0xa7,
  0x7f, 0xd4, 0xff, 0x22, 0xda, 0x04, 0xf7, 0x2c, 0x21, 0x81, 0x2d, 0x3e,
  0x3f, 0x43, 0x7c, 0x0e, 0x37, 0x81, 0xba, 0xf1, 0xc6, 0x68, 0x7f, 0x3d,
  0xf4, 0x21, 0x26, 0x9f, 0xb5, 0xd4, 0x1a, 0xd1, 0x7f, 0x15, 0xc4, 0xf8,
  0x2c, 0xde, 0xd9, 0x05, 0xf4, 0x7f, 0xe3, 0x2c, 0xf5, 0x7f, 0x3a, 0xe6,
  0xbb, 0x1f, 0x53, 0xbf, 0x0a, 0x61, 0x4b, 0x7f, 0xe6, 0x15, 0x28, 0x17,
  0xf5, 0xf8, 0x31, 0x81, 0xc4, 0x00, 0x3d, 0xfa, 0xa5, 0x58, 0x28, 0x81,
  0x70, 0x43, 0x76, 0xf1, 0x67, 0xea, 0xa1, 0x62, 0x35, 0xb8, 0xb1, 0x7f,
  0x24, 0xa7, 0x81, 0xcd, 0x38, 0xf4, 0xb2, 0x60, 0x1d, 0xe1, 0x93, 0x1a,
  0xc1, 0x23, 0x85, 0x7f, 0xf4, 0xf4, 0x2f, 0x0e, 0x7f, 0xf6, 0xa6, 0xca,
  0xfe, 0x6c, 0x7f, 0xe9, 0xc8, 0xe1, 0x3d, 0xb7, 0xe1, 0x2b, 0x7f, 0xc4,
  0x18, 0xfc, 0x5e, 0xa8, 0x3f, 0xfc, 0x52, 0x7f, 0x3f, 0xdd, 0x1f, 0x5d,
  0x61, 0x60, 0x73, 0x27, 0xb5, 0x0e, 0x81, 0x60, 0x32, 0x0d, 0x9f, 0x5a,
  0x81, 0xc7, 0xdb, 0x39, 0x07, 0x65, 0x52, 0xb7, 0xc0, 0x34, 0x54, 0x81,
  0x36, 0xed, 0xee, 0x1c, 0x73, 0x7f, 0x28, 0xe5, 0x14, 0xcd, 0x81, 0xfe,
  0x12, 0xf1, 0xd1, 0x5c, 0x19, 0xc6, 0x12, 0x81, 0xef, 0x42, 0xf6, 0x16,
  0xe1, 0x10, 0x57, 0xfc, 0x0a, 0x81, 0x00, 0xec, 0xf3, 0x11, 0xe2, 0x81,
  0xf6, 0x08, 0x0f, 0xd9, 0x39, 0xf0, 0xeb, 0xa5, 0xb3, 0x7f, 0xc4, 0xb1,
  0x50, 0xc5, 0xe9, 0x6d, 0x42, 0x13, 0xef, 0x7f, 0x7f, 0x49, 0x20, 0x3c,
  0xf2, 0x5a, 0xd7, 0x01, 0x3f, 0xa1, 0x81, 0x0b, 0xf2, 0xeb, 0xeb, 0x6a,
  0xf9, 0xbc, 0x81, 0x89, 0xee, 0xa5, 0xde, 0xf1, 0x2f, 0x64, 0x5f, 0x7f,
  0x9e, 0xd9, 0x2d, 0x42, 0x7f, 0xdb, 0x9e, 0x84, 0xc4, 0xd3, 0x1c, 0x43,
  0x01, 0x62, 0x7f, 0xa5, 0xa5, 0xfc, 0x5b, 0x84, 0x2e, 0x25, 0x81, 0x45,
  0xd9, 0x1f, 0x16, 0x3b, 0x28, 0xda, 0xb9, 0x81, 0x17, 0xdb, 0xe9, 0x27,
  0x48, 0x8f, 0x7f, 0xc0, 0x44, 0xe9, 0x0e, 0x06, 0x6e, 0xf0, 0xff, 0xff,
  0x04, 0x00, 0x00, 0x00, 0xc0, 0x00, 0x00, 0x00, 0xaa, 0x6e, 0x00, 0x00,
  0x4a, 0x15, 0x00, 0x00, 0xa0, 0x03, 0x00, 0x00, 0x87, 0x03, 0x00, 0x00,
  0x1d, 0x10, 0x00, 0x00, 0x71, 0x07, 0x00, 0x00, 0x67, 0x0d, 0x00, 0x00,
  0x4b, 0x10, 0x00, 0x00, 0xe8, 0x09, 0x00, 0x00, 0x22, 0xf3, 0xff, 0xff,
  0xf4, 0x1e, 0x00, 0x00, 0xa3, 0x03, 0x00, 0x00, 0x58, 0x15, 0x00, 0x00,
  0xaa, 0x05, 0x00, 0x00, 0x25, 0x15, 0x00, 0x00, 0x5a, 0x05, 0x00, 0x00,
  0x59, 0x0f, 0x00, 0x00, 0xa4, 0xfb, 0xff, 0xff, 0xc3, 0x16, 0x00, 0x00,
  0x65, 0x00, 0x00, 0x00, 0xa0, 0x08, 0x00, 0x00, 0x14, 0xfe, 0xff, 0xff,
  0x77, 0x0a, 0x00, 0x00, 0x10, 0x15, 0x00, 0x00, 0x9b, 0x08, 0x00, 0x00,
  0xef, 0xf5, 0xff, 0xff, 0x87, 0x06, 0x00, 0x00, 0x45, 0x1f, 0x00, 0x00,
  0xe9, 0x02, 0x00, 0x00, 0xb7, 0x14, 0x00, 0x00, 0x4b, 0x05, 0x00, 0x00,
  0x04, 0x13, 0x00, 0x00, 0x1b, 0x01, 0x00, 0x00, 0xf4, 0x12, 0x00, 0x00,
  0xee, 0xfd, 0xff, 0xff, 0xa9, 0xf9, 0xff, 0xff, 0x44, 0x07, 0x00, 0x00,
  0xcc, 0x08, 0x00, 0x00, 0x91, 0x00, 0x00, 0x00, 0xc2, 0x04, 0x00, 0x00,
  0xbf, 0x24, 0x00, 0x00, 0xd1, 0xfd, 0xff, 0xff, 0xd9, 0x26, 0x00, 0x00,
  0x4e, 0x09, 0x00, 0x00, 0xa5, 0x02, 0x00, 0x00, 0x97, 0x10, 0x00, 0x00,
  0xfb, 0x09, 0x00, 0x00, 0x16, 0xfb, 0xff, 0xff, 0x3a, 0xf1, 0xff, 0xff,
  0x04, 0x00, 0x00, 0x00, 0xb0, 0x01, 0x00, 0x00, 0x4c, 0x44, 0xe1, 0x2f,
  0x05, 0x00, 0xd6, 0x02, 0x1f, 0xc1, 0x23, 0xf0, 0x05, 0x9c, 0xde, 0x28,
  0x5d, 0x13, 0xad, 0x09, 0x60, 0x13, 0xf3, 0xef, 0x51, 0xfd, 0x20, 0xfc,
  0xc7, 0x0a, 0xee, 0xc8, 0x79, 0x0a, 0x79, 0x34, 0xe1, 0x14, 0x7f, 0x1f,
  0xb7, 0x2e, 0x89, 0xc2, 0x19, 0x9c, 0xe0, 0x24, 0x5d, 0x7f, 0xde, 0x76,
  0x19, 0x4f, 0xca, 0x81, 0x3a, 0x32, 0x7f, 0x1c, 0xde, 0xe8, 0xe2, 0x00,
  0xcc, 0x7f, 0x96, 0x25, 0x38, 0x7f, 0x38, 0xda, 0x29, 0xf0, 0x0c, 0x7f,
  0x81, 0x5b, 0xda, 0x81, 0x05, 0xd3, 0x1c, 0x7d, 0xba, 0x7f, 0x70, 0x34,
  0x81, 0xa6, 0x48, 0xe8, 0x08, 0x0c, 0x81, 0x74, 0x35, 0x24, 0xf6, 0x1a,
  0x08, 0xfa, 0xe2, 0x12, 0x18, 0xb6, 0x22, 0x06, 0x12, 0xb0, 0xe1, 0xf1,
  0x54, 0xdb, 0xd4, 0xf9, 0x56, 0x2c, 0xea, 0x36, 0x3f, 0x26, 0x15, 0x01,
  0x05, 0x0d, 0xeb, 0xdf, 0x5c, 0x11, 0x6f, 0x33, 0xf3, 0x15, 0x6d, 0x0e,
  0xd2, 0x3e, 0x37, 0x39, 0x22, 0x43, 0x17, 0x04, 0xf1, 0xcc, 0x81, 0x4a,
  0x14, 0x31, 0x46, 0xd1, 0x16, 0x2a, 0xd6, 0x7f, 0x79, 0xe9, 0xe0, 0xc1,
  0xd8, 0x47, 0x4a, 0xf5, 0x94, 0x1d, 0x11, 0x87, 0x1e, 0x35, 0x17, 0x17,
  0x11, 0x3b, 0x32, 0x3a, 0x45, 0x7f, 0x1b, 0x40, 0xbd, 0xf8, 0xce, 0x4c,
  0x41, 0x0a, 0x54, 0x81, 0x11, 0xa0, 0xf9, 0x7f, 0x2d, 0xa2, 0xe4, 0x81,
  0x7f, 0x17, 0x7f, 0xa3, 0x81, 0x7f, 0x08, 0x60, 0x81, 0x7f, 0x7f, 0xee,
  0x81, 0x3b, 0x08, 0x7f, 0x11, 0x00, 0x7f, 0xf3, 0x81, 0x7f, 0x22, 0xa8,
  0x90, 0x2d, 0x81, 0x6d, 0x7f, 0x94, 0x1c, 0x7d, 0x7f, 0x4c, 0xf3, 0x7f,
  0x4e, 0xc5, 0xe6, 0xf6, 0x7d, 0xd3, 0xfe, 0x43, 0xf9, 0xcc, 0x93, 0x2a,
  0xef, 0x7f, 0x39, 0xdf, 0x19, 0x27, 0xdc, 0x74, 0xea, 0xfc, 0xd2, 0xf8,
  0xb6, 0x50, 0x7f, 0xdd, 0x81, 0x22, 0xb4, 0x7f, 0x0f, 0x1d, 0x18, 0x32,
  0x4b, 0x34, 0x40, 0x2c, 0x0d, 0xf0, 0xd9, 0x81, 0xdd, 0xf0, 0x04, 0x1e,
  0x1e, 0x4f, 0xed, 0x62, 0xf3, 0x6d, 0xde, 0x5a, 0xe6, 0xe6, 0xfa, 0x14,
  0xf9, 0x0a, 0x01, 0xf3, 0x1d, 0xec, 0x01, 0x04, 0x19, 0x8d, 0xd8, 0x28,
  0x56, 0xfc, 0x05, 0x0a, 0xc7, 0x1a, 0xe9, 0xf8, 0x15, 0x05, 0xfd, 0x0d,
  0x25, 0x07, 0x3f, 0x0e, 0x20, 0x01, 0x7f, 0x10, 0xfd, 0x37, 0x3f, 0x19,
  0x17, 0x4d, 0x7d, 0xeb, 0xcc, 0x81, 0xfa, 0xf9, 0x81, 0xee, 0xc7, 0x31,
  0x82, 0x13, 0xd1, 0xee, 0x23, 0x69, 0xae, 0x59, 0xdc, 0xdc, 0xee, 0x7f,
  0xb5, 0x37, 0x8f, 0xe2, 0xbc, 0x2f, 0xfe, 0xdb, 0xed, 0x3b, 0x81, 0xee,
  0xc4, 0x7f, 0x3a, 0x1c, 0x3a, 0xdc, 0x11, 0x2a, 0xec, 0x39, 0xcc, 0x2e,
  0xb8, 0x81, 0x81, 0xe2, 0x81, 0x38, 0x91, 0x7c, 0xee, 0xe1, 0x00, 0x0c,
  0x09, 0xf7, 0x03, 0xf2, 0x12, 0xbe, 0xf4, 0xfd, 0xf8, 0x91, 0xe2, 0x0f,
  0x54, 0xc3, 0x59, 0x13, 0xb6, 0xfd, 0xf4, 0x22, 0x13, 0xfc, 0xf8, 0x07,
  0x37, 0x0f, 0x41, 0x10, 0x30, 0xfd, 0x4f, 0x34, 0x03, 0x31, 0x53, 0x06,
  0x1c, 0x51, 0xca, 0x27, 0xdb, 0x5c, 0xf7, 0xdd, 0xf6, 0xf2, 0xff, 0xff,
  0x04, 0x00, 0x00, 0x00, 0xc0, 0x00, 0x00, 0x00, 0x13, 0xf4, 0xff, 0xff,
  0xe7, 0x03, 0x00, 0x00, 0x9c, 0x1b, 0x00, 0x00, 0x4c, 0x08, 0x00, 0x00,
  0xdb, 0xf9, 0xff, 0xff, 0x1a, 0xec, 0xff, 0xff, 0xbf, 0xf0, 0xff, 0xff,
  0x3b, 0x35, 0x00, 0x00, 0xaf, 0x1c, 0x00, 0x00, 0xe3, 0xf6, 0xff, 0xff,
  0x4d, 0xef, 0xff, 0xff, 0xa6, 0xe6, 0xff, 0xff, 0xf6, 0x04, 0x00, 0x00,
  0xbf, 0x45, 0x00, 0x00, 0x33, 0x2c, 0x00, 0x00, 0x91, 0xfc, 0xff, 0xff,
  0xcf, 0x19, 0x00, 0x00, 0x21, 0xf6, 0xff, 0xff, 0x00, 0x16, 0x00, 0x00,
  0xb5, 0xf7, 0xff, 0xff, 0x91, 0x34, 0x00, 0x00, 0x50, 0xf0, 0xff, 0xff,
  0x53, 0xff, 0xff, 0xff, 0x74, 0xfe, 0xff, 0xff, 0xd9, 0x08, 0x00, 0x00,
  0x81, 0xed, 0xff, 0xff, 0x3b, 0xfe, 0xff, 0xff, 0xef, 0xef, 0xff, 0xff,
  0x1f, 0x13, 0x00, 0x00, 0x1c, 0xbc, 0xff, 0xff, 0xa5, 0xef, 0xff, 0xff,
  0x4c, 0xfb, 0xff, 0xff, 0x15, 0xf0, 0xff, 0xff, 0xf7, 0x02, 0x00, 0x00,
  0x66, 0xf7, 0xff, 0xff, 0x1e, 0xf6, 0xff, 0xff, 0x01, 0x18, 0x00, 0x00,
  0x30, 0xec, 0xff, 0xff, 0x91, 0x04, 0x00, 0x00, 0x52, 0xd8, 0xff, 0xff,
  0x86, 0x07, 0x00, 0x00, 0xf1, 0x16, 0x00, 0x00, 0xa1, 0xf1, 0xff, 0xff,
  0xbd, 0x01, 0x00, 0x00, 0xa3, 0x07, 0x00, 0x00, 0x42, 0xfb, 0xff, 0xff,
  0xdf, 0x1e, 0x00, 0x00, 0x71, 0xf1, 0xff, 0xff, 0xc2, 0xf3, 0xff, 0xff,
  0x04, 0x00, 0x00, 0x00, 0x80, 0x01, 0x00, 0x00, 0x7f, 0xe9, 0x1a, 0xdf,
  0x0f, 0x32, 0x0d, 0x24, 0x7e, 0x9f, 0x34, 0x06, 0xd8, 0x48, 0x19, 0xcc,
  0x10, 0xdf, 0xe7, 0xf4, 0x05, 0xbf, 0x03, 0xea, 0xce, 0xde, 0xd4, 0xd4,
  0xde, 0x5b, 0xde, 0x2d, 0x1b, 0xd7, 0x16, 0xdb, 0x3d, 0xc5, 0xd1, 0x0e,
  0x11, 0xee, 0xae, 0xf9, 0x3b, 0xdc, 0x3c, 0xd3, 0x2b, 0x02, 0xfa, 0x38,
  0x2c, 0x34, 0x12, 0x1a, 0x41, 0xae, 0xfb, 0x00, 0x2f, 0x16, 0xe2, 0xf6,
  0xe2, 0xd1, 0xba, 0x01, 0x00, 0xcb, 0x2f, 0x48, 0x02, 0xc9, 0xf7, 0x21,
  0xe4, 0x3d, 0xc2, 0x7f, 0xe5, 0x2a, 0xef, 0xeb, 0xc3, 0xf7, 0xff, 0xee,
  0xc9, 0xf0, 0xd7, 0x22, 0x0c, 0xf2, 0x0e, 0xa5, 0xe2, 0xef, 0xb2, 0x2c,
  0xa4, 0xd8, 0xee, 0x2e, 0x89, 0xb4, 0xa7, 0xd6, 0xe4, 0x31, 0x81, 0xfc,
  0x59, 0xac, 0x1a, 0xf7, 0x76, 0x4e, 0xdd, 0xfd, 0x3d, 0x6c, 0x09, 0x93,
  0xc1, 0x11, 0x32, 0x0c, 0xdd, 0x29, 0x4e, 0xb5, 0x49, 0x01, 0x65, 0x75,
  0xbf, 0x70, 0x23, 0xf0, 0x99, 0x38, 0xe2, 0x3d, 0xff, 0xf1, 0x04, 0x31,
  0xdf, 0x05, 0xf8, 0x33, 0x44, 0x62, 0x81, 0xd4, 0x1c, 0xeb, 0xe9, 0x4f,
  0xc9, 0xf2, 0xfd, 0x3a, 0xe2, 0xf8, 0x45, 0x0c, 0xff, 0x12, 0xc1, 0x39,
  0xe0, 0x1f, 0xcc, 0xe9, 0x0a, 0x10, 0x24, 0x10, 0x44, 0xfe, 0x27, 0x08,
  0xbf, 0x51, 0x3f, 0x0d, 0x0b, 0xe5, 0xf1, 0xc5, 0xe4, 0xbb, 0x1c, 0xdb,
  0x04, 0x67, 0xb8, 0xba, 0xf3, 0xd3, 0x46, 0x1d, 0xc8, 0xdf, 0xe6, 0x20,
  0x4d, 0x10, 0xe3, 0x30, 0xb7, 0xdf, 0x6f, 0xea, 0x94, 0xee, 0xf5, 0x1a,
  0x1b, 0xda, 0xf2, 0x34, 0xc8, 0x28, 0xe0, 0x3c, 0xe6, 0x21, 0xf2, 0x11,
  0xdb, 0x22, 0xdd, 0x26, 0x7f, 0x2f, 0xfc, 0xfb, 0xbf, 0xc7, 0x2f, 0x81,
  0xf1, 0x0e, 0xe6, 0xc3, 0x06, 0x3c, 0xd1, 0x40, 0xb5, 0x18, 0x36, 0x09,
  0x42, 0x2d, 0x42, 0x08, 0x20, 0x02, 0xf3, 0xca, 0x34, 0xb5, 0x0c, 0xc9,
  0xf2, 0xe7, 0x1f, 0xc2, 0xf0, 0xdd, 0x32, 0xf4, 0xe7, 0x22, 0x27, 0x40,
  0x52, 0x09, 0x14, 0xee, 0xfe, 0xfc, 0xd9, 0x25, 0xbf, 0xc7, 0x23, 0x1b,
  0xc8, 0xc9, 0x0b, 0xb5, 0xa1, 0x0a, 0x81, 0x23, 0x15, 0xd0, 0x38, 0x15,
  0xe0, 0x0b, 0x0c, 0x75, 0xf3, 0xfd, 0x58, 0x36, 0xb8, 0xf7, 0x41, 0x16,
  0x0f, 0xdd, 0xe6, 0xc4, 0xe2, 0x47, 0x45, 0xac, 0xc9, 0x4b, 0x38, 0xe2,
  0xbf, 0x44, 0x4f, 0xcd, 0x02, 0xdf, 0xd2, 0x0c, 0x16, 0xfc, 0x0e, 0xea,
  0x12, 0x13, 0xd3, 0xd4, 0x81, 0xdf, 0x65, 0x16, 0x0a, 0xea, 0x24, 0x01,
  0x12, 0x29, 0x03, 0xed, 0xcf, 0x07, 0xf0, 0xdc, 0x2b, 0xf8, 0xdb, 0x07,
  0xfa, 0xef, 0xe0, 0xd2, 0x93, 0xcf, 0xdd, 0xfe, 0x33, 0xe8, 0xea, 0x04,
  0x3d, 0x07, 0x2d, 0xeb, 0x1a, 0xd3, 0x21, 0x11, 0x4e, 0xf5, 0xff, 0xff,
  0x04, 0x00, 0x00, 0x00, 0x20, 0x00, 0x00, 0x00, 0x9e, 0xd2, 0xff, 0xff,
  0x85, 0xf6, 0xff, 0xff, 0xf4, 0xff, 0xff, 0xff, 0xef, 0xd9, 0xff, 0xff,
  0xb2, 0x14, 0x00, 0x00, 0x9f, 0xf4, 0xff, 0xff, 0x1b, 0x27, 0x00, 0x00,
  0xda, 0x27, 0x00, 0x00, 0x7a, 0xf5, 0xff, 0xff, 0x04, 0x00, 0x00, 0x00,
  0x80, 0x01, 0x00, 0x00, 0xfc, 0x14, 0x7f, 0xf9, 0xff, 0x29, 0x02, 0xa8,
  0x56, 0xcf, 0x41, 0xbd, 0xf1, 0xc5, 0x7f, 0x10, 0x33, 0x46, 0x4f, 0xc5,
  0xc0, 0x0c, 0x7f, 0xdd, 0xfd, 0x15, 0xff, 0xe4, 0x18, 0xb5, 0x7f, 0x0b,
  0x7f, 0xd4, 0xba, 0xdf, 0x8f, 0xad, 0xe8, 0x4f, 0x21, 0x50, 0x7f, 0x05,
  0x15, 0xd7, 0x1b, 0xd3, 0x7e, 0x6e, 0xf4, 0x7f, 0xaf, 0x22, 0x11, 0x66,
  0xe1, 0xf3, 0xf7, 0x28, 0x25, 0x85, 0x81, 0xe0, 0x72, 0x5a, 0xdd, 0x63,
  0xc5, 0x15, 0x81, 0xb9, 0x7f, 0xec, 0xdf, 0x27, 0x02, 0xe2, 0x11, 0xb6,
  0x4d, 0x15, 0xf7, 0x0c, 0xe6, 0x7f, 0x21, 0x0a, 0x7f, 0xef, 0x02, 0x8b,
  0x5e, 0xcb, 0xc8, 0x45, 0xcb, 0x7d, 0x5c, 0xdf, 0x0d, 0x47, 0xa9, 0x7f,
  0x7f, 0x0a, 0xa6, 0x1b, 0x1a, 0x95, 0x24, 0x8c, 0x71, 0x1b, 0xf9, 0xe7,
  0x81, 0x21, 0xab, 0xf6, 0x0e, 0x0c, 0xa6, 0xea, 0x96, 0xcd, 0x7f, 0x5a,
  0xf3, 0xd2, 0x64, 0x08, 0x7f, 0xbd, 0xc4, 0xd4, 0x15, 0xf5, 0x5c, 0xfb,
  0x7f, 0xc1, 0xbf, 0xf9, 0x7b, 0xcd, 0x7f, 0x2b, 0xe4, 0x29, 0xd1, 0x05,
  0x35, 0x2f, 0x38, 0xcc, 0xdf, 0x81, 0x13, 0xcf, 0x2a, 0xe2, 0x37, 0x7f,
  0x06, 0xc3, 0xb8, 0x44, 0x4d, 0xe7, 0xae, 0x81, 0x3c, 0xbb, 0x0e, 0x65,
  0xbf, 0x92, 0xd5, 0xd9, 0x39, 0xca, 0x7f, 0xa4, 0xf7, 0x19, 0x22, 0xdd,
  0x9b, 0x81, 0x09, 0xe0, 0x7f, 0x06, 0x39, 0x2b, 0xf0, 0xf1, 0xa7, 0x49,
  0x7f, 0x59, 0xfc, 0xb7, 0xd9, 0xf4, 0xf1, 0x7f, 0xb3, 0xe7, 0x27, 0x81,
  0x74, 0xfd, 0xe1, 0xab, 0x63, 0x7f, 0xff, 0xd2, 0x04, 0x46, 0x21, 0x00,
  0x1f, 0x6e, 0xf0, 0xfe, 0x09, 0xd4, 0xf0, 0x7f, 0x7f, 0x1d, 0x6a, 0x73,
  0x28, 0xe5, 0x88, 0x34, 0x7d, 0x81, 0x9f, 0x7d, 0x4a, 0xf4, 0xb2, 0x5c,
  0x52, 0xac, 0x10, 0x30, 0xb2, 0x94, 0x81, 0x39, 0x9a, 0xaf, 0x1e, 0x81,
  0x49, 0xfc, 0xe7, 0xa9, 0x1b, 0x0e, 0x28, 0x2c, 0x1c, 0xb1, 0x7f, 0x22,
  0xc3, 0x62, 0x7f, 0xbe, 0x70, 0x9a, 0xc4, 0x55, 0xc5, 0x1e, 0x16, 0x7f,
  0xff, 0x6f, 0x28, 0xdd, 0x58, 0x20, 0xe2, 0x81, 0x26, 0xfa, 0x1c, 0x29,
  0x32, 0x36, 0x00, 0x0d, 0xbb, 0x7f, 0x42, 0x25, 0xf0, 0xba, 0x13, 0x60,
  0x12, 0x3a, 0xfe, 0x7f, 0x10, 0x0b, 0x81, 0x35, 0xfb, 0xd0, 0xe8, 0x3e,
  0x4a, 0x1b, 0xa8, 0x0b, 0xc4, 0x42, 0xcd, 0x7f, 0x1b, 0x0b, 0x18, 0xdf,
  0xa0, 0x81, 0xf5, 0xf7, 0xa7, 0x3f, 0xa2, 0x7b, 0xf3, 0x50, 0xe4, 0x81,
  0xed, 0x06, 0xea, 0x81, 0xe9, 0x00, 0xf5, 0xa9, 0x4d, 0x24, 0x23, 0x4e,
  0x14, 0x7f, 0xd6, 0x23, 0xfc, 0x49, 0xe4, 0x13, 0x7f, 0xd9, 0xb5, 0xf6,
  0x30, 0xc5, 0x0c, 0x7f, 0x45, 0x0d, 0xd7, 0x3e, 0xf2, 0xaf, 0x30, 0xf9,
  0x7f, 0x10, 0x35, 0x14, 0x06, 0xf7, 0xff, 0xff, 0x04, 0x00, 0x00, 0x00,
  0xc0, 0x00, 0x00, 0x00, 0xfa, 0x04, 0x00, 0x00, 0xde, 0xfc, 0xff, 0xff,
  0xff, 0x0c, 0x00, 0x00, 0x3c, 0x08, 0x00, 0x00, 0xbf, 0x0a, 0x00, 0x00,
  0xcd, 0x00, 0x00, 0x00, 0x17, 0x06, 0x00, 0x00, 0x56, 0x0d, 0x00, 0x00,
  0xb3, 0xf7, 0xff, 0xff, 0x5e, 0xfb, 0xff, 0xff, 0x79, 0xfb, 0xff, 0xff,
  0x2e, 0x13, 0x00, 0x00, 0xf3, 0x09, 0x00, 0x00, 0x35, 0x0e, 0x00, 0x00,
  0xf2, 0x1a, 0x00, 0x00, 0x72, 0xf7, 0xff, 0xff, 0x1e, 0xf5, 0xff, 0xff,
  0xdc, 0x20, 0x00, 0x00, 0x2f, 0x0a, 0x00, 0x00, 0x64, 0x0f, 0x00, 0x00,
  0x43, 0x0c, 0x00, 0x00, 0x5c, 0x2c, 0x00, 0x00, 0xf8, 0x45, 0x00, 0x00,
  0x75, 0x02, 0x00, 0x00, 0x43, 0xfb, 0xff, 0xff, 0xe2, 0x05, 0x00, 0x00,
  0xde, 0x00, 0x00, 0x00, 0x5d, 0xfd, 0xff, 0xff, 0x0d, 0x06, 0x00, 0x00,
  0x8f, 0x07, 0x00, 0x00, 0xab, 0x0b, 0x00, 0x00, 0xd7, 0x13, 0x00, 0x00,
  0x4c, 0xfc, 0xff, 0xff, 0xf2, 0x01, 0x00, 0x00, 0x11, 0x21, 0x00, 0x00,
  0x5a, 0x09, 0x00, 0x00, 0xba, 0x13, 0x00, 0x00, 0xda, 0x08, 0x00, 0x00,
  0x38, 0x04, 0x00, 0x00, 0x6a, 0xfc, 0xff, 0xff, 0x84, 0x0f, 0x00, 0x00,
  0xcd, 0xfb, 0xff, 0xff, 0x04, 0x17, 0x00, 0x00, 0xb8, 0xff, 0xff, 0xff,
  0x3a, 0x01, 0x00, 0x00, 0x9f, 0x08, 0x00, 0x00, 0xe9, 0xfc, 0xff, 0xff,
  0xda, 0x0c, 0x00, 0x00, 0xd2, 0xf7, 0xff, 0xff, 0x04, 0x00, 0x00, 0x00,
  0x00, 0x06, 0x00, 0x00, 0xcf, 0xc1, 0x6f, 0x0f, 0x63, 0xf7, 0xab, 0x9e,
  0x3f, 0x97, 0xa4, 0xf6, 0x3c, 0x0d, 0xdf, 0x3a, 0xc4, 0xc5, 0xc4, 0xce,
  0xbb, 0x9b, 0x08, 0x73, 0x95, 0x0b, 0x3d, 0xd3, 0x72, 0xfc, 0xda, 0xb0,
  0x44, 0xc6, 0xa7, 0x45, 0x93, 0xb4, 0x97, 0x1e, 0x4e, 0xae, 0xa4, 0x54,
  0x39, 0x81, 0x6b, 0xe1, 0xd0, 0x2b, 0xc6, 0xf5, 0xdb, 0x54, 0x2f, 0xee,
  0x5a, 0x95, 0xa7, 0x73, 0x51, 0xdc, 0x25, 0x31, 0x49, 0xd6, 0x31, 0x75,
  0xc8, 0x01, 0x22, 0x04, 0x32, 0x20, 0xb0, 0x7f, 0x0c, 0x0a, 0x64, 0xbc,
  0x23, 0x5a, 0xf4, 0x22, 0x42, 0x4d, 0xf2, 0x9b, 0xcc, 0xe5, 0xe7, 0x9b,
  0xee, 0x1b, 0xdb, 0xc8, 0x20, 0x24, 0xbe, 0x4b, 0xed, 0xbb, 0x46, 0x4b,
  0x98, 0x43, 0xd5, 0x6e, 0x4c, 0xe7, 0x44, 0x93, 0xb9, 0xdd, 0x16, 0x27,
  0x9a, 0xec, 0x5f, 0x08, 0xde, 0x4c, 0x7f, 0xfd, 0xb4, 0x3c, 0x48, 0x4f,
  0xda, 0xe0, 0xa0, 0x92, 0xad, 0x4f, 0x59, 0xf6, 0x93, 0xaf, 0x02, 0x06,
  0xa7, 0x5e, 0xde, 0xb6, 0x57, 0x02, 0x35, 0xfa, 0xbd, 0x44, 0xaa, 0x35,
  0x45, 0x29, 0x51, 0x09, 0x68, 0x6d, 0x53, 0xfb, 0x6b, 0x6c, 0xdd, 0x1e,
  0x7f, 0xb7, 0xcc, 0xa5, 0x01, 0xa6, 0x87, 0x7b, 0x3d, 0xb7, 0x59, 0x14,
  0xa3, 0xf1, 0x00, 0x03, 0xb3, 0xf9, 0x32, 0x18, 0xf1, 0xc1, 0xb4, 0xeb,
  0x5a, 0x2f, 0xe7, 0xb4, 0x46, 0x6e, 0x11, 0x3f, 0xeb, 0xf8, 0x33, 0x0a,
  0x50, 0x6b, 0x0e, 0x40, 0x2f, 0xe5, 0x04, 0xa8, 0xbe, 0x06, 0xd2, 0x1b,
  0x7a, 0xae, 0x5d, 0x1d, 0x04, 0x12, 0x0a, 0xdc, 0xdf, 0x35, 0xc4, 0xd5,
  0x19, 0x7f, 0x1a, 0xa7, 0xdc, 0x0d, 0x97, 0x0a, 0xdd, 0xaf, 0xc1, 0x89,
  0x38, 0x76, 0x2f, 0x38, 0x6f, 0x91, 0x57, 0x63, 0x25, 0xa6, 0x2c, 0x4d,
  0x7f, 0xa7, 0xe4, 0xb4, 0x17, 0x77, 0x28, 0x2d, 0x52, 0x4f, 0xc4, 0x73,
  0x34, 0x3b, 0x20, 0xf9, 0xa1, 0xac, 0xe7, 0x96, 0x41, 0x33, 0x1c, 0xaf,
  0xd5, 0x17, 0xcf, 0x24, 0x85, 0xd8, 0x3a, 0x29, 0x9a, 0xe5, 0x3a, 0x50,
  0xe1, 0x2e, 0x3b, 0xd9, 0x0c, 0xce, 0x6b, 0x46, 0xa7, 0xb9, 0xf7, 0x3b,
  0xeb, 0xa9, 0x01, 0xa5, 0x50, 0x31, 0x6e, 0x82, 0x38, 0xfc, 0xfa, 0x60,
  0xab, 0x84, 0x68, 0x34, 0xbd, 0xa7, 0xff, 0xc0, 0xdd, 0x87, 0x2d, 0xad,
  0xa5, 0x81, 0xcc, 0x91, 0xf2, 0x22, 0x8f, 0x49, 0x52, 0x32, 0x12, 0xf0,
  0x8a, 0x63, 0x1f, 0xd1, 0x7e, 0x46, 0xe9, 0xde, 0xbc, 0x7c, 0xfb, 0xfd,
  0x7f, 0x10, 0xb2, 0x15, 0x44, 0xb3, 0x38, 0x38, 0x05, 0x19, 0x0d, 0x77,
  0x3e, 0x29, 0x01, 0x56, 0xce, 0x6e, 0xf2, 0x49, 0xc1, 0x74, 0xf1, 0x2a,
  0xec, 0x21, 0x48, 0x6d, 0xa4, 0x62, 0xff, 0xbb, 0x64, 0xa6, 0x5c, 0x38,
  0x42, 0x06, 0x6d, 0x95, 0x1b, 0x12, 0xe8, 0xc4, 0x2f, 0x2a, 0xd2, 0x01,
  0x19, 0x35, 0x2f, 0x51, 0x0d, 0xed, 0xc1, 0xc5, 0xd5, 0x61, 0xd8, 0x20,
  0x2d, 0xf2, 0x51, 0x6f, 0xac, 0x4e, 0x0a, 0x4e, 0xd7, 0x24, 0xba, 0x71,
  0x39, 0xf7, 0x38, 0x0f, 0x64, 0x0b, 0xfa, 0x3b, 0x43, 0x6b, 0xb2, 0x81,
  0x06, 0xfb, 0xff, 0x63, 0x18, 0x24, 0x7f, 0x44, 0x73, 0xb3, 0xe8, 0xa4,
  0x2d, 0x2e, 0x10, 0x52, 0x0b, 0xcd, 0xc7, 0x07, 0x04, 0x18, 0xbf, 0xdd,
  0x11, 0x7b, 0xc8, 0xc1, 0x71, 0x20, 0x2e, 0x32, 0x0e, 0xd8, 0xc4, 0x6f,
  0x63, 0x12, 0x33, 0x04, 0xe7, 0x2b, 0xf8, 0xf3, 0x50, 0xcc, 0x46, 0x00,
  0x5a, 0x1f, 0xa4, 0x4c, 0xdf, 0x3d, 0x4a, 0xd8, 0xf8, 0x53, 0x55, 0x15,
  0x25, 0x1f, 0x1c, 0xd7, 0x50, 0x40, 0xf1, 0xff, 0xcd, 0x40, 0xc6, 0xdc,
  0xfb, 0x1b, 0x2d, 0xd3, 0x22, 0x2f, 0x81, 0xbf, 0xe7, 0x41, 0xc4, 0xce,
  0x15, 0x4d, 0x59, 0x3d, 0xeb, 0x0f, 0xf0, 0xfa, 0xef, 0x48, 0xba, 0xde,
  0xc9, 0xdf, 0x06, 0xda, 0x6b, 0x0e, 0xe7, 0x62, 0x72, 0x25, 0x2e, 0x13,
  0x6c, 0x58, 0xab, 0x73, 0xf1, 0x9d, 0x13, 0xb0, 0xc2, 0x8a, 0x39, 0x1f,
  0x14, 0x44, 0x0f, 0x81, 0x8e, 0xa8, 0xe5, 0x52, 0x48, 0xed, 0x10, 0xdf,
  0x9e, 0xa9, 0x2c, 0x25, 0xb7, 0x46, 0xd6, 0xb6, 0xdc, 0x62, 0xa6, 0x01,
  0xcf, 0xb7, 0x9a, 0x99, 0x0e, 0x4e, 0xe4, 0x0e, 0x58, 0xfa, 0xe1, 0x1e,
  0xba, 0x25, 0x09, 0x2d, 0xf8, 0x14, 0x34, 0xe1, 0xd5, 0x02, 0xe7, 0xce,
  0x12, 0x1a, 0x2a, 0x42, 0xdd, 0xf8, 0x75, 0xcd, 0x44, 0x04, 0x0b, 0x5f,
  0xee, 0xd4, 0xf6, 0x13, 0x21, 0xe6, 0x12, 0x40, 0x72, 0x17, 0xc0, 0x13,
  0x06, 0xd6, 0xf4, 0x7f, 0x70, 0xb2, 0x63, 0x6c, 0x50, 0x7f, 0x5a, 0x53,
  0x54, 0xba, 0xf9, 0xd3, 0x48, 0x5a, 0x3b, 0xde, 0xac, 0xcd, 0xbb, 0x2e,
  0x54, 0xeb, 0x7b, 0xea, 0xc1, 0x0d, 0x01, 0xff, 0xc0, 0xbb, 0x52, 0x32,
  0x21, 0x76, 0xfb, 0x34, 0x9b, 0xd4, 0x21, 0x54, 0xae, 0x62, 0xe2, 0xfa,
  0xcc, 0x2c, 0x13, 0xe8, 0xd6, 0xae, 0x5b, 0x49, 0x49, 0xf3, 0xff, 0x9a,
  0xc5, 0xe9, 0x4a, 0x4b, 0xee, 0xbe, 0xb5, 0xb3, 0xba, 0xd1, 0x17, 0x21,
  0xe4, 0x23, 0x04, 0x41, 0xa9, 0xc7, 0xb5, 0x2b, 0xa5, 0xa3, 0xb6, 0x29,
  0x3c, 0xf8, 0xe9, 0x0f, 0x5d, 0x75, 0x25, 0x81, 0xfe, 0x9f, 0x28, 0x4a,
  0x4a, 0xa3, 0x47, 0xb2, 0x1f, 0xf2, 0xf5, 0x43, 0x5e, 0xb4, 0x48, 0x8e,
  0x46, 0x02, 0xcf, 0x17, 0x79, 0xff, 0xb8, 0x86, 0x3c, 0x0e, 0xb7, 0x1a,
  0x2c, 0x1b, 0x46, 0x58, 0x60, 0x56, 0x0b, 0x71, 0x1b, 0x40, 0x41, 0xa0,
  0xf0, 0xfd, 0xc5, 0x04, 0xcf, 0x7f, 0x6c, 0xa0, 0x1e, 0x50, 0xd4, 0xe9,
  0x2c, 0xb1, 0xd4, 0xb3, 0xc7, 0xec, 0x60, 0xdc, 0x20, 0x7d, 0xdc, 0x3f,
  0x39, 0x48, 0x8a, 0x31, 0xe7, 0xeb, 0xcb, 0xd4, 0x7f, 0x57, 0x3e, 0x52,
  0x7f, 0x4c, 0xeb, 0x48, 0xdb, 0x1b, 0xc2, 0x29, 0xb4, 0x1b, 0x2c, 0x1c,
  0x9e, 0x5f, 0x44, 0x49, 0xca, 0x21, 0xde, 0xd6, 0x00, 0xf1, 0x58, 0x45,
  0x2e, 0x72, 0x74, 0xfa, 0x17, 0x88, 0x13, 0x48, 0xc8, 0x83, 0xb1, 0x94,
  0x1d, 0x9d, 0x47, 0x24, 0x55, 0x33, 0x81, 0x29, 0x23, 0x29, 0x5b, 0x68,
  0x95, 0xe8, 0x05, 0xc3, 0x09, 0x31, 0xbd, 0x0c, 0x5d, 0xbc, 0xd2, 0x41,
  0xea, 0xde, 0x13, 0xfa, 0xc3, 0x58, 0x99, 0xdb, 0x91, 0xce, 0xe6, 0xf2,
  0xf8, 0xff, 0x49, 0x85, 0xbb, 0x75, 0x77, 0xf1, 0x42, 0x90, 0x9d, 0x0f,
  0xd7, 0x28, 0x81, 0x12, 0xf7, 0x2b, 0x6b, 0x15, 0x04, 0x0f, 0x2d, 0xfd,
  0x50, 0x29, 0x57, 0xc7, 0xe9, 0xb2, 0x2d, 0x3d, 0x17, 0xfe, 0x3b, 0x50,
  0x5c, 0xf4, 0xcb, 0xc6, 0x29, 0x40, 0x1d, 0x60, 0x23, 0xeb, 0x01, 0x59,
  0x89, 0x0a, 0x07, 0x3f, 0x11, 0x1e, 0x4b, 0x24, 0x3a, 0xa4, 0x60, 0x5a,
  0x5d, 0xbc, 0x1b, 0xf3, 0x9a, 0x1f, 0xc3, 0x3b, 0x48, 0x90, 0x6e, 0x38,
  0xe5, 0x50, 0xc3, 0x09, 0x4b, 0xac, 0x1c, 0xb7, 0x9d, 0x81, 0xbb, 0x2c,
  0x50, 0xa6, 0x1e, 0xfb, 0x07, 0xb5, 0xc3, 0x94, 0x2c, 0x83, 0xa7, 0x0b,
  0xa4, 0x19, 0x59, 0x9f, 0xee, 0x5d, 0x43, 0x54, 0xa3, 0x52, 0x09, 0x2b,
  0x0a, 0xfd, 0xbe, 0x0c, 0xff, 0x4b, 0x27, 0xaa, 0xbd, 0xcb, 0xb9, 0xd1,
  0x08, 0xc6, 0xa2, 0xa8, 0x5c, 0xd2, 0x90, 0x4a, 0x0b, 0x03, 0xc8, 0x6a,
  0x68, 0x1f, 0xe3, 0x2d, 0x33, 0xe9, 0xe3, 0x81, 0xb6, 0xce, 0x95, 0x95,
  0xf4, 0xb0, 0xa8, 0x62, 0x71, 0x50, 0x5a, 0x9f, 0x64, 0xc0, 0x5d, 0x1a,
  0x0e, 0xcc, 0xc3, 0x2f, 0x13, 0x35, 0xd5, 0x94, 0x88, 0xec, 0x2b, 0xfe,
  0x7f, 0xd4, 0x52, 0xb1, 0x4f, 0xb0, 0x9e, 0x61, 0x1e, 0x14, 0xfb, 0xf2,
  0xd0, 0x24, 0xaa, 0x96, 0x7c, 0x73, 0x8d, 0xaf, 0xfe, 0x08, 0x29, 0xdb,
  0xab, 0xb7, 0xbe, 0x62, 0x15, 0xca, 0xad, 0x96, 0x53, 0xbf, 0x68, 0x2c,
  0xa2, 0x57, 0xb4, 0x8e, 0x65, 0x8f, 0x81, 0xaa, 0x21, 0x48, 0x89, 0xb7,
  0x4c, 0xaa, 0x13, 0x12, 0x5d, 0xfc, 0x82, 0x64, 0xbb, 0xab, 0xba, 0x86,
  0x25, 0x35, 0x06, 0x00, 0xfb, 0xeb, 0xba, 0x8c, 0xf8, 0xe7, 0xf5, 0x54,
  0x34, 0x82, 0x58, 0xe0, 0x37, 0x9b, 0xfe, 0x42, 0x4e, 0xa7, 0x0d, 0xc1,
  0x45, 0xce, 0x37, 0x2d, 0xff, 0xb2, 0x04, 0xe5, 0x66, 0xec, 0x94, 0x68,
  0x68, 0xb0, 0x64, 0xf7, 0xed, 0xdd, 0x30, 0xfc, 0x4c, 0x39, 0x46, 0xe8,
  0xc3, 0x3b, 0x1d, 0x29, 0x3f, 0xe4, 0xa3, 0x1b, 0x8b, 0x1c, 0x16, 0x86,
  0xae, 0xc3, 0x7f, 0x17, 0xc9, 0xd4, 0xb2, 0xcf, 0xb0, 0xae, 0xd4, 0xbb,
  0x4e, 0x7f, 0x5c, 0x2d, 0x74, 0x49, 0xe8, 0x86, 0xba, 0x33, 0x28, 0xe0,
  0x67, 0xbe, 0xd3, 0xf0, 0x43, 0xf7, 0x0b, 0x49, 0x71, 0x43, 0x0a, 0xd2,
  0xcc, 0x1a, 0x38, 0x29, 0xd7, 0xc1, 0x41, 0xdb, 0xc4, 0xbf, 0x6a, 0xd1,
  0x25, 0xee, 0x38, 0x3e, 0xc1, 0xf2, 0xc5, 0x24, 0x71, 0xc6, 0xa2, 0x54,
  0x1c, 0xac, 0xc0, 0x2d, 0x3e, 0x1f, 0xb3, 0x1f, 0xe1, 0x50, 0x15, 0xbf,
  0x4b, 0x6c, 0x27, 0xf5, 0xf8, 0xd9, 0xdc, 0x0b, 0x49, 0xb3, 0x40, 0x7f,
  0x7b, 0xc8, 0x43, 0x52, 0x69, 0xc4, 0x05, 0x25, 0xcc, 0x6a, 0xcb, 0x3a,
  0x3f, 0x36, 0x41, 0x4d, 0x23, 0xae, 0xec, 0xfe, 0xb8, 0x0d, 0xfc, 0x11,
  0xd3, 0xc6, 0x58, 0x30, 0xc4, 0xed, 0x00, 0xf1, 0x7f, 0x19, 0xc4, 0xdb,
  0x24, 0x25, 0x3e, 0x1d, 0x3a, 0x36, 0x0f, 0x1f, 0x17, 0x24, 0xab, 0xfd,
  0xe7, 0xf0, 0xc6, 0xbb, 0xcb, 0x36, 0xd0, 0x78, 0xba, 0x70, 0x29, 0x0f,
  0xc8, 0x50, 0xee, 0x38, 0x08, 0x10, 0xcd, 0xce, 0xa8, 0xcd, 0xc9, 0x02,
  0x24, 0x57, 0x17, 0xa2, 0xe3, 0x3a, 0x3e, 0xf1, 0x46, 0xf6, 0x2c, 0xc7,
  0xb8, 0x08, 0xed, 0x07, 0xa6, 0x24, 0xae, 0xfc, 0x46, 0x18, 0xe3, 0xf4,
  0x3b, 0x51, 0xbf, 0xbc, 0xb1, 0xc5, 0xa2, 0x7f, 0xad, 0x15, 0x1c, 0x18,
  0x4b, 0x1f, 0x3b, 0x55, 0x51, 0x23, 0x5e, 0x33, 0xe5, 0xcf, 0xc4, 0xd0,
  0xe9, 0xb2, 0x4f, 0x60, 0xf6, 0xd3, 0x36, 0x79, 0x3d, 0x67, 0xe5, 0x46,
  0xed, 0x42, 0xdd, 0xd5, 0xbd, 0x63, 0xf3, 0xf6, 0xdf, 0xc8, 0x27, 0x15,
  0xe2, 0x0d, 0x52, 0x41, 0x41, 0xe5, 0x03, 0x39, 0x7f, 0x20, 0xd3, 0x60,
  0xcf, 0x01, 0x03, 0x45, 0x27, 0x42, 0x2b, 0xe9, 0xe4, 0x07, 0xaf, 0x0d,
  0x41, 0xf3, 0xc2, 0xda, 0x58, 0xc1, 0xe8, 0x22, 0xc3, 0x53, 0x15, 0xda,
  0xd4, 0xfe, 0x38, 0x08, 0xe6, 0x1f, 0x09, 0xed, 0xc7, 0xf9, 0x63, 0x0b,
  0x42, 0x14, 0xdc, 0xe2, 0x0d, 0x4b, 0x14, 0x7f, 0x3e, 0x4e, 0xeb, 0x45,
  0x00, 0x4d, 0xdc, 0x16, 0x2b, 0xdd, 0xe6, 0x2f, 0xb1, 0x2a, 0xe2, 0xef,
  0x70, 0x06, 0x15, 0xf0, 0xc4, 0x1c, 0x42, 0xe7, 0xf1, 0x2d, 0x61, 0xbf,
  0x31, 0xbb, 0xa8, 0x07, 0xba, 0x34, 0x9c, 0x7f, 0x0d, 0xb9, 0xb7, 0x0e,
  0x82, 0xd8, 0xaf, 0xe3, 0x22, 0x08, 0x02, 0xd2, 0x58, 0xaa, 0xff, 0x38,
  0x6d, 0xe9, 0x5f, 0x39, 0x4e, 0xa1, 0x1f, 0x5f, 0x2f, 0x39, 0xbe, 0x97,
  0xdc, 0xe8, 0xac, 0xa9, 0x61, 0x81, 0xcc, 0x69, 0xd7, 0xa3, 0x20, 0x2c,
  0x3a, 0x20, 0xde, 0x65, 0x25, 0x8a, 0x47, 0x22, 0xb1, 0xb0, 0x2e, 0x68,
  0x31, 0x0f, 0xa0, 0xf3, 0x5f, 0xdc, 0xb8, 0x8c, 0x3a, 0xb5, 0xdd, 0x23,
  0x00, 0xc5, 0xd5, 0x1b, 0xde, 0xfd, 0xff, 0xff, 0x04, 0x00, 0x00, 0x00,
  0x80, 0x00, 0x00, 0x00, 0xf5, 0x00, 0x00, 0x00, 0xb5, 0x00, 0x00, 0x00,
  0x96, 0xfe, 0xff, 0xff, 0xde, 0x01, 0x00, 0x00, 0xb9, 0x01, 0x00, 0x00,
  0xa4, 0x02, 0x00, 0x00, 0x77, 0xfe, 0xff, 0xff, 0x99, 0x01, 0x00, 0x00,
  0x28, 0x02, 0x00, 0x00, 0xe7, 0x04, 0x00, 0x00, 0x59, 0x01, 0x00, 0x00,
  0x3c, 0xfe, 0xff, 0xff, 0xb6, 0x03, 0x00, 0x00, 0x29, 0x02, 0x00, 0x00,
  0x2a, 0x01, 0x00, 0x00, 0xc1, 0x00, 0x00, 0x00, 0x09, 0x02, 0x00, 0x00,
  0xf1, 0xfd, 0xff, 0xff, 0xf0, 0x09, 0x00, 0x00, 0xc2, 0xfe, 0xff, 0xff,
  0x4e, 0xfd, 0xff, 0xff, 0xee, 0x01, 0x00, 0x00, 0xd8, 0xfd, 0xff, 0xff,
  0xf8, 0x00, 0x00, 0x00, 0xc1, 0x01, 0x00, 0x00, 0x9d, 0x05, 0x00, 0x00,
  0xb9, 0xfe, 0xff, 0xff, 0xc4, 0xff, 0xff, 0xff, 0x59, 0x06, 0x00, 0x00,
  0xfe, 0x01, 0x00, 0x00, 0x36, 0x02, 0x00, 0x00, 0xaf, 0xfe, 0xff, 0xff,
  0x6a, 0xfe, 0xff, 0xff, 0x04, 0x00, 0x00, 0x00, 0x60, 0x00, 0x00, 0x00,
  0x48, 0x22, 0x65, 0xb1, 0xd4, 0x1b, 0xdd, 0x13, 0x05, 0x11, 0x0f, 0xd0,
  0x18, 0xc0, 0x53, 0xfb, 0xdb, 0x1a, 0x7f, 0x52, 0xde, 0xea, 0x2b, 0xd2,
  0xa1, 0x7d, 0xab, 0x05, 0x60, 0x25, 0xc2, 0x02, 0x31, 0xe8, 0xc6, 0x21,
  0x04, 0x7f, 0xf6, 0x03, 0x75, 0xae, 0x0a, 0xc2, 0xa2, 0x6b, 0x1e, 0xd8,
  0x5e, 0xd9, 0xd0, 0xac, 0xa1, 0x15, 0x5e, 0x4d, 0x23, 0xfb, 0x0a, 0xf0,
  0x92, 0xac, 0x06, 0xec, 0xd6, 0x47, 0xc3, 0x48, 0x48, 0xdf, 0xea, 0x62,
  0x46, 0x26, 0x6b, 0x05, 0x81, 0xbf, 0x4b, 0x67, 0xc2, 0xda, 0xe9, 0xa6,
  0x40, 0x66, 0xd1, 0xaf, 0x50, 0xb2, 0xe2, 0x94, 0xf4, 0xb2, 0x5b, 0xf1,
  0xd6, 0xfe, 0xff, 0xff, 0x04, 0x00, 0x00, 0x00, 0x0c, 0x00, 0x00, 0x00,
  0x57, 0x4f, 0x00, 0x00, 0xe4, 0x92, 0xff, 0xff, 0x28, 0x9a, 0xff, 0xff,
  0xee, 0xfe, 0xff, 0xff, 0x04, 0x00, 0x00, 0x00, 0x20, 0x00, 0x00, 0x00,
  0x00, 0x00, 0x00, 0x00, 0x00, 0x00, 0x00, 0x00, 0x00, 0x00, 0x00, 0x00,
  0x01, 0x00, 0x00, 0x00, 0x00, 0x00, 0x00, 0x00, 0x01, 0x00, 0x00, 0x00,
  0x00, 0x00, 0x00, 0x00, 0x00, 0x00, 0x00, 0x00, 0x68, 0x94, 0xff, 0xff,
  0x6c, 0x94, 0xff, 0xff, 0x0f, 0x00, 0x00, 0x00, 0x4d, 0x4c, 0x49, 0x52,
  0x20, 0x43, 0x6f, 0x6e, 0x76, 0x65, 0x72, 0x74, 0x65, 0x64, 0x2e, 0x00,
  0x01, 0x00, 0x00, 0x00, 0x14, 0x00, 0x00, 0x00, 0x00, 0x00, 0x0e, 0x00,
  0x18, 0x00, 0x14, 0x00, 0x10, 0x00, 0x0c, 0x00, 0x08, 0x00, 0x04, 0x00,
  0x0e, 0x00, 0x00, 0x00, 0x14, 0x00, 0x00, 0x00, 0x1c, 0x00, 0x00, 0x00,
  0x64, 0x07, 0x00, 0x00, 0x68, 0x07, 0x00, 0x00, 0x6c, 0x07, 0x00, 0x00,
  0x04, 0x00, 0x00, 0x00, 0x6d, 0x61, 0x69, 0x6e, 0x00, 0x00, 0x00, 0x00,
  0x1c, 0x00, 0x00, 0x00, 0x00, 0x07, 0x00, 0x00, 0x98, 0x06, 0x00, 0x00,
  0x40, 0x06, 0x00, 0x00, 0x0c, 0x06, 0x00, 0x00, 0xcc, 0x05, 0x00, 0x00,
  0x98, 0x05, 0x00, 0x00, 0x3c, 0x05, 0x00, 0x00, 0x00, 0x05, 0x00, 0x00,
  0xc0, 0x04, 0x00, 0x00, 0x78, 0x04, 0x00, 0x00, 0x3c, 0x04, 0x00, 0x00,
  0x08, 0x04, 0x00, 0x00, 0xc8, 0x03, 0x00, 0x00, 0x94, 0x03, 0x00, 0x00,
  0x48, 0x03, 0x00, 0x00, 0x0c, 0x03, 0x00, 0x00, 0xcc, 0x02, 0x00, 0x00,
  0x84, 0x02, 0x00, 0x00, 0x48, 0x02, 0x00, 0x00, 0x14, 0x02, 0x00, 0x00,
  0xd4, 0x01, 0x00, 0x00, 0x8c, 0x01, 0x00, 0x00, 0x50, 0x01, 0x00, 0x00,
  0x1c, 0x01, 0x00, 0x00, 0xdc, 0x00, 0x00, 0x00, 0x8c, 0x00, 0x00, 0x00,
  0x40, 0x00, 0x00, 0x00, 0x04, 0x00, 0x00, 0x00, 0xe2, 0xf9, 0xff, 0xff,
  0x1c, 0x00, 0x00, 0x00, 0x00, 0x00, 0x00, 0x09, 0x1c, 0x00, 0x00, 0x00,
  0x20, 0x00, 0x00, 0x00, 0x04, 0x00, 0x00, 0x00, 0x00, 0x00, 0x06, 0x00,
  0x08, 0x00, 0x04, 0x00, 0x06, 0x00, 0x00, 0x00, 0x00, 0x00, 0x80, 0x3f,
  0x01, 0x00, 0x00, 0x00, 0x47, 0x00, 0x00, 0x00, 0x01, 0x00, 0x00, 0x00,
  0x46, 0x00, 0x00, 0x00, 0xb6, 0xf9, 0xff, 0xff, 0x1c, 0x00, 0x00, 0x00,
  0x00, 0x00, 0x00, 0x01, 0x24, 0x00, 0x00, 0x00, 0x28, 0x00, 0x00, 0x00,
  0x00, 0x00, 0x0a, 0x00, 0x10, 0x00, 0x0f, 0x00, 0x08, 0x00, 0x04, 0x00,
  0x0a, 0x00, 0x00, 0x00, 0x01, 0x00, 0x00, 0x00, 0x01, 0x00, 0x00, 0x00,
  0x00, 0x00, 0x00, 0x01, 0x01, 0x00, 0x00, 0x00, 0x46, 0x00, 0x00, 0x00,
  0x03, 0x00, 0x00, 0x00, 0x45, 0x00, 0x00, 0x00, 0x03, 0x00, 0x00, 0x00,
  0x02, 0x00, 0x00, 0x00, 0xfe, 0xf9, 0xff, 0xff, 0x1c, 0x00, 0x00, 0x00,
  0x00, 0x00, 0x00, 0x01, 0x28, 0x00, 0x00, 0x00, 0x2c, 0x00, 0x00, 0x00,
  0x0c, 0x00, 0x14, 0x00, 0x13, 0x00, 0x0c, 0x00, 0x08, 0x00, 0x07, 0x00,
  0x0c, 0x00, 0x00, 0x00, 0x00, 0x00, 0x00, 0x01, 0x01, 0x00, 0x00, 0x00,
  0x01, 0x00, 0x00, 0x00, 0x00, 0x00, 0x00, 0x01, 0x01, 0x00, 0x00, 0x00,
  0x45, 0x00, 0x00, 0x00, 0x03, 0x00, 0x00, 0x00, 0x44, 0x00, 0x00, 0x00,
  0x05, 0x00, 0x00, 0x00, 0x04, 0x00, 0x00, 0x00, 0x4a, 0xfa, 0xff, 0xff,
  0x10, 0x00, 0x00, 0x00, 0x00, 0x00, 0x00, 0x01, 0x18, 0x00, 0x00, 0x00,
  0x1c, 0x00, 0x00, 0x00, 0x3c, 0xfa, 0xff, 0xff, 0x00, 0x00, 0x00, 0x03,
  0x01, 0x00, 0x00, 0x00, 0x01, 0x00, 0x00, 0x00, 0x01, 0x00, 0x00, 0x00,
  0x44, 0x00, 0x00, 0x00, 0x03, 0x00, 0x00, 0x00, 0x43, 0x00, 0x00, 0x00,
  0x07, 0x00, 0x00, 0x00, 0x06, 0x00, 0x00, 0x00, 0xea, 0xfa, 0xff, 0xff,
  0x14, 0x00, 0x00, 0x00, 0x00, 0x00, 0x00, 0x0b, 0x10, 0x00, 0x00, 0x00,
  0x14, 0x00, 0x00, 0x00, 0x02, 0x00, 0x00, 0x00, 0x54, 0x96, 0xff, 0xff,
  0x01, 0x00, 0x00, 0x00, 0x43, 0x00, 0x00, 0x00, 0x02, 0x00, 0x00, 0x00,
  0x3f, 0x00, 0x00, 0x00, 0x42, 0x00, 0x00, 0x00, 0xb6, 0xfa, 0xff, 0xff,
  0x10, 0x00, 0x00, 0x00, 0x00, 0x00, 0x00, 0x01, 0x14, 0x00, 0x00, 0x00,
  0x18, 0x00, 0x00, 0x00, 0x5e, 0xfb, 0xff, 0xff, 0x01, 0x00, 0x00, 0x00,
  0x01, 0x00, 0x00, 0x00, 0x01, 0x00, 0x00, 0x00, 0x42, 0x00, 0x00, 0x00,
  0x03, 0x00, 0x00, 0x00, 0x41, 0x00, 0x00, 0x00, 0x09, 0x00, 0x00, 0x00,
  0x08, 0x00, 0x00, 0x00, 0x52, 0xfb, 0xff, 0xff, 0x14, 0x00, 0x00, 0x00,
  0x00, 0x00, 0x00, 0x02, 0x20, 0x00, 0x00, 0x00, 0x24, 0x00, 0x00, 0x00,
  0x01, 0x00, 0x00, 0x00, 0x42, 0xfb, 0xff, 0xff, 0x00, 0x00, 0x00, 0x03,
  0x01, 0x00, 0x00, 0x00, 0x01, 0x00, 0x00, 0x00, 0x01, 0x00, 0x00, 0x00,
  0x01, 0x00, 0x00, 0x00, 0x41, 0x00, 0x00, 0x00, 0x03, 0x00, 0x00, 0x00,
  0x40, 0x00, 0x00, 0x00, 0x0b, 0x00, 0x00, 0x00, 0x0a, 0x00, 0x00, 0x00,
  0x32, 0xfb, 0xff, 0xff, 0x10, 0x00, 0x00, 0x00, 0x00, 0x00, 0x00, 0x01,
  0x18, 0x00, 0x00, 0x00, 0x1c, 0x00, 0x00, 0x00, 0x24, 0xfb, 0xff, 0xff,
  0x00, 0x00, 0x00, 0x03, 0x01, 0x00, 0x00, 0x00, 0x01, 0x00, 0x00, 0x00,
  0x01, 0x00, 0x00, 0x00, 0x40, 0x00, 0x00, 0x00, 0x03, 0x00, 0x00, 0x00,
  0x3f, 0x00, 0x00, 0x00, 0x0d, 0x00, 0x00, 0x00, 0x0c, 0x00, 0x00, 0x00,
  0xd2, 0xfb, 0xff, 0xff, 0x14, 0x00, 0x00, 0x00, 0x00, 0x00, 0x00, 0x0b,
  0x10, 0x00, 0x00, 0x00, 0x14, 0x00, 0x00, 0x00, 0x02, 0x00, 0x00, 0x00,
  0x3c, 0x97, 0xff, 0xff, 0x01, 0x00, 0x00, 0x00, 0x3f, 0x00, 0x00, 0x00,
  0x02, 0x00, 0x00, 0x00, 0x3b, 0x00, 0x00, 0x00, 0x3e, 0x00, 0x00, 0x00,
  0x9e, 0xfb, 0xff, 0xff, 0x10, 0x00, 0x00, 0x00, 0x00, 0x00, 0x00, 0x01,
  0x14, 0x00, 0x00, 0x00, 0x18, 0x00, 0x00, 0x00, 0x46, 0xfc, 0xff, 0xff,
  0x01, 0x00, 0x00, 0x00, 0x01, 0x00, 0x00, 0x00, 0x01, 0x00, 0x00, 0x00,
  0x3e, 0x00, 0x00, 0x00, 0x03, 0x00, 0x00, 0x00, 0x3d, 0x00, 0x00, 0x00,
  0x0f, 0x00, 0x00, 0x00, 0x0e, 0x00, 0x00, 0x00, 0x3a, 0xfc, 0xff, 0xff,
  0x14, 0x00, 0x00, 0x00, 0x00, 0x00, 0x00, 0x02, 0x20, 0x00, 0x00, 0x00,
  0x24, 0x00, 0x00, 0x00, 0x01, 0x00, 0x00, 0x00, 0x2a, 0xfc, 0xff, 0xff,
  0x00, 0x00, 0x00, 0x03, 0x01, 0x00, 0x00, 0x00, 0x01, 0x00, 0x00, 0x00,
  0x01, 0x00, 0x00, 0x00, 0x01, 0x00, 0x00, 0x00, 0x3d, 0x00, 0x00, 0x00,
  0x03, 0x00, 0x00, 0x00, 0x3c, 0x00, 0x00, 0x00, 0x11, 0x00, 0x00, 0x00,
  0x10, 0x00, 0x00, 0x00, 0x1a, 0xfc, 0xff, 0xff, 0x10, 0x00, 0x00, 0x00,
  0x00, 0x00, 0x00, 0x01, 0x18, 0x00, 0x00, 0x00, 0x1c, 0x00, 0x00, 0x00,
  0x0c, 0xfc, 0xff, 0xff, 0x00, 0x00, 0x00, 0x03, 0x01, 0x00, 0x00, 0x00,
  0x01, 0x00, 0x00, 0x00, 0x01, 0x00, 0x00, 0x00, 0x3c, 0x00, 0x00, 0x00,
  0x03, 0x00, 0x00, 0x00, 0x3b, 0x00, 0x00, 0x00, 0x13, 0x00, 0x00, 0x00,
  0x12, 0x00, 0x00, 0x00, 0x56, 0xfc, 0xff, 0xff, 0x10, 0x00, 0x00, 0x00,
  0x00, 0x00, 0x00, 0x01, 0x14, 0x00, 0x00, 0x00, 0x18, 0x00, 0x00, 0x00,
  0xfe, 0xfc, 0xff, 0xff, 0x01, 0x00, 0x00, 0x00, 0x01, 0x00, 0x00, 0x00,
  0x01, 0x00, 0x00, 0x00, 0x3b, 0x00, 0x00, 0x00, 0x03, 0x00, 0x00, 0x00,
  0x3a, 0x00, 0x00, 0x00, 0x15, 0x00, 0x00, 0x00, 0x14, 0x00, 0x00, 0x00,
  0xf2, 0xfc, 0xff, 0xff, 0x14, 0x00, 0x00, 0x00, 0x00, 0x00, 0x00, 0x02,
  0x24, 0x00, 0x00, 0x00, 0x28, 0x00, 0x00, 0x00, 0x01, 0x00, 0x00, 0x00,
  0x2a, 0xfe, 0xff, 0xff, 0x00, 0x00, 0x00, 0x03, 0x01, 0x00, 0x00, 0x00,
  0x02, 0x00, 0x00, 0x00, 0x02, 0x00, 0x00, 0x00, 0x00, 0x00, 0x00, 0x01,
  0x01, 0x00, 0x00, 0x00, 0x3a, 0x00, 0x00, 0x00, 0x03, 0x00, 0x00, 0x00,
  0x39, 0x00, 0x00, 0x00, 0x17, 0x00, 0x00, 0x00, 0x16, 0x00, 0x00, 0x00,
  0x3a, 0xfd, 0xff, 0xff, 0x14, 0x00, 0x00, 0x00, 0x00, 0x00, 0x00, 0x16,
  0x10, 0x00, 0x00, 0x00, 0x14, 0x00, 0x00, 0x00, 0x03, 0x00, 0x00, 0x00,
  0xa4, 0x98, 0xff, 0xff, 0x01, 0x00, 0x00, 0x00, 0x39, 0x00, 0x00, 0x00,
  0x02, 0x00, 0x00, 0x00, 0x38, 0x00, 0x00, 0x00, 0x01, 0x00, 0x00, 0x00,
  0x06, 0xfd, 0xff, 0xff, 0x10, 0x00, 0x00, 0x00, 0x00, 0x00, 0x00, 0x01,
  0x18, 0x00, 0x00, 0x00, 0x1c, 0x00, 0x00, 0x00, 0xf8, 0xfc, 0xff, 0xff,
  0x00, 0x00, 0x00, 0x03, 0x01, 0x00, 0x00, 0x00, 0x01, 0x00, 0x00, 0x00,
  0x01, 0x00, 0x00, 0x00, 0x38, 0x00, 0x00, 0x00, 0x03, 0x00, 0x00, 0x00,
  0x37, 0x00, 0x00, 0x00, 0x19, 0x00, 0x00, 0x00, 0x18, 0x00, 0x00, 0x00,
  0xa6, 0xfd, 0xff, 0xff, 0x14, 0x00, 0x00, 0x00, 0x00, 0x00, 0x00, 0x0b,
  0x10, 0x00, 0x00, 0x00, 0x14, 0x00, 0x00, 0x00, 0x02, 0x00, 0x00, 0x00,
  0x10, 0x99, 0xff, 0xff, 0x01, 0x00, 0x00, 0x00, 0x37, 0x00, 0x00, 0x00,
  0x02, 0x00, 0x00, 0x00, 0x33, 0x00, 0x00, 0x00, 0x36, 0x00, 0x00, 0x00,
  0x72, 0xfd, 0xff, 0xff, 0x10, 0x00, 0x00, 0x00, 0x00, 0x00, 0x00, 0x01,
  0x14, 0x00, 0x00, 0x00, 0x18, 0x00, 0x00, 0x00, 0x1a, 0xfe, 0xff, 0xff,
  0x01, 0x00, 0x00, 0x00, 0x01, 0x00, 0x00, 0x00, 0x01, 0x00, 0x00, 0x00,
  0x36, 0x00, 0x00, 0x00, 0x03, 0x00, 0x00, 0x00, 0x35, 0x00, 0x00, 0x00,
  0x1b, 0x00, 0x00, 0x00, 0x1a, 0x00, 0x00, 0x00, 0x0e, 0xfe, 0xff, 0xff,
  0x14, 0x00, 0x00, 0x00, 0x00, 0x00, 0x00, 0x02, 0x20, 0x00, 0x00, 0x00,
  0x24, 0x00, 0x00, 0x00, 0x01, 0x00, 0x00, 0x00, 0xfe, 0xfd, 0xff, 0xff,
  0x00, 0x00, 0x00, 0x03, 0x01, 0x00, 0x00, 0x00, 0x01, 0x00, 0x00, 0x00,
  0x01, 0x00, 0x00, 0x00, 0x01, 0x00, 0x00, 0x00, 0x35, 0x00, 0x00, 0x00,
  0x03, 0x00, 0x00, 0x00, 0x34, 0x00, 0x00, 0x00, 0x1d, 0x00, 0x00, 0x00,
  0x1c, 0x00, 0x00, 0x00, 0xee, 0xfd, 0xff, 0xff, 0x10, 0x00, 0x00, 0x00,
  0x00, 0x00, 0x00, 0x01, 0x18, 0x00, 0x00, 0x00, 0x1c, 0x00, 0x00, 0x00,
  0xe0, 0xfd, 0xff, 0xff, 0x00, 0x00, 0x00, 0x03, 0x01, 0x00, 0x00, 0x00,
  0x01, 0x00, 0x00, 0x00, 0x01, 0x00, 0x00, 0x00, 0x34, 0x00, 0x00, 0x00,
  0x03, 0x00, 0x00, 0x00, 0x33, 0x00, 0x00, 0x00, 0x1f, 0x00, 0x00, 0x00,
  0x1e, 0x00, 0x00, 0x00, 0x2a, 0xfe, 0xff, 0xff, 0x10, 0x00, 0x00, 0x00,
  0x00, 0x00, 0x00, 0x01, 0x14, 0x00, 0x00, 0x00, 0x18, 0x00, 0x00, 0x00,
  0xd2, 0xfe, 0xff, 0xff, 0x01, 0x00, 0x00, 0x00, 0x01, 0x00, 0x00, 0x00,
  0x01, 0x00, 0x00, 0x00, 0x33, 0x00, 0x00, 0x00, 0x03, 0x00, 0x00, 0x00,
  0x32, 0x00, 0x00, 0x00, 0x21, 0x00, 0x00, 0x00, 0x20, 0x00, 0x00, 0x00,
  0xc6, 0xfe, 0xff, 0xff, 0x24, 0x00, 0x00, 0x00, 0x00, 0x00, 0x00, 0x02,
  0x34, 0x00, 0x00, 0x00, 0x38, 0x00, 0x00, 0x00, 0x01, 0x00, 0x00, 0x00,
  0x00, 0x00, 0x0e, 0x00, 0x18, 0x00, 0x17, 0x00, 0x10, 0x00, 0x0c, 0x00,
  0x08, 0x00, 0x07, 0x00, 0x0e, 0x00, 0x00, 0x00, 0x00, 0x00, 0x00, 0x03,
  0x01, 0x00, 0x00, 0x00, 0x02, 0x00, 0x00, 0x00, 0x02, 0x00, 0x00, 0x00,
  0x00, 0x00, 0x00, 0x01, 0x01, 0x00, 0x00, 0x00, 0x32, 0x00, 0x00, 0x00,
  0x03, 0x00, 0x00, 0x00, 0x31, 0x00, 0x00, 0x00, 0x23, 0x00, 0x00, 0x00,
  0x22, 0x00, 0x00, 0x00, 0x1e, 0xff, 0xff, 0xff, 0x14, 0x00, 0x00, 0x00,
  0x00, 0x00, 0x00, 0x16, 0x10, 0x00, 0x00, 0x00, 0x14, 0x00, 0x00, 0x00,
  0x03, 0x00, 0x00, 0x00, 0x88, 0x9a, 0xff, 0xff, 0x01, 0x00, 0x00, 0x00,
  0x31, 0x00, 0x00, 0x00, 0x02, 0x00, 0x00, 0x00, 0x30, 0x00, 0x00, 0x00,
  0x01, 0x00, 0x00, 0x00, 0xea, 0xfe, 0xff, 0xff, 0x10, 0x00, 0x00, 0x00,
  0x00, 0x00, 0x00, 0x01, 0x18, 0x00, 0x00, 0x00, 0x1c, 0x00, 0x00, 0x00,
  0xdc, 0xfe, 0xff, 0xff, 0x00, 0x00, 0x00, 0x03, 0x01, 0x00, 0x00, 0x00,
  0x01, 0x00, 0x00, 0x00, 0x01, 0x00, 0x00, 0x00, 0x30, 0x00, 0x00, 0x00,
  0x03, 0x00, 0x00, 0x00, 0x2f, 0x00, 0x00, 0x00, 0x25, 0x00, 0x00, 0x00,
  0x24, 0x00, 0x00, 0x00, 0x8a, 0xff, 0xff, 0xff, 0x14, 0x00, 0x00, 0x00,
  0x00, 0x00, 0x00, 0x0b, 0x10, 0x00, 0x00, 0x00, 0x14, 0x00, 0x00, 0x00,
  0x02, 0x00, 0x00, 0x00, 0xf4, 0x9a, 0xff, 0xff, 0x01, 0x00, 0x00, 0x00,
  0x2f, 0x00, 0x00, 0x00, 0x02, 0x00, 0x00, 0x00, 0x2c, 0x00, 0x00, 0x00,
  0x2e, 0x00, 0x00, 0x00, 0x56, 0xff, 0xff, 0xff, 0x1c, 0x00, 0x00, 0x00,
  0x00, 0x00, 0x00, 0x01, 0x20, 0x00, 0x00, 0x00, 0x24, 0x00, 0x00, 0x00,
  0x00, 0x00, 0x0a, 0x00, 0x0c, 0x00, 0x00, 0x00, 0x08, 0x00, 0x04, 0x00,
  0x0a, 0x00, 0x00, 0x00, 0x01, 0x00, 0x00, 0x00, 0x01, 0x00, 0x00, 0x00,
  0x01, 0x00, 0x00, 0x00, 0x2e, 0x00, 0x00, 0x00, 0x03, 0x00, 0x00, 0x00,
  0x2d, 0x00, 0x00, 0x00, 0x27, 0x00, 0x00, 0x00, 0x26, 0x00, 0x00, 0x00,
  0x00, 0x00, 0x0e, 0x00, 0x1a, 0x00, 0x14, 0x00, 0x10, 0x00, 0x0c, 0x00,
  0x0b, 0x00, 0x04, 0x00, 0x0e, 0x00, 0x00, 0x00, 0x24, 0x00, 0x00, 0x00,
  0x00, 0x00, 0x00, 0x02, 0x30, 0x00, 0x00, 0x00, 0x34, 0x00, 0x00, 0x00,
  0x01, 0x00, 0x00, 0x00, 0x00, 0x00, 0x0e, 0x00, 0x14, 0x00, 0x00, 0x00,
  0x10, 0x00, 0x0c, 0x00, 0x08, 0x00, 0x07, 0x00, 0x0e, 0x00, 0x00, 0x00,
  0x00, 0x00, 0x00, 0x03, 0x01, 0x00, 0x00, 0x00, 0x01, 0x00, 0x00, 0x00,
  0x01, 0x00, 0x00, 0x00, 0x01, 0x00, 0x00, 0x00, 0x2d, 0x00, 0x00, 0x00,
  0x03, 0x00, 0x00, 0x00, 0x2c, 0x00, 0x00, 0x00, 0x29, 0x00, 0x00, 0x00,
  0x28, 0x00, 0x00, 0x00, 0x00, 0x00, 0x0e, 0x00, 0x14, 0x00, 0x00, 0x00,
  0x10, 0x00, 0x0c, 0x00, 0x0b, 0x00, 0x04, 0x00, 0x0e, 0x00, 0x00, 0x00,
  0x1c, 0x00, 0x00, 0x00, 0x00, 0x00, 0x00, 0x01, 0x24, 0x00, 0x00, 0x00,
  0x28, 0x00, 0x00, 0x00, 0x0c, 0x00, 0x10, 0x00, 0x00, 0x00, 0x0c, 0x00,
  0x08, 0x00, 0x07, 0x00, 0x0c, 0x00, 0x00, 0x00, 0x00, 0x00, 0x00, 0x03,
  0x02, 0x00, 0x00, 0x00, 0x02, 0x00, 0x00, 0x00, 0x01, 0x00, 0x00, 0x00,
  0x2c, 0x00, 0x00, 0x00, 0x03, 0x00, 0x00, 0x00, 0x00, 0x00, 0x00, 0x00,
  0x2b, 0x00, 0x00, 0x00, 0x2a, 0x00, 0x00, 0x00, 0x01, 0x00, 0x00, 0x00,
  0x47, 0x00, 0x00, 0x00, 0x01, 0x00, 0x00, 0x00, 0x00, 0x00, 0x00, 0x00,
  0x48, 0x00, 0x00, 0x00, 0x34, 0x64, 0x00, 0x00, 0xc0, 0x63, 0x00, 0x00,
  0x30, 0x63, 0x00, 0x00, 0xa4, 0x62, 0x00, 0x00, 0xc0, 0x60, 0x00, 0x00,
  0xdc, 0x5e, 0x00, 0x00, 0x30, 0x5c, 0x00, 0x00, 0x84, 0x59, 0x00, 0x00,
  0xb8, 0x58, 0x00, 0x00, 0xec, 0x57, 0x00, 0x00, 0x38, 0x55, 0x00, 0x00,
  0x24, 0x52, 0x00, 0x00, 0x78, 0x4f, 0x00, 0x00, 0xcc, 0x4c, 0x00, 0x00,
  0x00, 0x4c, 0x00, 0x00, 0x34, 0x4b, 0x00, 0x00, 0x80, 0x48, 0x00, 0x00,
  0x80, 0x45, 0x00, 0x00, 0xd0, 0x42, 0x00, 0x00, 0x24, 0x40, 0x00, 0x00,
  0x58, 0x3f, 0x00, 0x00, 0x8c, 0x3e, 0x00, 0x00, 0xd8, 0x3b, 0x00, 0x00,
  0xd8, 0x38, 0x00, 0x00, 0x28, 0x36, 0x00, 0x00, 0x7c, 0x33, 0x00, 0x00,
  0xb0, 0x32, 0x00, 0x00, 0xe4, 0x31, 0x00, 0x00, 0x30, 0x2f, 0x00, 0x00,
  0x30, 0x2c, 0x00, 0x00, 0x80, 0x29, 0x00, 0x00, 0xd4, 0x26, 0x00, 0x00,
  0x08, 0x26, 0x00, 0x00, 0x3c, 0x25, 0x00, 0x00, 0x88, 0x22, 0x00, 0x00,
  0x88, 0x1f, 0x00, 0x00, 0xd8, 0x1c, 0x00, 0x00, 0x2c, 0x1a, 0x00, 0x00,
  0x58, 0x19, 0x00, 0x00, 0x84, 0x18, 0x00, 0x00, 0xb0, 0x17, 0x00, 0x00,
  0x80, 0x16, 0x00, 0x00, 0xb8, 0x15, 0x00, 0x00, 0xf4, 0x14, 0x00, 0x00,
  0x28, 0x14, 0x00, 0x00, 0x24, 0x13, 0x00, 0x00, 0x50, 0x12, 0x00, 0x00,
  0xd4, 0x11, 0x00, 0x00, 0xf0, 0x10, 0x00, 0x00, 0x7c, 0x10, 0x00, 0x00,
  0x88, 0x0f, 0x00, 0x00, 0xc4, 0x0e, 0x00, 0x00, 0xe0, 0x0d, 0x00, 0x00,
  0xec, 0x0c, 0x00, 0x00, 0x28, 0x0c, 0x00, 0x00, 0xb4, 0x0b, 0x00, 0x00,
  0xd0, 0x0a, 0x00, 0x00, 0x5c, 0x0a, 0x00, 0x00, 0x68, 0x09, 0x00, 0x00,
  0xa4, 0x08, 0x00, 0x00, 0xc0, 0x07, 0x00, 0x00, 0xcc, 0x06, 0x00, 0x00,
  0x08, 0x06, 0x00, 0x00, 0x94, 0x05, 0x00, 0x00, 0xb0, 0x04, 0x00, 0x00,
  0xbc, 0x03, 0x00, 0x00, 0x18, 0x03, 0x00, 0x00, 0xa4, 0x02, 0x00, 0x00,
  0xe0, 0x01, 0x00, 0x00, 0x24, 0x01, 0x00, 0x00, 0x78, 0x00, 0x00, 0x00,
  0x04, 0x00, 0x00, 0x00, 0x02, 0x9d, 0xff, 0xff, 0x00, 0x00, 0x00, 0x01,
  0x14, 0x00, 0x00, 0x00, 0x30, 0x00, 0x00, 0x00, 0x48, 0x00, 0x00, 0x00,
  0x00, 0x00, 0x00, 0x09, 0x44, 0x00, 0x00, 0x00, 0xec, 0x9c, 0xff, 0xff,
  0x08, 0x00, 0x00, 0x00, 0x10, 0x00, 0x00, 0x00, 0x01, 0x00, 0x00, 0x00,
  0x80, 0xff, 0xff, 0xff, 0xff, 0xff, 0xff, 0xff, 0x01, 0x00, 0x00, 0x00,
  0x00, 0x00, 0x80, 0x3b, 0x19, 0x00, 0x00, 0x00, 0x53, 0x74, 0x61, 0x74,
  0x65, 0x66, 0x75, 0x6c, 0x50, 0x61, 0x72, 0x74, 0x69, 0x74, 0x69, 0x6f,
  0x6e, 0x65, 0x64, 0x43, 0x61, 0x6c, 0x6c, 0x3a, 0x30, 0x00, 0x00, 0x00,
  0x04, 0x00, 0x00, 0x00, 0x01, 0x00, 0x00, 0x00, 0x08, 0x00, 0x00, 0x00,
  0x08, 0x00, 0x00, 0x00, 0x03, 0x00, 0x00, 0x00, 0x72, 0x9d, 0xff, 0xff,
  0x00, 0x00, 0x00, 0x01, 0x14, 0x00, 0x00, 0x00, 0x30, 0x00, 0x00, 0x00,
  0x47, 0x00, 0x00, 0x00, 0x00, 0x00, 0x00, 0x09, 0x7c, 0x00, 0x00, 0x00,
  0x5c, 0x9d, 0xff, 0xff, 0x08, 0x00, 0x00, 0x00, 0x10, 0x00, 0x00, 0x00,
  0x01, 0x00, 0x00, 0x00, 0xf4, 0xff, 0xff, 0xff, 0xff, 0xff, 0xff, 0xff,
  0x01, 0x00, 0x00, 0x00, 0x9d, 0x30, 0xb1, 0x3d, 0x52, 0x00, 0x00, 0x00,
  0x6d, 0x6f, 0x64, 0x65, 0x6c, 0x5f, 0x31, 0x2f, 0x6c, 0x6f, 0x67, 0x69,
  0x74, 0x73, 0x2f, 0x42, 0x69, 0x61, 0x73, 0x41, 0x64, 0x64, 0x3b, 0x6d,
  0x6f, 0x64, 0x65, 0x6c, 0x5f, 0x31, 0x2f, 0x6c, 0x6f, 0x67, 0x69, 0x74,
  0x73, 0x2f, 0x43, 0x6f, 0x6e, 0x76, 0x32, 0x44, 0x3b, 0x6d, 0x6f, 0x64,
  0x65, 0x6c, 0x5f, 0x31, 0x2f, 0x6c, 0x6f, 0x67, 0x69, 0x74, 0x73, 0x2f,
  0x42, 0x69, 0x61, 0x73, 0x41, 0x64, 0x64, 0x2f, 0x52, 0x65, 0x61, 0x64,
  0x56, 0x61, 0x72, 0x69, 0x61, 0x62, 0x6c, 0x65, 0x4f, 0x70, 0x00, 0x00,
  0x04, 0x00, 0x00, 0x00, 0x01, 0x00, 0x00, 0x00, 0x08, 0x00, 0x00, 0x00,
  0x08, 0x00, 0x00, 0x00, 0x03, 0x00, 0x00, 0x00, 0x1a, 0x9e, 0xff, 0xff,
  0x00, 0x00, 0x00, 0x01, 0x14, 0x00, 0x00, 0x00, 0x34, 0x00, 0x00, 0x00,
  0x46, 0x00, 0x00, 0x00, 0x00, 0x00, 0x00, 0x09, 0x8c, 0x00, 0x00, 0x00,
  0x04, 0x9e, 0xff, 0xff, 0x08, 0x00, 0x00, 0x00, 0x14, 0x00, 0x00, 0x00,
  0x01, 0x00, 0x00, 0x00, 0x80, 0xff, 0xff, 0xff, 0xff, 0xff, 0xff, 0xff,
  0x00, 0x00, 0x00, 0x00, 0x01, 0x00, 0x00, 0x00, 0x54, 0x05, 0x2b, 0x3d,
  0x5e, 0x00, 0x00, 0x00, 0x6d, 0x6f, 0x64, 0x65, 0x6c, 0x5f, 0x31, 0x2f,
  0x68, 0x65, 0x61, 0x64, 0x2f, 0x52, 0x65, 0x6c, 0x75, 0x3b, 0x6d, 0x6f,
  0x64, 0x65, 0x6c, 0x5f, 0x31, 0x2f, 0x68, 0x65, 0x61, 0x64, 0x2f, 0x42,
  0x69, 0x61, 0x73, 0x41, 0x64, 0x64, 0x3b, 0x6d, 0x6f, 0x64, 0x65, 0x6c,
  0x5f, 0x31, 0x2f, 0x68, 0x65, 0x61, 0x64, 0x2f, 0x43, 0x6f, 0x6e, 0x76,
  0x32, 0x44, 0x3b, 0x6d, 0x6f, 0x64, 0x65, 0x6c, 0x5f, 0x31, 0x2f, 0x68,
  0x65, 0x61, 0x64, 0x2f, 0x42, 0x69, 0x61, 0x73, 0x41, 0x64, 0x64, 0x2f,
  0x52, 0x65, 0x61, 0x64, 0x56, 0x61, 0x72, 0x69, 0x61, 0x62, 0x6c, 0x65,
  0x4f, 0x70, 0x00, 0x00, 0x04, 0x00, 0x00, 0x00, 0x01, 0x00, 0x00, 0x00,
  0x08, 0x00, 0x00, 0x00, 0x08, 0x00, 0x00, 0x00, 0x20, 0x00, 0x00, 0x00,
  0xd2, 0x9e, 0xff, 0xff, 0x00, 0x00, 0x00, 0x01, 0x14, 0x00, 0x00, 0x00,
  0x30, 0x00, 0x00, 0x00, 0x45, 0x00, 0x00, 0x00, 0x00, 0x00, 0x00, 0x09,
  0x94, 0x00, 0x00, 0x00, 0xbc, 0x9e, 0xff, 0xff, 0x08, 0x00, 0x00, 0x00,
  0x10, 0x00, 0x00, 0x00, 0x01, 0x00, 0x00, 0x00, 0x80, 0xff, 0xff, 0xff,
  0xff, 0xff, 0xff, 0xff, 0x01, 0x00, 0x00, 0x00, 0xc1, 0xc0, 0xc0, 0x3c,
  0x6a, 0x00, 0x00, 0x00, 0x6d, 0x6f, 0x64, 0x65, 0x6c, 0x5f, 0x31, 0x2f,
  0x62, 0x6c, 0x6f, 0x63, 0x6b, 0x5f, 0x36, 0x5f, 0x65, 0x78, 0x70, 0x61,
  0x6e, 0x64, 0x5f, 0x72, 0x65, 0x6c, 0x75, 0x2f, 0x52, 0x65, 0x6c, 0x75,
  0x36, 0x3b, 0x6d, 0x6f, 0x64, 0x65, 0x6c, 0x5f, 0x31, 0x2f, 0x62, 0x6c,
  0x6f, 0x63, 0x6b, 0x5f, 0x36, 0x5f, 0x65, 0x78, 0x70, 0x61, 0x6e, 0x64,
  0x5f, 0x42, 0x4e, 0x2f, 0x46, 0x75, 0x73, 0x65, 0x64, 0x42, 0x61, 0x74,
  0x63, 0x68, 0x4e, 0x6f, 0x72, 0x6d, 0x56, 0x33, 0x3b, 0x6d, 0x6f, 0x64,
  0x65, 0x6c, 0x5f, 0x31, 0x2f, 0x62, 0x6c, 0x6f, 0x63, 0x6b, 0x5f, 0x36,
  0x5f, 0x65, 0x78, 0x70, 0x61, 0x6e, 0x64, 0x2f, 0x43, 0x6f, 0x6e, 0x76,
  0x32, 0x44, 0x00, 0x00, 0x04, 0x00, 0x00, 0x00, 0x01, 0x00, 0x00, 0x00,
  0x08, 0x00, 0x00, 0x00, 0x08, 0x00, 0x00, 0x00, 0x30, 0x00, 0x00, 0x00,
  0x92, 0x9f, 0xff, 0xff, 0x00, 0x00, 0x00, 0x01, 0x14, 0x00, 0x00, 0x00,
  0x34, 0x00, 0x00, 0x00, 0x44, 0x00, 0x00, 0x00, 0x00, 0x00, 0x00, 0x09,
  0x44, 0x00, 0x00, 0x00, 0x7c, 0x9f, 0xff, 0xff, 0x08, 0x00, 0x00, 0x00,
  0x14, 0x00, 0x00, 0x00, 0x01, 0x00, 0x00, 0x00, 0xef, 0xff, 0xff, 0xff,
  0xff, 0xff, 0xff, 0xff, 0x00, 0x00, 0x00, 0x00, 0x01, 0x00, 0x00, 0x00,
  0x4c, 0x31, 0xd5, 0x3d, 0x17, 0x00, 0x00, 0x00, 0x6d, 0x6f, 0x64, 0x65,
  0x6c, 0x5f, 0x31, 0x2f, 0x62, 0x6c, 0x6f, 0x63, 0x6b, 0x5f, 0x35, 0x5f,
  0x61, 0x64, 0x64, 0x2f, 0x61, 0x64, 0x64, 0x00, 0x04, 0x00, 0x00, 0x00,
  0x01, 0x00, 0x00, 0x00, 0x08, 0x00, 0x00, 0x00, 0x08, 0x00, 0x00, 0x00,
  0x08, 0x00, 0x00, 0x00, 0x02, 0xa0, 0xff, 0xff, 0x00, 0x00, 0x00, 0x01,
  0x14, 0x00, 0x00, 0x00, 0x30, 0x00, 0x00, 0x00, 0x43, 0x00, 0x00, 0x00,
  0x00, 0x00, 0x00, 0x09, 0x74, 0x00, 0x00, 0x00, 0xec, 0x9f, 0xff, 0xff,
  0x08, 0x00, 0x00, 0x00, 0x10, 0x00, 0x00, 0x00, 0x01, 0x00, 0x00, 0x00,
  0x12, 0x00, 0x00, 0x00, 0x00, 0x00, 0x00, 0x00, 0x01, 0x00, 0x00, 0x00,
  0x6d, 0xf3, 0x54, 0x3d, 0x4a, 0x00, 0x00, 0x00, 0x6d, 0x6f, 0x64, 0x65,
  0x6c, 0x5f, 0x31, 0x2f, 0x62, 0x6c, 0x6f, 0x63, 0x6b, 0x5f, 0x35, 0x5f,
  0x70, 0x72, 0x6f, 0x6a, 0x65, 0x63, 0x74, 0x5f, 0x42, 0x4e, 0x2f, 0x46,
  0x75, 0x73, 0x65, 0x64, 0x42, 0x61, 0x74, 0x63, 0x68, 0x4e, 0x6f, 0x72,
  0x6d, 0x56, 0x33, 0x3b, 0x6d, 0x6f, 0x64, 0x65, 0x6c, 0x5f, 0x31, 0x2f,
  0x62, 0x6c, 0x6f, 0x63, 0x6b, 0x5f, 0x35, 0x5f, 0x70, 0x72, 0x6f, 0x6a,
  0x65, 0x63, 0x74, 0x2f, 0x43, 0x6f, 0x6e, 0x76, 0x32, 0x44, 0x00, 0x00,
  0x04, 0x00, 0x00, 0x00, 0x01, 0x00, 0x00, 0x00, 0x08, 0x00, 0x00, 0x00,
  0x08, 0x00, 0x00, 0x00, 0x08, 0x00, 0x00, 0x00, 0xa2, 0xa0, 0xff, 0xff,
  0x00, 0x00, 0x00, 0x01, 0x14, 0x00, 0x00, 0x00, 0x34, 0x00, 0x00, 0x00,
  0x42, 0x00, 0x00, 0x00, 0x00, 0x00, 0x00, 0x09, 0xc4, 0x00, 0x00, 0x00,
  0x8c, 0xa0, 0xff, 0xff, 0x08, 0x00, 0x00, 0x00, 0x14, 0x00, 0x00, 0x00,
  0x01, 0x00, 0x00, 0x00, 0x80, 0xff, 0xff, 0xff, 0xff, 0xff, 0xff, 0xff,
  0x00, 0x00, 0x00, 0x00, 0x01, 0x00, 0x00, 0x00, 0xc1, 0xc0, 0xc0, 0x3c,
  0x94, 0x00, 0x00, 0x00, 0x6d, 0x6f, 0x64, 0x65, 0x6c, 0x5f, 0x31, 0x2f,
  0x62, 0x6c, 0x6f, 0x63, 0x6b, 0x5f, 0x35, 0x5f, 0x64, 0x65, 0x70, 0x74,
  0x68, 0x77, 0x69, 0x73, 0x65, 0x5f, 0x72, 0x65, 0x6c, 0x75, 0x2f, 0x52,
  0x65, 0x6c, 0x75, 0x36, 0x3b, 0x6d, 0x6f, 0x64, 0x65, 0x6c, 0x5f, 0x31,
  0x2f, 0x62, 0x6c, 0x6f, 0x63, 0x6b, 0x5f, 0x35, 0x5f, 0x64, 0x65, 0x70,
  0x74, 0x68, 0x77, 0x69, 0x73, 0x65, 0x5f, 0x42, 0x4e, 0x2f, 0x46, 0x75,
  0x73, 0x65, 0x64, 0x42, 0x61, 0x74, 0x63, 0x68, 0x4e, 0x6f, 0x72, 0x6d,
  0x56, 0x33, 0x3b, 0x6d, 0x6f, 0x64, 0x65, 0x6c, 0x5f, 0x31, 0x2f, 0x62,
  0x6c, 0x6f, 0x63, 0x6b, 0x5f, 0x36, 0x5f, 0x65, 0x78, 0x70, 0x61, 0x6e,
  0x64, 0x2f, 0x43, 0x6f, 0x6e, 0x76, 0x32, 0x44, 0x3b, 0x6d, 0x6f, 0x64,
  0x65, 0x6c, 0x5f, 0x31, 0x2f, 0x62, 0x6c, 0x6f, 0x63, 0x6b, 0x5f, 0x35,
  0x5f, 0x64, 0x65, 0x70, 0x74, 0x68, 0x77, 0x69, 0x73, 0x65, 0x2f, 0x64,
  0x65, 0x70, 0x74, 0x68, 0x77, 0x69, 0x73, 0x65, 0x00, 0x00, 0x00, 0x00,
  0x04, 0x00, 0x00, 0x00, 0x01, 0x00, 0x00, 0x00, 0x08, 0x00, 0x00, 0x00,
  0x08, 0x00, 0x00, 0x00, 0x30, 0x00, 0x00, 0x00, 0x92, 0xa1, 0xff, 0xff,
  0x00, 0x00, 0x00, 0x01, 0x14, 0x00, 0x00, 0x00, 0x30, 0x00, 0x00, 0x00,
  0x41, 0x00, 0x00, 0x00, 0x00, 0x00, 0x00, 0x09, 0xb4, 0x00, 0x00, 0x00,
  0x7c, 0xa1, 0xff, 0xff, 0x08, 0x00, 0x00, 0x00, 0x10, 0x00, 0x00, 0x00,
  0x01, 0x00, 0x00, 0x00, 0x80, 0xff, 0xff, 0xff, 0xff, 0xff, 0xff, 0xff,
  0x01, 0x00, 0x00, 0x00, 0x11, 0x5f, 0xbb, 0x3c, 0x88, 0x00, 0x00, 0x00,
  0x6d, 0x6f, 0x64, 0x65, 0x6c, 0x5f, 0x31, 0x2f, 0x62, 0x6c, 0x6f, 0x63,
  0x6b, 0x5f, 0x35, 0x5f, 0x65, 0x78, 0x70, 0x61, 0x6e, 0x64, 0x5f, 0x72,
  0x65, 0x6c, 0x75, 0x2f, 0x52, 0x65, 0x6c, 0x75, 0x36, 0x3b, 0x6d, 0x6f,
  0x64, 0x65, 0x6c, 0x5f, 0x31, 0x2f, 0x62, 0x6c, 0x6f, 0x63, 0x6b, 0x5f,
  0x35, 0x5f, 0x65, 0x78, 0x70, 0x61, 0x6e, 0x64, 0x5f, 0x42, 0x4e, 0x2f,
  0x46, 0x75, 0x73, 0x65, 0x64, 0x42, 0x61, 0x74, 0x63, 0x68, 0x4e, 0x6f,
  0x72, 0x6d, 0x56, 0x33, 0x3b, 0x6d, 0x6f, 0x64, 0x65, 0x6c, 0x5f, 0x31,
  0x2f, 0x62, 0x6c, 0x6f, 0x63, 0x6b, 0x5f, 0x36, 0x5f, 0x65, 0x78, 0x70,
  0x61, 0x6e, 0x64, 0x2f, 0x43, 0x6f, 0x6e, 0x76, 0x32, 0x44, 0x3b, 0x6d,
  0x6f, 0x64, 0x65, 0x6c, 0x5f, 0x31, 0x2f, 0x62, 0x6c, 0x6f, 0x63, 0x6b,
  0x5f, 0x35, 0x5f, 0x65, 0x78, 0x70, 0x61, 0x6e, 0x64, 0x2f, 0x43, 0x6f,
  0x6e, 0x76, 0x32, 0x44, 0x00, 0x00, 0x00, 0x00, 0x04, 0x00, 0x00, 0x00,
  0x01, 0x00, 0x00, 0x00, 0x08, 0x00, 0x00, 0x00, 0x08, 0x00, 0x00, 0x00,
  0x30, 0x00, 0x00, 0x00, 0x72, 0xa2, 0xff, 0xff, 0x00, 0x00, 0x00, 0x01,
  0x14, 0x00, 0x00, 0x00, 0x34, 0x00, 0x00, 0x00, 0x40, 0x00, 0x00, 0x00,
  0x00, 0x00, 0x00, 0x09, 0x44, 0x00, 0x00, 0x00, 0x5c, 0xa2, 0xff, 0xff,
  0x08, 0x00, 0x00, 0x00, 0x14, 0x00, 0x00, 0x00, 0x01, 0x00, 0x00, 0x00,
  0xfd, 0xff, 0xff, 0xff, 0xff, 0xff, 0xff, 0xff, 0x00, 0x00, 0x00, 0x00,
  0x01, 0x00, 0x00, 0x00, 0x70, 0x10, 0xa6, 0x3d, 0x17, 0x00, 0x00, 0x00,
  0x6d, 0x6f, 0x64, 0x65, 0x6c, 0x5f, 0x31, 0x2f, 0x62, 0x6c, 0x6f, 0x63,
  0x6b, 0x5f, 0x34, 0x5f, 0x61, 0x64, 0x64, 0x2f, 0x61, 0x64, 0x64, 0x00,
  0x04, 0x00, 0x00, 0x00, 0x01, 0x00, 0x00, 0x00, 0x08, 0x00, 0x00, 0x00,
  0x08, 0x00, 0x00, 0x00, 0x08, 0x00, 0x00, 0x00, 0xe2, 0xa2, 0xff, 0xff,
  0x00, 0x00, 0x00, 0x01, 0x14, 0x00, 0x00, 0x00, 0x30, 0x00, 0x00, 0x00,
  0x3f, 0x00, 0x00, 0x00, 0x00, 0x00, 0x00, 0x09, 0x94, 0x00, 0x00, 0x00,
  0xcc, 0xa2, 0xff, 0xff, 0x08, 0x00, 0x00, 0x00, 0x10, 0x00, 0x00, 0x00,
  0x01, 0x00, 0x00, 0x00, 0x07, 0x00, 0x00, 0x00, 0x00, 0x00, 0x00, 0x00,
  0x01, 0x00, 0x00, 0x00, 0x64, 0xe6, 0x51, 0x3d, 0x69, 0x00, 0x00, 0x00,
  0x6d, 0x6f, 0x64, 0x65, 0x6c, 0x5f, 0x31, 0x2f, 0x62, 0x6c, 0x6f, 0x63,
  0x6b, 0x5f, 0x34, 0x5f, 0x70, 0x72, 0x6f, 0x6a, 0x65, 0x63, 0x74, 0x5f,
  0x42, 0x4e, 0x2f, 0x46, 0x75, 0x73, 0x65, 0x64, 0x42, 0x61, 0x74, 0x63,
  0x68, 0x4e, 0x6f, 0x72, 0x6d, 0x56, 0x33, 0x3b, 0x6d, 0x6f, 0x64, 0x65,
  0x6c, 0x5f, 0x31, 0x2f, 0x62, 0x6c, 0x6f, 0x63, 0x6b, 0x5f, 0x35, 0x5f,
  0x70, 0x72, 0x6f, 0x6a, 0x65, 0x63, 0x74, 0x2f, 0x43, 0x6f, 0x6e, 0x76,
  0x32, 0x44, 0x3b, 0x6d, 0x6f, 0x64, 0x65, 0x6c, 0x5f, 0x31, 0x2f, 0x62,
  0x6c, 0x6f, 0x63, 0x6b, 0x5f, 0x34, 0x5f, 0x70, 0x72, 0x6f, 0x6a, 0x65,
  0x63, 0x74, 0x2f, 0x43, 0x6f, 0x6e, 0x76, 0x32, 0x44, 0x00, 0x00, 0x00,
  0x04, 0x00, 0x00, 0x00, 0x01, 0x00, 0x00, 0x00, 0x08, 0x00, 0x00, 0x00,
  0x08, 0x00, 0x00, 0x00, 0x08, 0x00, 0x00, 0x00, 0xa2, 0xa3, 0xff, 0xff,
  0x00, 0x00, 0x00, 0x01, 0x14, 0x00, 0x00, 0x00, 0x34, 0x00, 0x00, 0x00,
  0x3e, 0x00, 0x00, 0x00, 0x00, 0x00, 0x00, 0x09, 0xc4, 0x00, 0x00, 0x00,
  0x8c, 0xa3, 0xff, 0xff, 0x08, 0x00, 0x00, 0x00, 0x14, 0x00, 0x00, 0x00,
  0x01, 0x00, 0x00, 0x00, 0x80, 0xff, 0xff, 0xff, 0xff, 0xff, 0xff, 0xff,
  0x00, 0x00, 0x00, 0x00, 0x01, 0x00, 0x00, 0x00, 0xc1, 0xc0, 0xc0, 0x3c,
  0x94, 0x00, 0x00, 0x00, 0x6d, 0x6f, 0x64, 0x65, 0x6c, 0x5f, 0x31, 0x2f,
  0x62, 0x6c, 0x6f, 0x63, 0x6b, 0x5f, 0x34, 0x5f, 0x64, 0x65, 0x70, 0x74,
  0x68, 0x77, 0x69, 0x73, 0x65, 0x5f, 0x72, 0x65, 0x6c, 0x75, 0x2f, 0x52,
  0x65, 0x6c, 0x75, 0x36, 0x3b, 0x6d, 0x6f, 0x64, 0x65, 0x6c, 0x5f, 0x31,
  0x2f, 0x62, 0x6c, 0x6f, 0x63, 0x6b, 0x5f, 0x34, 0x5f, 0x64, 0x65, 0x70,
  0x74, 0x68, 0x77, 0x69, 0x73, 0x65, 0x5f, 0x42, 0x4e, 0x2f, 0x46, 0x75,
  0x73, 0x65, 0x64, 0x42, 0x61, 0x74, 0x63, 0x68, 0x4e, 0x6f, 0x72, 0x6d,
  0x56, 0x33, 0x3b, 0x6d, 0x6f, 0x64, 0x65, 0x6c, 0x5f, 0x31, 0x2f, 0x62,
  0x6c, 0x6f, 0x63, 0x6b, 0x5f, 0x36, 0x5f, 0x65, 0x78, 0x70, 0x61, 0x6e,
  0x64, 0x2f, 0x43, 0x6f, 0x6e, 0x76, 0x32, 0x44, 0x3b, 0x6d, 0x6f, 0x64,
  0x65, 0x6c, 0x5f, 0x31, 0x2f, 0x62, 0x6c, 0x6f, 0x63, 0x6b, 0x5f, 0x34,
  0x5f, 0x64, 0x65, 0x70, 0x74, 0x68, 0x77, 0x69, 0x73, 0x65, 0x2f, 0x64,
  0x65, 0x70, 0x74, 0x68, 0x77, 0x69, 0x73, 0x65, 0x00, 0x00, 0x00, 0x00,
  0x04, 0x00, 0x00, 0x00, 0x01, 0x00, 0x00, 0x00, 0x08, 0x00, 0x00, 0x00,
  0x08, 0x00, 0x00, 0x00, 0x30, 0x00, 0x00, 0x00, 0x92, 0xa4, 0xff, 0xff,
  0x00, 0x00, 0x00, 0x01, 0x14, 0x00, 0x00, 0x00, 0x30, 0x00, 0x00, 0x00,
  0x3d, 0x00, 0x00, 0x00, 0x00, 0x00, 0x00, 0x09, 0xb4, 0x00, 0x00, 0x00,
  0x7c, 0xa4, 0xff, 0xff, 0x08, 0x00, 0x00, 0x00, 0x10, 0x00, 0x00, 0x00,
  0x01, 0x00, 0x00, 0x00, 0x80, 0xff, 0xff, 0xff, 0xff, 0xff, 0xff, 0xff,
  0x01, 0x00, 0x00, 0x00, 0xc1, 0xc0, 0xc0, 0x3c, 0x88, 0x00, 0x00, 0x00,
  0x6d, 0x6f, 0x64, 0x65, 0x6c, 0x5f, 0x31, 0x2f, 0x62, 0x6c, 0x6f, 0x63,
  0x6b, 0x5f, 0x34, 0x5f, 0x65, 0x78, 0x70, 0x61, 0x6e, 0x64, 0x5f, 0x72,
  0x65, 0x6c, 0x75, 0x2f, 0x52, 0x65, 0x6c, 0x75, 0x36, 0x3b, 0x6d, 0x6f,
  0x64, 0x65, 0x6c, 0x5f, 0x31, 0x2f, 0x62, 0x6c, 0x6f, 0x63, 0x6b, 0x5f,
  0x34, 0x5f, 0x65, 0x78, 0x70, 0x61, 0x6e, 0x64, 0x5f, 0x42, 0x4e, 0x2f,
  0x46, 0x75, 0x73, 0x65, 0x64, 0x42, 0x61, 0x74, 0x63, 0x68, 0x4e, 0x6f,
  0x72, 0x6d, 0x56, 0x33, 0x3b, 0x6d, 0x6f, 0x64, 0x65, 0x6c, 0x5f, 0x31,
  0x2f, 0x62, 0x6c, 0x6f, 0x63, 0x6b, 0x5f, 0x36, 0x5f, 0x65, 0x78, 0x70,
  0x61, 0x6e, 0x64, 0x2f, 0x43, 0x6f, 0x6e, 0x76, 0x32, 0x44, 0x3b, 0x6d,
  0x6f, 0x64, 0x65, 0x6c, 0x5f, 0x31, 0x2f, 0x62, 0x6c, 0x6f, 0x63, 0x6b,
  0x5f, 0x34, 0x5f, 0x65, 0x78, 0x70, 0x61, 0x6e, 0x64, 0x2f, 0x43, 0x6f,
  0x6e, 0x76, 0x32, 0x44, 0x00, 0x00, 0x00, 0x00, 0x04, 0x00, 0x00, 0x00,
  0x01, 0x00, 0x00, 0x00, 0x08, 0x00, 0x00, 0x00, 0x08, 0x00, 0x00, 0x00,
  0x30, 0x00, 0x00, 0x00, 0x72, 0xa5, 0xff, 0xff, 0x00, 0x00, 0x00, 0x01,
  0x14, 0x00, 0x00, 0x00, 0x30, 0x00, 0x00, 0x00, 0x3c, 0x00, 0x00, 0x00,
  0x00, 0x00, 0x00, 0x09, 0x94, 0x00, 0x00, 0x00, 0x5c, 0xa5, 0xff, 0xff,
  0x08, 0x00, 0x00, 0x00, 0x10, 0x00, 0x00, 0x00, 0x01, 0x00, 0x00, 0x00,
  0xf7, 0xff, 0xff, 0xff, 0xff, 0xff, 0xff, 0xff, 0x01, 0x00, 0x00, 0x00,
  0x2f, 0x26, 0x88, 0x3d, 0x69, 0x00, 0x00, 0x00, 0x6d, 0x6f, 0x64, 0x65,
  0x6c, 0x5f, 0x31, 0x2f, 0x62, 0x6c, 0x6f, 0x63, 0x6b, 0x5f, 0x33, 0x5f,
  0x70, 0x72, 0x6f, 0x6a, 0x65, 0x63, 0x74, 0x5f, 0x42, 0x4e, 0x2f, 0x46,
  0x75, 0x73, 0x65, 0x64, 0x42, 0x61, 0x74, 0x63, 0x68, 0x4e, 0x6f, 0x72,
  0x6d, 0x56, 0x33, 0x3b, 0x6d, 0x6f, 0x64, 0x65, 0x6c, 0x5f, 0x31, 0x2f,
  0x62, 0x6c, 0x6f, 0x63, 0x6b, 0x5f, 0x35, 0x5f, 0x70, 0x72, 0x6f, 0x6a,
  0x65, 0x63, 0x74, 0x2f, 0x43, 0x6f, 0x6e, 0x76, 0x32, 0x44, 0x3b, 0x6d,
  0x6f, 0x64, 0x65, 0x6c, 0x5f, 0x31, 0x2f, 0x62, 0x6c, 0x6f, 0x63, 0x6b,
  0x5f, 0x33, 0x5f, 0x70, 0x72, 0x6f, 0x6a, 0x65, 0x63, 0x74, 0x2f, 0x43,
  0x6f, 0x6e, 0x76, 0x32, 0x44, 0x00, 0x00, 0x00, 0x04, 0x00, 0x00, 0x00,
  0x01, 0x00, 0x00, 0x00, 0x08, 0x00, 0x00, 0x00, 0x08, 0x00, 0x00, 0x00,
  0x08, 0x00, 0x00, 0x00, 0x32, 0xa6, 0xff, 0xff, 0x00, 0x00, 0x00, 0x01,
  0x14, 0x00, 0x00, 0x00, 0x34, 0x00, 0x00, 0x00, 0x3b, 0x00, 0x00, 0x00,
  0x00, 0x00, 0x00, 0x09, 0xc4, 0x00, 0x00, 0x00, 0x1c, 0xa6, 0xff, 0xff,
  0x08, 0x00, 0x00, 0x00, 0x14, 0x00, 0x00, 0x00, 0x01, 0x00, 0x00, 0x00,
  0x80, 0xff, 0xff, 0xff, 0xff, 0xff, 0xff, 0xff, 0x00, 0x00, 0x00, 0x00,
  0x01, 0x00, 0x00, 0x00, 0xc1, 0xc0, 0xc0, 0x3c, 0x94, 0x00, 0x00, 0x00,
  0x6d, 0x6f, 0x64, 0x65, 0x6c, 0x5f, 0x31, 0x2f, 0x62, 0x6c, 0x6f, 0x63,
  0x6b, 0x5f, 0x33, 0x5f, 0x64, 0x65, 0x70, 0x74, 0x68, 0x77, 0x69, 0x73,
  0x65, 0x5f, 0x72, 0x65, 0x6c, 0x75, 0x2f, 0x52, 0x65, 0x6c, 0x75, 0x36,
  0x3b, 0x6d, 0x6f, 0x64, 0x65, 0x6c, 0x5f, 0x31, 0x2f, 0x62, 0x6c, 0x6f,
  0x63, 0x6b, 0x5f, 0x33, 0x5f, 0x64, 0x65, 0x70, 0x74, 0x68, 0x77, 0x69,
  0x73, 0x65, 0x5f, 0x42, 0x4e, 0x2f, 0x46, 0x75, 0x73, 0x65, 0x64, 0x42,
  0x61, 0x74, 0x63, 0x68, 0x4e, 0x6f, 0x72, 0x6d, 0x56, 0x33, 0x3b, 0x6d,
  0x6f, 0x64, 0x65, 0x6c, 0x5f, 0x31, 0x2f, 0x62, 0x6c, 0x6f, 0x63, 0x6b,
  0x5f, 0x36, 0x5f, 0x65, 0x78, 0x70, 0x61, 0x6e, 0x64, 0x2f, 0x43, 0x6f,
  0x6e, 0x76, 0x32, 0x44, 0x3b, 0x6d, 0x6f, 0x64, 0x65, 0x6c, 0x5f, 0x31,
  0x2f, 0x62, 0x6c, 0x6f, 0x63, 0x6b, 0x5f, 0x33, 0x5f, 0x64, 0x65, 0x70,
  0x74, 0x68, 0x77, 0x69, 0x73, 0x65, 0x2f, 0x64, 0x65, 0x70, 0x74, 0x68,
  0x77, 0x69, 0x73, 0x65, 0x00, 0x00, 0x00, 0x00, 0x04, 0x00, 0x00, 0x00,
  0x01, 0x00, 0x00, 0x00, 0x08, 0x00, 0x00, 0x00, 0x08, 0x00, 0x00, 0x00,
  0x30, 0x00, 0x00, 0x00, 0x22, 0xa7, 0xff, 0xff, 0x00, 0x00, 0x00, 0x01,
  0x14, 0x00, 0x00, 0x00, 0x34, 0x00, 0x00, 0x00, 0x3a, 0x00, 0x00, 0x00,
  0x00, 0x00, 0x00, 0x09, 0x44, 0x00, 0x00, 0x00, 0x0c, 0xa7, 0xff, 0xff,
  0x08, 0x00, 0x00, 0x00, 0x14, 0x00, 0x00, 0x00, 0x01, 0x00, 0x00, 0x00,
  0x80, 0xff, 0xff, 0xff, 0xff, 0xff, 0xff, 0xff, 0x00, 0x00, 0x00, 0x00,
  0x01, 0x00, 0x00, 0x00, 0xc1, 0xc0, 0xc0, 0x3c, 0x17, 0x00, 0x00, 0x00,
  0x6d, 0x6f, 0x64, 0x65, 0x6c, 0x5f, 0x31, 0x2f, 0x62, 0x6c, 0x6f, 0x63,
  0x6b, 0x5f, 0x33, 0x5f, 0x70, 0x61, 0x64, 0x2f, 0x50, 0x61, 0x64, 0x00,
  0x04, 0x00, 0x00, 0x00, 0x01, 0x00, 0x00, 0x00, 0x11, 0x00, 0x00, 0x00,
  0x11, 0x00, 0x00, 0x00, 0x30, 0x00, 0x00, 0x00, 0x92, 0xa7, 0xff, 0xff,
  0x00, 0x00, 0x00, 0x01, 0x14, 0x00, 0x00, 0x00, 0x30, 0x00, 0x00, 0x00,
  0x39, 0x00, 0x00, 0x00, 0x00, 0x00, 0x00, 0x09, 0xb4, 0x00, 0x00, 0x00,
  0x7c, 0xa7, 0xff, 0xff, 0x08, 0x00, 0x00, 0x00, 0x10, 0x00, 0x00, 0x00,
  0x01, 0x00, 0x00, 0x00, 0x80, 0xff, 0xff, 0xff, 0xff, 0xff, 0xff, 0xff,
  0x01, 0x00, 0x00, 0x00, 0xc1, 0xc0, 0xc0, 0x3c, 0x88, 0x00, 0x00, 0x00,
  0x6d, 0x6f, 0x64, 0x65, 0x6c, 0x5f, 0x31, 0x2f, 0x62, 0x6c, 0x6f, 0x63,
  0x6b, 0x5f, 0x33, 0x5f, 0x65, 0x78, 0x70, 0x61, 0x6e, 0x64, 0x5f, 0x72,
  0x65, 0x6c, 0x75, 0x2f, 0x52, 0x65, 0x6c, 0x75, 0x36, 0x3b, 0x6d, 0x6f,
  0x64, 0x65, 0x6c, 0x5f, 0x31, 0x2f, 0x62, 0x6c, 0x6f, 0x63, 0x6b, 0x5f,
  0x33, 0x5f, 0x65, 0x78, 0x70, 0x61, 0x6e, 0x64, 0x5f, 0x42, 0x4e, 0x2f,
  0x46, 0x75, 0x73, 0x65, 0x64, 0x42, 0x61, 0x74, 0x63, 0x68, 0x4e, 0x6f,
  0x72, 0x6d, 0x56, 0x33, 0x3b, 0x6d, 0x6f, 0x64, 0x65, 0x6c, 0x5f, 0x31,
  0x2f, 0x62, 0x6c, 0x6f, 0x63, 0x6b, 0x5f, 0x36, 0x5f, 0x65, 0x78, 0x70,
  0x61, 0x6e, 0x64, 0x2f, 0x43, 0x6f, 0x6e, 0x76, 0x32, 0x44, 0x3b, 0x6d,
  0x6f, 0x64, 0x65, 0x6c, 0x5f, 0x31, 0x2f, 0x62, 0x6c, 0x6f, 0x63, 0x6b,
  0x5f, 0x33, 0x5f, 0x65, 0x78, 0x70, 0x61, 0x6e, 0x64, 0x2f, 0x43, 0x6f,
  0x6e, 0x76, 0x32, 0x44, 0x00, 0x00, 0x00, 0x00, 0x04, 0x00, 0x00, 0x00,
  0x01, 0x00, 0x00, 0x00, 0x10, 0x00, 0x00, 0x00, 0x10, 0x00, 0x00, 0x00,
  0x30, 0x00, 0x00, 0x00, 0x72, 0xa8, 0xff, 0xff, 0x00, 0x00, 0x00, 0x01,
  0x14, 0x00, 0x00, 0x00, 0x34, 0x00, 0x00, 0x00, 0x38, 0x00, 0x00, 0x00,
  0x00, 0x00, 0x00, 0x09, 0x44, 0x00, 0x00, 0x00, 0x5c, 0xa8, 0xff, 0xff,
  0x08, 0x00, 0x00, 0x00, 0x14, 0x00, 0x00, 0x00, 0x01, 0x00, 0x00, 0x00,
  0xfa, 0xff, 0xff, 0xff, 0xff, 0xff, 0xff, 0xff, 0x00, 0x00, 0x00, 0x00,
  0x01, 0x00, 0x00, 0x00, 0x2e, 0x22, 0xcd, 0x3d, 0x17, 0x00, 0x00, 0x00,
  0x6d, 0x6f, 0x64, 0x65, 0x6c, 0x5f, 0x31, 0x2f, 0x62, 0x6c, 0x6f, 0x63,
  0x6b, 0x5f, 0x32, 0x5f, 0x61, 0x64, 0x64, 0x2f, 0x61, 0x64, 0x64, 0x00,
  0x04, 0x00, 0x00, 0x00, 0x01, 0x00, 0x00, 0x00, 0x10, 0x00, 0x00, 0x00,
  0x10, 0x00, 0x00, 0x00, 0x08, 0x00, 0x00, 0x00, 0xe2, 0xa8, 0xff, 0xff,
  0x00, 0x00, 0x00, 0x01, 0x14, 0x00, 0x00, 0x00, 0x30, 0x00, 0x00, 0x00,
  0x37, 0x00, 0x00, 0x00, 0x00, 0x00, 0x00, 0x09, 0x94, 0x00, 0x00, 0x00,
  0xcc, 0xa8, 0xff, 0xff, 0x08, 0x00, 0x00, 0x00, 0x10, 0x00, 0x00, 0x00,
  0x01, 0x00, 0x00, 0x00, 0xec, 0xff, 0xff, 0xff, 0xff, 0xff, 0xff, 0xff,
  0x01, 0x00, 0x00, 0x00, 0xc5, 0xf8, 0xba, 0x3d, 0x69, 0x00, 0x00, 0x00,
  0x6d, 0x6f, 0x64, 0x65, 0x6c, 0x5f, 0x31, 0x2f, 0x62, 0x6c, 0x6f, 0x63,
  0x6b, 0x5f, 0x32, 0x5f, 0x70, 0x72, 0x6f, 0x6a, 0x65, 0x63, 0x74, 0x5f,
  0x42, 0x4e, 0x2f, 0x46, 0x75, 0x73, 0x65, 0x64, 0x42, 0x61, 0x74, 0x63,
  0x68, 0x4e, 0x6f, 0x72, 0x6d, 0x56, 0x33, 0x3b, 0x6d, 0x6f, 0x64, 0x65,
  0x6c, 0x5f, 0x31, 0x2f, 0x62, 0x6c, 0x6f, 0x63, 0x6b, 0x5f, 0x35, 0x5f,
  0x70, 0x72, 0x6f, 0x6a, 0x65, 0x63, 0x74, 0x2f, 0x43, 0x6f, 0x6e, 0x76,
  0x32, 0x44, 0x3b, 0x6d, 0x6f, 0x64, 0x65, 0x6c, 0x5f, 0x31, 0x2f, 0x62,
  0x6c, 0x6f, 0x63, 0x6b, 0x5f, 0x32, 0x5f, 0x70, 0x72, 0x6f, 0x6a, 0x65,
  0x63, 0x74, 0x2f, 0x43, 0x6f, 0x6e, 0x76, 0x32, 0x44, 0x00, 0x00, 0x00,
  0x04, 0x00, 0x00, 0x00, 0x01, 0x00, 0x00, 0x00, 0x10, 0x00, 0x00, 0x00,
  0x10, 0x00, 0x00, 0x00, 0x08, 0x00, 0x00, 0x00, 0xa2, 0xa9, 0xff, 0xff,
  0x00, 0x00, 0x00, 0x01, 0x14, 0x00, 0x00, 0x00, 0x34, 0x00, 0x00, 0x00,
  0x36, 0x00, 0x00, 0x00, 0x00, 0x00, 0x00, 0x09, 0xc4, 0x00, 0x00, 0x00,
  0x8c, 0xa9, 0xff, 0xff, 0x08, 0x00, 0x00, 0x00, 0x14, 0x00, 0x00, 0x00,
  0x01, 0x00, 0x00, 0x00, 0x80, 0xff, 0xff, 0xff, 0xff, 0xff, 0xff, 0xff,
  0x00, 0x00, 0x00, 0x00, 0x01, 0x00, 0x00, 0x00, 0xc1, 0xc0, 0xc0, 0x3c,
  0x94, 0x00, 0x00, 0x00, 0x6d, 0x6f, 0x64, 0x65, 0x6c, 0x5f, 0x31, 0x2f,
  0x62, 0x6c, 0x6f, 0x63, 0x6b, 0x5f, 0x32, 0x5f, 0x64, 0x65, 0x70, 0x74,
  0x68, 0x77, 0x69, 0x73, 0x65, 0x5f, 0x72, 0x65, 0x6c, 0x75, 0x2f, 0x52,
  0x65, 0x6c, 0x75, 0x36, 0x3b, 0x6d, 0x6f, 0x64, 0x65, 0x6c, 0x5f, 0x31,
  0x2f, 0x62, 0x6c, 0x6f, 0x63, 0x6b, 0x5f, 0x32, 0x5f, 0x64, 0x65, 0x70,
  0x74, 0x68, 0x77, 0x69, 0x73, 0x65, 0x5f, 0x42, 0x4e, 0x2f, 0x46, 0x75,
  0x73, 0x65, 0x64, 0x42, 0x61, 0x74, 0x63, 0x68, 0x4e, 0x6f, 0x72, 0x6d,
  0x56, 0x33, 0x3b, 0x6d, 0x6f, 0x64, 0x65, 0x6c, 0x5f, 0x31, 0x2f, 0x62,
  0x6c, 0x6f, 0x63, 0x6b, 0x5f, 0x36, 0x5f, 0x65, 0x78, 0x70, 0x61, 0x6e,
  0x64, 0x2f, 0x43, 0x6f, 0x6e, 0x76, 0x32, 0x44, 0x3b, 0x6d, 0x6f, 0x64,
  0x65, 0x6c, 0x5f, 0x31, 0x2f, 0x62, 0x6c, 0x6f, 0x63, 0x6b, 0x5f, 0x32,
  0x5f, 0x64, 0x65, 0x70, 0x74, 0x68, 0x77, 0x69, 0x73, 0x65, 0x2f, 0x64,
  0x65, 0x70, 0x74, 0x68, 0x77, 0x69, 0x73, 0x65, 0x00, 0x00, 0x00, 0x00,
  0x04, 0x00, 0x00, 0x00, 0x01, 0x00, 0x00, 0x00, 0x10, 0x00, 0x00, 0x00,
  0x10, 0x00, 0x00, 0x00, 0x30, 0x00, 0x00, 0x00, 0x92, 0xaa, 0xff, 0xff,
  0x00, 0x00, 0x00, 0x01, 0x14, 0x00, 0x00, 0x00, 0x30, 0x00, 0x00, 0x00,
  0x35, 0x00, 0x00, 0x00, 0x00, 0x00, 0x00, 0x09, 0xb4, 0x00, 0x00, 0x00,
  0x7c, 0xaa, 0xff, 0xff, 0x08, 0x00, 0x00, 0x00, 0x10, 0x00, 0x00, 0x00,
  0x01, 0x00, 0x00, 0x00, 0x80, 0xff, 0xff, 0xff, 0xff, 0xff, 0xff, 0xff,
  0x01, 0x00, 0x00, 0x00, 0xc1, 0xc0, 0xc0, 0x3c, 0x88, 0x00, 0x00, 0x00,
  0x6d, 0x6f, 0x64, 0x65, 0x6c, 0x5f, 0x31, 0x2f, 0x62, 0x6c, 0x6f, 0x63,
  0x6b, 0x5f, 0x32, 0x5f, 0x65, 0x78, 0x70, 0x61, 0x6e, 0x64, 0x5f, 0x72,
  0x65, 0x6c, 0x75, 0x2f, 0x52, 0x65, 0x6c, 0x75, 0x36, 0x3b, 0x6d, 0x6f,
  0x64, 0x65, 0x6c, 0x5f, 0x31, 0x2f, 0x62, 0x6c, 0x6f, 0x63, 0x6b, 0x5f,
  0x32, 0x5f, 0x65, 0x78, 0x70, 0x61, 0x6e, 0x64, 0x5f, 0x42, 0x4e, 0x2f,
  0x46, 0x75, 0x73, 0x65, 0x64, 0x42, 0x61, 0x74, 0x63, 0x68, 0x4e, 0x6f,
  0x72, 0x6d, 0x56, 0x33, 0x3b, 0x6d, 0x6f, 0x64, 0x65, 0x6c, 0x5f, 0x31,
  0x2f, 0x62, 0x6c, 0x6f, 0x63, 0x6b, 0x5f, 0x36, 0x5f, 0x65, 0x78, 0x70,
  0x61, 0x6e, 0x64, 0x2f, 0x43, 0x6f, 0x6e, 0x76, 0x32, 0x44, 0x3b, 0x6d,
  0x6f, 0x64, 0x65, 0x6c, 0x5f, 0x31, 0x2f, 0x62, 0x6c, 0x6f, 0x63, 0x6b,
  0x5f, 0x32, 0x5f, 0x65, 0x78, 0x70, 0x61, 0x6e, 0x64, 0x2f, 0x43, 0x6f,
  0x6e, 0x76, 0x32, 0x44, 0x00, 0x00, 0x00, 0x00, 0x04, 0x00, 0x00, 0x00,
  0x01, 0x00, 0x00, 0x00, 0x10, 0x00, 0x00, 0x00, 0x10, 0x00, 0x00, 0x00,
  0x30, 0x00, 0x00, 0x00, 0x72, 0xab, 0xff, 0xff, 0x00, 0x00, 0x00, 0x01,
  0x14, 0x00, 0x00, 0x00, 0x30, 0x00, 0x00, 0x00, 0x34, 0x00, 0x00, 0x00,
  0x00, 0x00, 0x00, 0x09, 0x94, 0x00, 0x00, 0x00, 0x5c, 0xab, 0xff, 0xff,
  0x08, 0x00, 0x00, 0x00, 0x10, 0x00, 0x00, 0x00, 0x01, 0x00, 0x00, 0x00,
  0x09, 0x00, 0x00, 0x00, 0x00, 0x00, 0x00, 0x00, 0x01, 0x00, 0x00, 0x00,
  0x35, 0x3d, 0x77, 0x3d, 0x69, 0x00, 0x00, 0x00, 0x6d, 0x6f, 0x64, 0x65,
  0x6c, 0x5f, 0x31, 0x2f, 0x62, 0x6c, 0x6f, 0x63, 0x6b, 0x5f, 0x31, 0x5f,
  0x70, 0x72, 0x6f, 0x6a, 0x65, 0x63, 0x74, 0x5f, 0x42, 0x4e, 0x2f, 0x46,
  0x75, 0x73, 0x65, 0x64, 0x42, 0x61, 0x74, 0x63, 0x68, 0x4e, 0x6f, 0x72,
  0x6d, 0x56, 0x33, 0x3b, 0x6d, 0x6f, 0x64, 0x65, 0x6c, 0x5f, 0x31, 0x2f,
  0x62, 0x6c, 0x6f, 0x63, 0x6b, 0x5f, 0x35, 0x5f, 0x70, 0x72, 0x6f, 0x6a,
  0x65, 0x63, 0x74, 0x2f, 0x43, 0x6f, 0x6e, 0x76, 0x32, 0x44, 0x3b, 0x6d,
  0x6f, 0x64, 0x65, 0x6c, 0x5f, 0x31, 0x2f, 0x62, 0x6c, 0x6f, 0x63, 0x6b,
  0x5f, 0x31, 0x5f, 0x70, 0x72, 0x6f, 0x6a, 0x65, 0x63, 0x74, 0x2f, 0x43,
  0x6f, 0x6e, 0x76, 0x32, 0x44, 0x00, 0x00, 0x00, 0x04, 0x00, 0x00, 0x00,
  0x01, 0x00, 0x00, 0x00, 0x10, 0x00, 0x00, 0x00, 0x10, 0x00, 0x00, 0x00,
  0x08, 0x00, 0x00, 0x00, 0x32, 0xac, 0xff, 0xff, 0x00, 0x00, 0x00, 0x01,
  0x14, 0x00, 0x00, 0x00, 0x34, 0x00, 0x00, 0x00, 0x33, 0x00, 0x00, 0x00,
  0x00, 0x00, 0x00, 0x09, 0xc4, 0x00, 0x00, 0x00, 0x1c, 0xac, 0xff, 0xff,
  0x08, 0x00, 0x00, 0x00, 0x14, 0x00, 0x00, 0x00, 0x01, 0x00, 0x00, 0x00,
  0x80, 0xff, 0xff, 0xff, 0xff, 0xff, 0xff, 0xff, 0x00, 0x00, 0x00, 0x00,
  0x01, 0x00, 0x00, 0x00, 0xc1, 0xc0, 0xc0, 0x3c, 0x94, 0x00, 0x00, 0x00,
  0x6d, 0x6f, 0x64, 0x65, 0x6c, 0x5f, 0x31, 0x2f, 0x62, 0x6c, 0x6f, 0x63,
  0x6b, 0x5f, 0x31, 0x5f, 0x64, 0x65, 0x70, 0x74, 0x68, 0x77, 0x69, 0x73,
  0x65, 0x5f, 0x72, 0x65, 0x6c, 0x75, 0x2f, 0x52, 0x65, 0x6c, 0x75, 0x36,
  0x3b, 0x6d, 0x6f, 0x64, 0x65, 0x6c, 0x5f, 0x31, 0x2f, 0x62, 0x6c, 0x6f,
  0x63, 0x6b, 0x5f, 0x31, 0x5f, 0x64, 0x65, 0x70, 0x74, 0x68, 0x77, 0x69,
  0x73, 0x65, 0x5f, 0x42, 0x4e, 0x2f, 0x46, 0x75, 0x73, 0x65, 0x64, 0x42,
  0x61, 0x74, 0x63, 0x68, 0x4e, 0x6f, 0x72, 0x6d, 0x56, 0x33, 0x3b, 0x6d,
  0x6f, 0x64, 0x65, 0x6c, 0x5f, 0x31, 0x2f, 0x62, 0x6c, 0x6f, 0x63, 0x6b,
  0x5f, 0x36, 0x5f, 0x65, 0x78, 0x70, 0x61, 0x6e, 0x64, 0x2f, 0x43, 0x6f,
  0x6e, 0x76, 0x32, 0x44, 0x3b, 0x6d, 0x6f, 0x64, 0x65, 0x6c, 0x5f, 0x31,
  0x2f, 0x62, 0x6c, 0x6f, 0x63, 0x6b, 0x5f, 0x31, 0x5f, 0x64, 0x65, 0x70,
  0x74, 0x68, 0x77, 0x69, 0x73, 0x65, 0x2f, 0x64, 0x65, 0x70, 0x74, 0x68,
  0x77, 0x69, 0x73, 0x65, 0x00, 0x00, 0x00, 0x00, 0x04, 0x00, 0x00, 0x00,
  0x01, 0x00, 0x00, 0x00, 0x10, 0x00, 0x00, 0x00, 0x10, 0x00, 0x00, 0x00,
  0x30, 0x00, 0x00, 0x00, 0x22, 0xad, 0xff, 0xff, 0x00, 0x00, 0x00, 0x01,
  0x14, 0x00, 0x00, 0x00, 0x34, 0x00, 0x00, 0x00, 0x32, 0x00, 0x00, 0x00,
  0x00, 0x00, 0x00, 0x09, 0x44, 0x00, 0x00, 0x00, 0x0c, 0xad, 0xff, 0xff,
  0x08, 0x00, 0x00, 0x00, 0x14, 0x00, 0x00, 0x00, 0x01, 0x00, 0x00, 0x00,
  0x80, 0xff, 0xff, 0xff, 0xff, 0xff, 0xff, 0xff, 0x00, 0x00, 0x00, 0x00,
  0x01, 0x00, 0x00, 0x00, 0xc1, 0xc0, 0xc0, 0x3c, 0x17, 0x00, 0x00, 0x00,
  0x6d, 0x6f, 0x64, 0x65, 0x6c, 0x5f, 0x31, 0x2f, 0x62, 0x6c, 0x6f, 0x63,
  0x6b, 0x5f, 0x31, 0x5f, 0x70, 0x61, 0x64, 0x2f, 0x50, 0x61, 0x64, 0x00,
  0x04, 0x00, 0x00, 0x00, 0x01, 0x00, 0x00, 0x00, 0x21, 0x00, 0x00, 0x00,
  0x21, 0x00, 0x00, 0x00, 0x30, 0x00, 0x00, 0x00, 0x92, 0xad, 0xff, 0xff,
  0x00, 0x00, 0x00, 0x01, 0x14, 0x00, 0x00, 0x00, 0x30, 0x00, 0x00, 0x00,
  0x31, 0x00, 0x00, 0x00, 0x00, 0x00, 0x00, 0x09, 0xb4, 0x00, 0x00, 0x00,
  0x7c, 0xad, 0xff, 0xff, 0x08, 0x00, 0x00, 0x00, 0x10, 0x00, 0x00, 0x00,
  0x01, 0x00, 0x00, 0x00, 0x80, 0xff, 0xff, 0xff, 0xff, 0xff, 0xff, 0xff,
  0x01, 0x00, 0x00, 0x00, 0xc1, 0xc0, 0xc0, 0x3c, 0x88, 0x00, 0x00, 0x00,
  0x6d, 0x6f, 0x64, 0x65, 0x6c, 0x5f, 0x31, 0x2f, 0x62, 0x6c, 0x6f, 0x63,
  0x6b, 0x5f, 0x31, 0x5f, 0x65, 0x78, 0x70, 0x61, 0x6e, 0x64, 0x5f, 0x72,
  0x65, 0x6c, 0x75, 0x2f, 0x52, 0x65, 0x6c, 0x75, 0x36, 0x3b, 0x6d, 0x6f,
  0x64, 0x65, 0x6c, 0x5f, 0x31, 0x2f, 0x62, 0x6c, 0x6f, 0x63, 0x6b, 0x5f,
  0x31, 0x5f, 0x65, 0x78, 0x70, 0x61, 0x6e, 0x64, 0x5f, 0x42, 0x4e, 0x2f,
  0x46, 0x75, 0x73, 0x65, 0x64, 0x42, 0x61, 0x74, 0x63, 0x68, 0x4e, 0x6f,
  0x72, 0x6d, 0x56, 0x33, 0x3b, 0x6d, 0x6f, 0x64, 0x65, 0x6c, 0x5f, 0x31,
  0x2f, 0x62, 0x6c, 0x6f, 0x63, 0x6b, 0x5f, 0x36, 0x5f, 0x65, 0x78, 0x70,
  0x61, 0x6e, 0x64, 0x2f, 0x43, 0x6f, 0x6e, 0x76, 0x32, 0x44, 0x3b, 0x6d,
  0x6f, 0x64, 0x65, 0x6c, 0x5f, 0x31, 0x2f, 0x62, 0x6c, 0x6f, 0x63, 0x6b,
  0x5f, 0x31, 0x5f, 0x65, 0x78, 0x70, 0x61, 0x6e, 0x64, 0x2f, 0x43, 0x6f,
  0x6e, 0x76, 0x32, 0x44, 0x00, 0x00, 0x00, 0x00, 0x04, 0x00, 0x00, 0x00,
  0x01, 0x00, 0x00, 0x00, 0x20, 0x00, 0x00, 0x00, 0x20, 0x00, 0x00, 0x00,
  0x30, 0x00, 0x00, 0x00, 0x72, 0xae, 0xff, 0xff, 0x00, 0x00, 0x00, 0x01,
  0x14, 0x00, 0x00, 0x00, 0x34, 0x00, 0x00, 0x00, 0x30, 0x00, 0x00, 0x00,
  0x00, 0x00, 0x00, 0x09, 0x4c, 0x00, 0x00, 0x00, 0x5c, 0xae, 0xff, 0xff,
  0x08, 0x00, 0x00, 0x00, 0x14, 0x00, 0x00, 0x00, 0x01, 0x00, 0x00, 0x00,
  0xfb, 0xff, 0xff, 0xff, 0xff, 0xff, 0xff, 0xff, 0x00, 0x00, 0x00, 0x00,
  0x01, 0x00, 0x00, 0x00, 0x93, 0x8e, 0x9e, 0x3d, 0x1d, 0x00, 0x00, 0x00,
  0x6d, 0x6f, 0x64, 0x65, 0x6c, 0x5f, 0x31, 0x2f, 0x65, 0x78, 0x70, 0x61,
  0x6e, 0x64, 0x65, 0x64, 0x5f, 0x63, 0x6f, 0x6e, 0x76, 0x5f, 0x61, 0x64,
  0x64, 0x2f, 0x61, 0x64, 0x64, 0x00, 0x00, 0x00, 0x04, 0x00, 0x00, 0x00,
  0x01, 0x00, 0x00, 0x00, 0x20, 0x00, 0x00, 0x00, 0x20, 0x00, 0x00, 0x00,
  0x08, 0x00, 0x00, 0x00, 0xea, 0xae, 0xff, 0xff, 0x00, 0x00, 0x00, 0x01,
  0x14, 0x00, 0x00, 0x00, 0x34, 0x00, 0x00, 0x00, 0x2f, 0x00, 0x00, 0x00,
  0x00, 0x00, 0x00, 0x09, 0xa4, 0x00, 0x00, 0x00, 0xd4, 0xae, 0xff, 0xff,
  0x08, 0x00, 0x00, 0x00, 0x14, 0x00, 0x00, 0x00, 0x01, 0x00, 0x00, 0x00,
  0x13, 0x00, 0x00, 0x00, 0x00, 0x00, 0x00, 0x00, 0x00, 0x00, 0x00, 0x00,
  0x01, 0x00, 0x00, 0x00, 0xd7, 0x1c, 0x85, 0x3d, 0x75, 0x00, 0x00, 0x00,
  0x6d, 0x6f, 0x64, 0x65, 0x6c, 0x5f, 0x31, 0x2f, 0x65, 0x78, 0x70, 0x61,
  0x6e, 0x64, 0x65, 0x64, 0x5f, 0x63, 0x6f, 0x6e, 0x76, 0x5f, 0x70, 0x72,
  0x6f, 0x6a, 0x65, 0x63, 0x74, 0x5f, 0x42, 0x4e, 0x2f, 0x46, 0x75, 0x73,
  0x65, 0x64, 0x42, 0x61, 0x74, 0x63, 0x68, 0x4e, 0x6f, 0x72, 0x6d, 0x56,
  0x33, 0x3b, 0x6d, 0x6f, 0x64, 0x65, 0x6c, 0x5f, 0x31, 0x2f, 0x62, 0x6c,
  0x6f, 0x63, 0x6b, 0x5f, 0x35, 0x5f, 0x70, 0x72, 0x6f, 0x6a, 0x65, 0x63,
  0x74, 0x2f, 0x43, 0x6f, 0x6e, 0x76, 0x32, 0x44, 0x3b, 0x6d, 0x6f, 0x64,
  0x65, 0x6c, 0x5f, 0x31, 0x2f, 0x65, 0x78, 0x70, 0x61, 0x6e, 0x64, 0x65,
  0x64, 0x5f, 0x63, 0x6f, 0x6e, 0x76, 0x5f, 0x70, 0x72, 0x6f, 0x6a, 0x65,
  0x63, 0x74, 0x2f, 0x43, 0x6f, 0x6e, 0x76, 0x32, 0x44, 0x00, 0x00, 0x00,
  0x04, 0x00, 0x00, 0x00, 0x01, 0x00, 0x00, 0x00, 0x20, 0x00, 0x00, 0x00,
  0x20, 0x00, 0x00, 0x00, 0x08, 0x00, 0x00, 0x00, 0xba, 0xaf, 0xff, 0xff,
  0x00, 0x00, 0x00, 0x01, 0x14, 0x00, 0x00, 0x00, 0x34, 0x00, 0x00, 0x00,
  0x2e, 0x00, 0x00, 0x00, 0x00, 0x00, 0x00, 0x09, 0xd4, 0x00, 0x00, 0x00,
  0xa4, 0xaf, 0xff, 0xff, 0x08, 0x00, 0x00, 0x00, 0x14, 0x00, 0x00, 0x00,
  0x01, 0x00, 0x00, 0x00, 0x80, 0xff, 0xff, 0xff, 0xff, 0xff, 0xff, 0xff,
  0x00, 0x00, 0x00, 0x00, 0x01, 0x00, 0x00, 0x00, 0xc1, 0xc0, 0xc0, 0x3c,
  0xa7, 0x00, 0x00, 0x00, 0x6d, 0x6f, 0x64, 0x65, 0x6c, 0x5f, 0x31, 0x2f,
  0x65, 0x78, 0x70, 0x61, 0x6e, 0x64, 0x65, 0x64, 0x5f, 0x63, 0x6f, 0x6e,
  0x76, 0x5f, 0x64, 0x65, 0x70, 0x74, 0x68, 0x77, 0x69, 0x73, 0x65, 0x5f,
  0x72, 0x65, 0x6c, 0x75, 0x2f, 0x52, 0x65, 0x6c, 0x75, 0x36, 0x3b, 0x6d,
  0x6f, 0x64, 0x65, 0x6c, 0x5f, 0x31, 0x2f, 0x65, 0x78, 0x70, 0x61, 0x6e,
  0x64, 0x65, 0x64, 0x5f, 0x63, 0x6f, 0x6e, 0x76, 0x5f, 0x64, 0x65, 0x70,
  0x74, 0x68, 0x77, 0x69, 0x73, 0x65, 0x5f, 0x42, 0x4e, 0x2f, 0x46, 0x75,
  0x73, 0x65, 0x64, 0x42, 0x61, 0x74, 0x63, 0x68, 0x4e, 0x6f, 0x72, 0x6d,
  0x56, 0x33, 0x3b, 0x6d, 0x6f, 0x64, 0x65, 0x6c, 0x5f, 0x31, 0x2f, 0x62,
  0x6c, 0x6f, 0x63, 0x6b, 0x5f, 0x35, 0x5f, 0x70, 0x72, 0x6f, 0x6a, 0x65,
  0x63, 0x74, 0x2f, 0x43, 0x6f, 0x6e, 0x76, 0x32, 0x44, 0x3b, 0x6d, 0x6f,
  0x64, 0x65, 0x6c, 0x5f, 0x31, 0x2f, 0x65, 0x78, 0x70, 0x61, 0x6e, 0x64,
  0x65, 0x64, 0x5f, 0x63, 0x6f, 0x6e, 0x76, 0x5f, 0x64, 0x65, 0x70, 0x74,
  0x68, 0x77, 0x69, 0x73, 0x65, 0x2f, 0x64, 0x65, 0x70, 0x74, 0x68, 0x77,
  0x69, 0x73, 0x65, 0x00, 0x04, 0x00, 0x00, 0x00, 0x01, 0x00, 0x00, 0x00,
  0x20, 0x00, 0x00, 0x00, 0x20, 0x00, 0x00, 0x00, 0x08, 0x00, 0x00, 0x00,
  0xba, 0xb0, 0xff, 0xff, 0x00, 0x00, 0x00, 0x01, 0x14, 0x00, 0x00, 0x00,
  0x34, 0x00, 0x00, 0x00, 0x2d, 0x00, 0x00, 0x00, 0x00, 0x00, 0x00, 0x09,
  0x9c, 0x00, 0x00, 0x00, 0xa4, 0xb0, 0xff, 0xff, 0x08, 0x00, 0x00, 0x00,
  0x14, 0x00, 0x00, 0x00, 0x01, 0x00, 0x00, 0x00, 0x80, 0xff, 0xff, 0xff,
  0xff, 0xff, 0xff, 0xff, 0x00, 0x00, 0x00, 0x00, 0x01, 0x00, 0x00, 0x00,
  0xc1, 0xc0, 0xc0, 0x3c, 0x6e, 0x00, 0x00, 0x00, 0x6d, 0x6f, 0x64, 0x65,
  0x6c, 0x5f, 0x31, 0x2f, 0x43, 0x6f, 0x6e, 0x76, 0x31, 0x5f, 0x72, 0x65,
  0x6c, 0x75, 0x2f, 0x52, 0x65, 0x6c, 0x75, 0x36, 0x3b, 0x6d, 0x6f, 0x64,
  0x65, 0x6c, 0x5f, 0x31, 0x2f, 0x62, 0x6e, 0x5f, 0x43, 0x6f, 0x6e, 0x76,
  0x31, 0x2f, 0x46, 0x75, 0x73, 0x65, 0x64, 0x42, 0x61, 0x74, 0x63, 0x68,
  0x4e, 0x6f, 0x72, 0x6d, 0x56, 0x33, 0x3b, 0x6d, 0x6f, 0x64, 0x65, 0x6c,
  0x5f, 0x31, 0x2f, 0x62, 0x6c, 0x6f, 0x63, 0x6b, 0x5f, 0x35, 0x5f, 0x70,
  0x72, 0x6f, 0x6a, 0x65, 0x63, 0x74, 0x2f, 0x43, 0x6f, 0x6e, 0x76, 0x32,
  0x44, 0x3b, 0x6d, 0x6f, 0x64, 0x65, 0x6c, 0x5f, 0x31, 0x2f, 0x43, 0x6f,
  0x6e, 0x76, 0x31, 0x2f, 0x43, 0x6f, 0x6e, 0x76, 0x32, 0x44, 0x00, 0x00,
  0x04, 0x00, 0x00, 0x00, 0x01, 0x00, 0x00, 0x00, 0x20, 0x00, 0x00, 0x00,
  0x20, 0x00, 0x00, 0x00, 0x08, 0x00, 0x00, 0x00, 0x82, 0xb1, 0xff, 0xff,
  0x00, 0x00, 0x00, 0x01, 0x14, 0x00, 0x00, 0x00, 0x84, 0x00, 0x00, 0x00,
  0x2c, 0x00, 0x00, 0x00, 0x00, 0x00, 0x00, 0x09, 0x94, 0x00, 0x00, 0x00,
  0x6c, 0xb1, 0xff, 0xff, 0x08, 0x00, 0x00, 0x00, 0x48, 0x00, 0x00, 0x00,
  0x08, 0x00, 0x00, 0x00, 0x00, 0x00, 0x00, 0x00, 0x00, 0x00, 0x00, 0x00,
  0x00, 0x00, 0x00, 0x00, 0x00, 0x00, 0x00, 0x00, 0x00, 0x00, 0x00, 0x00,
  0x00, 0x00, 0x00, 0x00, 0x00, 0x00, 0x00, 0x00, 0x00, 0x00, 0x00, 0x00,
  0x00, 0x00, 0x00, 0x00, 0x00, 0x00, 0x00, 0x00, 0x00, 0x00, 0x00, 0x00,
  0x00, 0x00, 0x00, 0x00, 0x00, 0x00, 0x00, 0x00, 0x00, 0x00, 0x00, 0x00,
  0x00, 0x00, 0x00, 0x00, 0x00, 0x00, 0x00, 0x00, 0x08, 0x00, 0x00, 0x00,
  0x41, 0x23, 0x3d, 0x3d, 0xaf, 0xe1, 0x66, 0x3d, 0x5f, 0x99, 0x0d, 0x3d,
  0xfc, 0x23, 0xc8, 0x3c, 0x4f, 0x3a, 0x6d, 0x3d, 0xea, 0x73, 0xaf, 0x3d,
  0x05, 0xd3, 0x4a, 0x3b, 0x3c, 0xc5, 0xed, 0x3b, 0x14, 0x00, 0x00, 0x00,
  0x6d, 0x6f, 0x64, 0x65, 0x6c, 0x5f, 0x31, 0x2f, 0x43, 0x6f, 0x6e, 0x76,
  0x31, 0x2f, 0x43, 0x6f, 0x6e, 0x76, 0x32, 0x44, 0x00, 0x00, 0x00, 0x00,
  0x04, 0x00, 0x00, 0x00, 0x08, 0x00, 0x00, 0x00, 0x03, 0x00, 0x00, 0x00,
  0x03, 0x00, 0x00, 0x00, 0x01, 0x00, 0x00, 0x00, 0x42, 0xb2, 0xff, 0xff,
  0x00, 0x00, 0x00, 0x01, 0x14, 0x00, 0x00, 0x00, 0x88, 0x00, 0x00, 0x00,
  0x2b, 0x00, 0x00, 0x00, 0x00, 0x00, 0x00, 0x02, 0xa4, 0x00, 0x00, 0x00,
  0x2c, 0xb2, 0xff, 0xff, 0x08, 0x00, 0x00, 0x00, 0x4c, 0x00, 0x00, 0x00,
  0x08, 0x00, 0x00, 0x00, 0x00, 0x00, 0x00, 0x00, 0x00, 0x00, 0x00, 0x00,
  0x00, 0x00, 0x00, 0x00, 0x00, 0x00, 0x00, 0x00, 0x00, 0x00, 0x00, 0x00,
  0x00, 0x00, 0x00, 0x00, 0x00, 0x00, 0x00, 0x00, 0x00, 0x00, 0x00, 0x00,
  0x00, 0x00, 0x00, 0x00, 0x00, 0x00, 0x00, 0x00, 0x00, 0x00, 0x00, 0x00,
  0x00, 0x00, 0x00, 0x00, 0x00, 0x00, 0x00, 0x00, 0x00, 0x00, 0x00, 0x00,
  0x00, 0x00, 0x00, 0x00, 0x00, 0x00, 0x00, 0x00, 0x00, 0x00, 0x00, 0x00,
  0x08, 0x00, 0x00, 0x00, 0x23, 0xe1, 0x3d, 0x39, 0x79, 0xc9, 0x67, 0x39,
  0x87, 0x27, 0x0e, 0x39, 0xea, 0xec, 0xc8, 0x38, 0x78, 0x28, 0x6e, 0x39,
  0x0f, 0x24, 0xb0, 0x39, 0xa4, 0x9e, 0x4b, 0x37, 0xf1, 0xb3, 0xee, 0x37,
  0x21, 0x00, 0x00, 0x00, 0x6d, 0x6f, 0x64, 0x65, 0x6c, 0x5f, 0x31, 0x2f,
  0x62, 0x6e, 0x5f, 0x43, 0x6f, 0x6e, 0x76, 0x31, 0x2f, 0x46, 0x75, 0x73,
  0x65, 0x64, 0x42, 0x61, 0x74, 0x63, 0x68, 0x4e, 0x6f, 0x72, 0x6d, 0x56,
  0x33, 0x00, 0x00, 0x00, 0x01, 0x00, 0x00, 0x00, 0x08, 0x00, 0x00, 0x00,
  0x06, 0xb3, 0xff, 0xff, 0x00, 0x00, 0x00, 0x01, 0x14, 0x00, 0x00, 0x00,
  0x88, 0x00, 0x00, 0x00, 0x2a, 0x00, 0x00, 0x00, 0x00, 0x00, 0x00, 0x09,
  0x00, 0x01, 0x00, 0x00, 0xd2, 0xc4, 0xff, 0xff, 0x03, 0x00, 0x00, 0x00,
  0x08, 0x00, 0x00, 0x00, 0x48, 0x00, 0x00, 0x00, 0x08, 0x00, 0x00, 0x00,
  0x00, 0x00, 0x00, 0x00, 0x00, 0x00, 0x00, 0x00, 0x00, 0x00, 0x00, 0x00,
  0x00, 0x00, 0x00, 0x00, 0x00, 0x00, 0x00, 0x00, 0x00, 0x00, 0x00, 0x00,
  0x00, 0x00, 0x00, 0x00, 0x00, 0x00, 0x00, 0x00, 0x00, 0x00, 0x00, 0x00,
  0x00, 0x00, 0x00, 0x00, 0x00, 0x00, 0x00, 0x00, 0x00, 0x00, 0x00, 0x00,
  0x00, 0x00, 0x00, 0x00, 0x00, 0x00, 0x00, 0x00, 0x00, 0x00, 0x00, 0x00,
  0x00, 0x00, 0x00, 0x00, 0x08, 0x00, 0x00, 0x00, 0xc3, 0x08, 0x55, 0x3c,
  0xa9, 0x2d, 0x83, 0x3c, 0x80, 0xc8, 0x2a, 0x3c, 0x3f, 0x8e, 0x72, 0x3c,
  0x6b, 0x78, 0x64, 0x3c, 0x42, 0x22, 0x81, 0x3c, 0x52, 0x73, 0x3e, 0x3d,
  0x0f, 0xae, 0x09, 0x3e, 0x7c, 0x00, 0x00, 0x00, 0x6d, 0x6f, 0x64, 0x65,
  0x6c, 0x5f, 0x31, 0x2f, 0x65, 0x78, 0x70, 0x61, 0x6e, 0x64, 0x65, 0x64,
  0x5f, 0x63, 0x6f, 0x6e, 0x76, 0x5f, 0x64, 0x65, 0x70, 0x74, 0x68, 0x77,
  0x69, 0x73, 0x65, 0x5f, 0x42, 0x4e, 0x2f, 0x46, 0x75, 0x73, 0x65, 0x64,
  0x42, 0x61, 0x74, 0x63, 0x68, 0x4e, 0x6f, 0x72, 0x6d, 0x56, 0x33, 0x3b,
  0x6d, 0x6f, 0x64, 0x65, 0x6c, 0x5f, 0x31, 0x2f, 0x65, 0x78, 0x70, 0x61,
  0x6e, 0x64, 0x65, 0x64, 0x5f, 0x63, 0x6f, 0x6e, 0x76, 0x5f, 0x64, 0x65,
  0x70, 0x74, 0x68, 0x77, 0x69, 0x73, 0x65, 0x2f, 0x64, 0x65, 0x70, 0x74,
  0x68, 0x77, 0x69, 0x73, 0x65, 0x3b, 0x6d, 0x6f, 0x64, 0x65, 0x6c, 0x5f,
  0x31, 0x2f, 0x62, 0x6c, 0x6f, 0x63, 0x6b, 0x5f, 0x35, 0x5f, 0x70, 0x72,
  0x6f, 0x6a, 0x65, 0x63, 0x74, 0x2f, 0x43, 0x6f, 0x6e, 0x76, 0x32, 0x44,
  0x00, 0x00, 0x00, 0x00, 0x04, 0x00, 0x00, 0x00, 0x01, 0x00, 0x00, 0x00,
  0x03, 0x00, 0x00, 0x00, 0x03, 0x00, 0x00, 0x00, 0x08, 0x00, 0x00, 0x00,
  0x32, 0xb4, 0xff, 0xff, 0x00, 0x00, 0x00, 0x01, 0x14, 0x00, 0x00, 0x00,
  0x84, 0x00, 0x00, 0x00, 0x29, 0x00, 0x00, 0x00, 0x00, 0x00, 0x00, 0x02,
  0xb0, 0x00, 0x00, 0x00, 0x1c, 0xb4, 0xff, 0xff, 0x08, 0x00, 0x00, 0x00,
  0x48, 0x00, 0x00, 0x00, 0x08, 0x00, 0x00, 0x00, 0x00, 0x00, 0x00, 0x00,
  0x00, 0x00, 0x00, 0x00, 0x00, 0x00, 0x00, 0x00, 0x00, 0x00, 0x00, 0x00,
  0x00, 0x00, 0x00, 0x00, 0x00, 0x00, 0x00, 0x00, 0x00, 0x00, 0x00, 0x00,
  0x00, 0x00, 0x00, 0x00, 0x00, 0x00, 0x00, 0x00, 0x00, 0x00, 0x00, 0x00,
  0x00, 0x00, 0x00, 0x00, 0x00, 0x00, 0x00, 0x00, 0x00, 0x00, 0x00, 0x00,
  0x00, 0x00, 0x00, 0x00, 0x00, 0x00, 0x00, 0x00, 0x00, 0x00, 0x00, 0x00,
  0x08, 0x00, 0x00, 0x00, 0xf9, 0x66, 0xa0, 0x39, 0x08, 0x8a, 0xc5, 0x39,
  0xf7, 0x96, 0x80, 0x39, 0x51, 0xa1, 0xb6, 0x39, 0x57, 0x06, 0xac, 0x39,
  0xd9, 0x75, 0xc2, 0x39, 0xe4, 0x65, 0x8f, 0x3a, 0x6b, 0x54, 0x4f, 0x3b,
  0x33, 0x00, 0x00, 0x00, 0x6d, 0x6f, 0x64, 0x65, 0x6c, 0x5f, 0x31, 0x2f,
  0x65, 0x78, 0x70, 0x61, 0x6e, 0x64, 0x65, 0x64, 0x5f, 0x63, 0x6f, 0x6e,
  0x76, 0x5f, 0x64, 0x65, 0x70, 0x74, 0x68, 0x77, 0x69, 0x73, 0x65, 0x5f,
  0x42, 0x4e, 0x2f, 0x46, 0x75, 0x73, 0x65, 0x64, 0x42, 0x61, 0x74, 0x63,
  0x68, 0x4e, 0x6f, 0x72, 0x6d, 0x56, 0x33, 0x00, 0x01, 0x00, 0x00, 0x00,
  0x08, 0x00, 0x00, 0x00, 0x02, 0xb5, 0xff, 0xff, 0x00, 0x00, 0x00, 0x01,
  0x14, 0x00, 0x00, 0x00, 0x84, 0x00, 0x00, 0x00, 0x28, 0x00, 0x00, 0x00,
  0x00, 0x00, 0x00, 0x09, 0xa4, 0x00, 0x00, 0x00, 0xec, 0xb4, 0xff, 0xff,
  0x08, 0x00, 0x00, 0x00, 0x48, 0x00, 0x00, 0x00, 0x08, 0x00, 0x00, 0x00,
  0x00, 0x00, 0x00, 0x00, 0x00, 0x00, 0x00, 0x00, 0x00, 0x00, 0x00, 0x00,
  0x00, 0x00, 0x00, 0x00, 0x00, 0x00, 0x00, 0x00, 0x00, 0x00, 0x00, 0x00,
  0x00, 0x00, 0x00, 0x00, 0x00, 0x00, 0x00, 0x00, 0x00, 0x00, 0x00, 0x00,
  0x00, 0x00, 0x00, 0x00, 0x00, 0x00, 0x00, 0x00, 0x00, 0x00, 0x00, 0x00,
  0x00, 0x00, 0x00, 0x00, 0x00, 0x00, 0x00, 0x00, 0x00, 0x00, 0x00, 0x00,
  0x00, 0x00, 0x00, 0x00, 0x08, 0x00, 0x00, 0x00, 0x07, 0xb2, 0x38, 0x3b,
  0x66, 0x42, 0xc3, 0x3b, 0x64, 0x7d, 0x6b, 0x3b, 0x5c, 0x06, 0x33, 0x3b,
  0x28, 0xa8, 0xa5, 0x3b, 0x55, 0xf3, 0x01, 0x3c, 0x05, 0x0b, 0x75, 0x3b,
  0x8e, 0x60, 0xef, 0x3b, 0x24, 0x00, 0x00, 0x00, 0x6d, 0x6f, 0x64, 0x65,
  0x6c, 0x5f, 0x31, 0x2f, 0x65, 0x78, 0x70, 0x61, 0x6e, 0x64, 0x65, 0x64,
  0x5f, 0x63, 0x6f, 0x6e, 0x76, 0x5f, 0x70, 0x72, 0x6f, 0x6a, 0x65, 0x63,
  0x74, 0x2f, 0x43, 0x6f, 0x6e, 0x76, 0x32, 0x44, 0x00, 0x00, 0x00, 0x00,
  0x04, 0x00, 0x00, 0x00, 0x08, 0x00, 0x00, 0x00, 0x01, 0x00, 0x00, 0x00,
  0x01, 0x00, 0x00, 0x00, 0x08, 0x00, 0x00, 0x00, 0xd2, 0xb5, 0xff, 0xff,
  0x00, 0x00, 0x00, 0x01, 0x14, 0x00, 0x00, 0x00, 0x84, 0x00, 0x00, 0x00,
  0x27, 0x00, 0x00, 0x00, 0x00, 0x00, 0x00, 0x02, 0xb0, 0x00, 0x00, 0x00,
  0xbc, 0xb5, 0xff, 0xff, 0x08, 0x00, 0x00, 0x00, 0x48, 0x00, 0x00, 0x00,
  0x08, 0x00, 0x00, 0x00, 0x00, 0x00, 0x00, 0x00, 0x00, 0x00, 0x00, 0x00,
  0x00, 0x00, 0x00, 0x00, 0x00, 0x00, 0x00, 0x00, 0x00, 0x00, 0x00, 0x00,
  0x00, 0x00, 0x00, 0x00, 0x00, 0x00, 0x00, 0x00, 0x00, 0x00, 0x00, 0x00,
  0x00, 0x00, 0x00, 0x00, 0x00, 0x00, 0x00, 0x00, 0x00, 0x00, 0x00, 0x00,
  0x00, 0x00, 0x00, 0x00, 0x00, 0x00, 0x00, 0x00, 0x00, 0x00, 0x00, 0x00,
  0x00, 0x00, 0x00, 0x00, 0x00, 0x00, 0x00, 0x00, 0x08, 0x00, 0x00, 0x00,
  0x96, 0x10, 0x8b, 0x38, 0xd2, 0x04, 0x13, 0x39, 0x5b, 0x4f, 0xb1, 0x38,
  0x91, 0xcb, 0x86, 0x38, 0xb2, 0x75, 0xf9, 0x38, 0xb0, 0xb0, 0x43, 0x39,
  0xc5, 0x80, 0xb8, 0x38, 0xa7, 0x3c, 0x34, 0x39, 0x31, 0x00, 0x00, 0x00,
  0x6d, 0x6f, 0x64, 0x65, 0x6c, 0x5f, 0x31, 0x2f, 0x65, 0x78, 0x70, 0x61,
  0x6e, 0x64, 0x65, 0x64, 0x5f, 0x63, 0x6f, 0x6e, 0x76, 0x5f, 0x70, 0x72,
  0x6f, 0x6a, 0x65, 0x63, 0x74, 0x5f, 0x42, 0x4e, 0x2f, 0x46, 0x75, 0x73,
  0x65, 0x64, 0x42, 0x61, 0x74, 0x63, 0x68, 0x4e, 0x6f, 0x72, 0x6d, 0x56,
  0x33, 0x00, 0x00, 0x00, 0x01, 0x00, 0x00, 0x00, 0x08, 0x00, 0x00, 0x00,
  0xa2, 0xb6, 0xff, 0xff, 0x00, 0x00, 0x00, 0x01, 0x14, 0x00, 0x00, 0x00,
  0x64, 0x02, 0x00, 0x00, 0x26, 0x00, 0x00, 0x00, 0x00, 0x00, 0x00, 0x09,
  0x7c, 0x02, 0x00, 0x00, 0x8c, 0xb6, 0xff, 0xff, 0x08, 0x00, 0x00, 0x00,
  0x88, 0x01, 0x00, 0x00, 0x30, 0x00, 0x00, 0x00, 0x00, 0x00, 0x00, 0x00,
  0x00, 0x00, 0x00, 0x00, 0x00, 0x00, 0x00, 0x00, 0x00, 0x00, 0x00, 0x00,
  0x00, 0x00, 0x00, 0x00, 0x00, 0x00, 0x00, 0x00, 0x00, 0x00, 0x00, 0x00,
  0x00, 0x00, 0x00, 0x00, 0x00, 0x00, 0x00, 0x00, 0x00, 0x00, 0x00, 0x00,
  0x00, 0x00, 0x00, 0x00, 0x00, 0x00, 0x00, 0x00, 0x00, 0x00, 0x00, 0x00,
  0x00, 0x00, 0x00, 0x00, 0x00, 0x00, 0x00, 0x00, 0x00, 0x00, 0x00, 0x00,
  0x00, 0x00, 0x00, 0x00, 0x00, 0x00, 0x00, 0x00, 0x00, 0x00, 0x00, 0x00,
  0x00, 0x00, 0x00, 0x00, 0x00, 0x00, 0x00, 0x00, 0x00, 0x00, 0x00, 0x00,
  0x00, 0x00, 0x00, 0x00, 0x00, 0x00, 0x00, 0x00, 0x00, 0x00, 0x00, 0x00,
  0x00, 0x00, 0x00, 0x00, 0x00, 0x00, 0x00, 0x00, 0x00, 0x00, 0x00, 0x00,
  0x00, 0x00, 0x00, 0x00, 0x00, 0x00, 0x00, 0x00, 0x00, 0x00, 0x00, 0x00,
  0x00, 0x00, 0x00, 0x00, 0x00, 0x00, 0x00, 0x00, 0x00, 0x00, 0x00, 0x00,
  0x00, 0x00, 0x00, 0x00, 0x00, 0x00, 0x00, 0x00, 0x00, 0x00, 0x00, 0x00,
  0x00, 0x00, 0x00, 0x00, 0x00, 0x00, 0x00, 0x00, 0x00, 0x00, 0x00, 0x00,
  0x00, 0x00, 0x00, 0x00, 0x00, 0x00, 0x00, 0x00, 0x00, 0x00, 0x00, 0x00,
  0x00, 0x00, 0x00, 0x00, 0x00, 0x00, 0x00, 0x00, 0x00, 0x00, 0x00, 0x00,
  0x00, 0x00, 0x00, 0x00, 0x00, 0x00, 0x00, 0x00, 0x00, 0x00, 0x00, 0x00,
  0x00, 0x00, 0x00, 0x00, 0x00, 0x00, 0x00, 0x00, 0x00, 0x00, 0x00, 0x00,
  0x00, 0x00, 0x00, 0x00, 0x00, 0x00, 0x00, 0x00, 0x00, 0x00, 0x00, 0x00,
  0x00, 0x00, 0x00, 0x00, 0x00, 0x00, 0x00, 0x00, 0x00, 0x00, 0x00, 0x00,
  0x00, 0x00, 0x00, 0x00, 0x00, 0x00, 0x00, 0x00, 0x00, 0x00, 0x00, 0x00,
  0x00, 0x00, 0x00, 0x00, 0x00, 0x00, 0x00, 0x00, 0x00, 0x00, 0x00, 0x00,
  0x00, 0x00, 0x00, 0x00, 0x00, 0x00, 0x00, 0x00, 0x00, 0x00, 0x00, 0x00,
  0x00, 0x00, 0x00, 0x00, 0x00, 0x00, 0x00, 0x00, 0x00, 0x00, 0x00, 0x00,
  0x00, 0x00, 0x00, 0x00, 0x00, 0x00, 0x00, 0x00, 0x00, 0x00, 0x00, 0x00,
  0x00, 0x00, 0x00, 0x00, 0x00, 0x00, 0x00, 0x00, 0x00, 0x00, 0x00, 0x00,
  0x00, 0x00, 0x00, 0x00, 0x00, 0x00, 0x00, 0x00, 0x00, 0x00, 0x00, 0x00,
  0x00, 0x00, 0x00, 0x00, 0x00, 0x00, 0x00, 0x00, 0x00, 0x00, 0x00, 0x00,
  0x00, 0x00, 0x00, 0x00, 0x00, 0x00, 0x00, 0x00, 0x00, 0x00, 0x00, 0x00,
  0x00, 0x00, 0x00, 0x00, 0x00, 0x00, 0x00, 0x00, 0x00, 0x00, 0x00, 0x00,
  0x00, 0x00, 0x00, 0x00, 0x00, 0x00, 0x00, 0x00, 0x00, 0x00, 0x00, 0x00,
  0x00, 0x00, 0x00, 0x00, 0x00, 0x00, 0x00, 0x00, 0x00, 0x00, 0x00, 0x00,
  0x00, 0x00, 0x00, 0x00, 0x00, 0x00, 0x00, 0x00, 0x30, 0x00, 0x00, 0x00,
  0x02, 0x0a, 0xa9, 0x3b, 0xfa, 0x0a, 0xec, 0x3b, 0xe3, 0xa2, 0x87, 0x3a,
  0xcf, 0x3f, 0x13, 0x3c, 0x38, 0x7f, 0x90, 0x3b, 0xa9, 0xc1, 0x74, 0x3b,
  0xed, 0x7e, 0xce, 0x3c, 0xa5, 0xaa, 0x76, 0x3c, 0x58, 0x27, 0x5f, 0x3c,
  0x77, 0x55, 0xe5, 0x3b, 0x21, 0xc2, 0x03, 0x3b, 0xc1, 0xa4, 0xb3, 0x3b,
  0x28, 0x39, 0xb6, 0x3b, 0xb6, 0xf4, 0x52, 0x3c, 0x24, 0xcb, 0xc9, 0x3b,
  0xe3, 0x1e, 0xa9, 0x3c, 0xf5, 0xe2, 0x56, 0x3c, 0x8b, 0xc6, 0x6b, 0x3b,
  0xa7, 0x49, 0x64, 0x3c, 0xa7, 0xba, 0xb3, 0x3c, 0xe3, 0x1f, 0x28, 0x3c,
  0xa5, 0x1b, 0x9e, 0x3b, 0x95, 0x9d, 0xf0, 0x3a, 0x1e, 0x8d, 0xae, 0x3b,
  0x0f, 0x42, 0x5e, 0x3c, 0x0c, 0xb3, 0x1b, 0x3c, 0xcc, 0x49, 0x34, 0x3c,
  0xd1, 0xdb, 0xcb, 0x3b, 0x5a, 0x91, 0x72, 0x3c, 0x67, 0xdc, 0x12, 0x3c,
  0x60, 0xec, 0x79, 0x3b, 0xd2, 0x72, 0xef, 0x3b, 0x04, 0x2d, 0x18, 0x3c,
  0xac, 0x67, 0x5b, 0x3b, 0x9b, 0xc7, 0xb1, 0x3b, 0xd7, 0x44, 0x90, 0x3b,
  0x4f, 0x60, 0xea, 0x3b, 0x00, 0x6b, 0xa8, 0x3c, 0x6f, 0x8d, 0xca, 0x3b,
  0xd1, 0x80, 0xf4, 0x3b, 0x1a, 0xc6, 0x8a, 0x3c, 0x89, 0xd3, 0xee, 0x3b,
  0x04, 0x08, 0x11, 0x3c, 0x72, 0xe7, 0x44, 0x3b, 0xa1, 0x9b, 0x8d, 0x3c,
  0x73, 0x91, 0x0a, 0x3c, 0x48, 0xa8, 0x09, 0x3c, 0xad, 0xf7, 0xba, 0x3b,
  0x1d, 0x00, 0x00, 0x00, 0x6d, 0x6f, 0x64, 0x65, 0x6c, 0x5f, 0x31, 0x2f,
  0x62, 0x6c, 0x6f, 0x63, 0x6b, 0x5f, 0x31, 0x5f, 0x65, 0x78, 0x70, 0x61,
  0x6e, 0x64, 0x2f, 0x43, 0x6f, 0x6e, 0x76, 0x32, 0x44, 0x00, 0x00, 0x00,
  0x04, 0x00, 0x00, 0x00, 0x30, 0x00, 0x00, 0x00, 0x01, 0x00, 0x00, 0x00,
  0x01, 0x00, 0x00, 0x00, 0x08, 0x00, 0x00, 0x00, 0x4a, 0xb9, 0xff, 0xff,
  0x00, 0x00, 0x00, 0x01, 0x14, 0x00, 0x00, 0x00, 0x68, 0x02, 0x00, 0x00,
  0x25, 0x00, 0x00, 0x00, 0x00, 0x00, 0x00, 0x02, 0x8c, 0x02, 0x00, 0x00,
  0x34, 0xb9, 0xff, 0xff, 0x08, 0x00, 0x00, 0x00, 0x8c, 0x01, 0x00, 0x00,
  0x30, 0x00, 0x00, 0x00, 0x00, 0x00, 0x00, 0x00, 0x00, 0x00, 0x00, 0x00,
  0x00, 0x00, 0x00, 0x00, 0x00, 0x00, 0x00, 0x00, 0x00, 0x00, 0x00, 0x00,
  0x00, 0x00, 0x00, 0x00, 0x00, 0x00, 0x00, 0x00, 0x00, 0x00, 0x00, 0x00,
  0x00, 0x00, 0x00, 0x00, 0x00, 0x00, 0x00, 0x00, 0x00, 0x00, 0x00, 0x00,
  0x00, 0x00, 0x00, 0x00, 0x00, 0x00, 0x00, 0x00, 0x00, 0x00, 0x00, 0x00,
  0x00, 0x00, 0x00, 0x00, 0x00, 0x00, 0x00, 0x00, 0x00, 0x00, 0x00, 0x00,
  0x00, 0x00, 0x00, 0x00, 0x00, 0x00, 0x00, 0x00, 0x00, 0x00, 0x00, 0x00,
  0x00, 0x00, 0x00, 0x00, 0x00, 0x00, 0x00, 0x00, 0x00, 0x00, 0x00, 0x00,
  0x00, 0x00, 0x00, 0x00, 0x00, 0x00, 0x00, 0x00, 0x00, 0x00, 0x00, 0x00,
  0x00, 0x00, 0x00, 0x00, 0x00, 0x00, 0x00, 0x00, 0x00, 0x00, 0x00, 0x00,
  0x00, 0x00, 0x00, 0x00, 0x00, 0x00, 0x00, 0x00, 0x00, 0x00, 0x00, 0x00,
  0x00, 0x00, 0x00, 0x00, 0x00, 0x00, 0x00, 0x00, 0x00, 0x00, 0x00, 0x00,
  0x00, 0x00, 0x00, 0x00, 0x00, 0x00, 0x00, 0x00, 0x00, 0x00, 0x00, 0x00,
  0x00, 0x00, 0x00, 0x00, 0x00, 0x00, 0x00, 0x00, 0x00, 0x00, 0x00, 0x00,
  0x00, 0x00, 0x00, 0x00, 0x00, 0x00, 0x00, 0x00, 0x00, 0x00, 0x00, 0x00,
  0x00, 0x00, 0x00, 0x00, 0x00, 0x00, 0x00, 0x00, 0x00, 0x00, 0x00, 0x00,
  0x00, 0x00, 0x00, 0x00, 0x00, 0x00, 0x00, 0x00, 0x00, 0x00, 0x00, 0x00,
  0x00, 0x00, 0x00, 0x00, 0x00, 0x00, 0x00, 0x00, 0x00, 0x00, 0x00, 0x00,
  0x00, 0x00, 0x00, 0x00, 0x00, 0x00, 0x00, 0x00, 0x00, 0x00, 0x00, 0x00,
  0x00, 0x00, 0x00, 0x00, 0x00, 0x00, 0x00, 0x00, 0x00, 0x00, 0x00, 0x00,
  0x00, 0x00, 0x00, 0x00, 0x00, 0x00, 0x00, 0x00, 0x00, 0x00, 0x00, 0x00,
  0x00, 0x00, 0x00, 0x00, 0x00, 0x00, 0x00, 0x00, 0x00, 0x00, 0x00, 0x00,
  0x00, 0x00, 0x00, 0x00, 0x00, 0x00, 0x00, 0x00, 0x00, 0x00, 0x00, 0x00,
  0x00, 0x00, 0x00, 0x00, 0x00, 0x00, 0x00, 0x00, 0x00, 0x00, 0x00, 0x00,
  0x00, 0x00, 0x00, 0x00, 0x00, 0x00, 0x00, 0x00, 0x00, 0x00, 0x00, 0x00,
  0x00, 0x00, 0x00, 0x00, 0x00, 0x00, 0x00, 0x00, 0x00, 0x00, 0x00, 0x00,
  0x00, 0x00, 0x00, 0x00, 0x00, 0x00, 0x00, 0x00, 0x00, 0x00, 0x00, 0x00,
  0x00, 0x00, 0x00, 0x00, 0x00, 0x00, 0x00, 0x00, 0x00, 0x00, 0x00, 0x00,
  0x00, 0x00, 0x00, 0x00, 0x00, 0x00, 0x00, 0x00, 0x00, 0x00, 0x00, 0x00,
  0x00, 0x00, 0x00, 0x00, 0x00, 0x00, 0x00, 0x00, 0x00, 0x00, 0x00, 0x00,
  0x00, 0x00, 0x00, 0x00, 0x00, 0x00, 0x00, 0x00, 0x00, 0x00, 0x00, 0x00,
  0x00, 0x00, 0x00, 0x00, 0x00, 0x00, 0x00, 0x00, 0x00, 0x00, 0x00, 0x00,
  0x00, 0x00, 0x00, 0x00, 0x00, 0x00, 0x00, 0x00, 0x30, 0x00, 0x00, 0x00,
  0xa4, 0x64, 0xd1, 0x39, 0x3c, 0x32, 0x12, 0x3a, 0x25, 0x04, 0xa8, 0x38,
  0xc7, 0x66, 0x36, 0x3a, 0xfc, 0xfd, 0xb2, 0x39, 0xd6, 0x97, 0x97, 0x39,
  0xaf, 0xca, 0xff, 0x3a, 0xb2, 0xc6, 0x98, 0x3a, 0x90, 0x36, 0x8a, 0x3a,
  0x79, 0x0a, 0x0e, 0x3a, 0x63, 0x36, 0x23, 0x39, 0x77, 0x87, 0xde, 0x39,
  0x86, 0xb9, 0xe1, 0x39, 0x85, 0xa8, 0x82, 0x3a, 0x86, 0xf7, 0xf9, 0x39,
  0x81, 0x7e, 0xd1, 0x3a, 0xc0, 0x17, 0x85, 0x3a, 0xd9, 0x07, 0x92, 0x39,
  0x99, 0x64, 0x8d, 0x3a, 0x98, 0xa2, 0xde, 0x3a, 0xa1, 0x42, 0x50, 0x3a,
  0x3c, 0xda, 0xc3, 0x39, 0x44, 0x07, 0x15, 0x39, 0x9e, 0x38, 0xd8, 0x39,
  0x8e, 0xa8, 0x89, 0x3a, 0x70, 0xde, 0x40, 0x3a, 0xe9, 0x53, 0x5f, 0x3a,
  0x68, 0x86, 0xfc, 0x39, 0xcd, 0x3c, 0x96, 0x3a, 0xa4, 0xeb, 0x35, 0x3a,
  0x14, 0xcb, 0x9a, 0x39, 0x39, 0x4e, 0x14, 0x3a, 0x12, 0x81, 0x3c, 0x3a,
  0x2e, 0xe4, 0x87, 0x39, 0x69, 0x38, 0xdc, 0x39, 0xab, 0xb5, 0xb2, 0x39,
  0xf9, 0x29, 0x11, 0x3a, 0xac, 0x9f, 0xd0, 0x3a, 0x33, 0xe8, 0xfa, 0x39,
  0xad, 0x6f, 0x17, 0x3a, 0x1b, 0xe7, 0xab, 0x3a, 0x91, 0xeb, 0x13, 0x3a,
  0x70, 0xa7, 0x33, 0x3a, 0x04, 0xe9, 0x73, 0x39, 0xd6, 0x69, 0xaf, 0x3a,
  0xe2, 0xa5, 0x2b, 0x3a, 0x0e, 0x85, 0x2a, 0x3a, 0xfb, 0x99, 0xe7, 0x39,
  0x2a, 0x00, 0x00, 0x00, 0x6d, 0x6f, 0x64, 0x65, 0x6c, 0x5f, 0x31, 0x2f,
  0x62, 0x6c, 0x6f, 0x63, 0x6b, 0x5f, 0x31, 0x5f, 0x65, 0x78, 0x70, 0x61,
  0x6e, 0x64, 0x5f, 0x42, 0x4e, 0x2f, 0x46, 0x75, 0x73, 0x65, 0x64, 0x42,
  0x61, 0x74, 0x63, 0x68, 0x4e, 0x6f, 0x72, 0x6d, 0x56, 0x33, 0x00, 0x00,
  0x01, 0x00, 0x00, 0x00, 0x30, 0x00, 0x00, 0x00, 0xf6, 0xbb, 0xff, 0xff,
  0x00, 0x00, 0x00, 0x01, 0x14, 0x00, 0x00, 0x00, 0x68, 0x02, 0x00, 0x00,
  0x24, 0x00, 0x00, 0x00, 0x00, 0x00, 0x00, 0x09, 0xd0, 0x02, 0x00, 0x00,
  0xc2, 0xcd, 0xff, 0xff, 0x03, 0x00, 0x00, 0x00, 0x08, 0x00, 0x00, 0x00,
  0x88, 0x01, 0x00, 0x00, 0x30, 0x00, 0x00, 0x00, 0x00, 0x00, 0x00, 0x00,
  0x00, 0x00, 0x00, 0x00, 0x00, 0x00, 0x00, 0x00, 0x00, 0x00, 0x00, 0x00,
  0x00, 0x00, 0x00, 0x00, 0x00, 0x00, 0x00, 0x00, 0x00, 0x00, 0x00, 0x00,
  0x00, 0x00, 0x00, 0x00, 0x00, 0x00, 0x00, 0x00, 0x00, 0x00, 0x00, 0x00,
  0x00, 0x00, 0x00, 0x00, 0x00, 0x00, 0x00, 0x00, 0x00, 0x00, 0x00, 0x00,
  0x00, 0x00, 0x00, 0x00, 0x00, 0x00, 0x00, 0x00, 0x00, 0x00, 0x00, 0x00,
  0x00, 0x00, 0x00, 0x00, 0x00, 0x00, 0x00, 0x00, 0x00, 0x00, 0x00, 0x00,
  0x00, 0x00, 0x00, 0x00, 0x00, 0x00, 0x00, 0x00, 0x00, 0x00, 0x00, 0x00,
  0x00, 0x00, 0x00, 0x00, 0x00, 0x00, 0x00, 0x00, 0x00, 0x00, 0x00, 0x00,
  0x00, 0x00, 0x00, 0x00, 0x00, 0x00, 0x00, 0x00, 0x00, 0x00, 0x00, 0x00,
  0x00, 0x00, 0x00, 0x00, 0x00, 0x00, 0x00, 0x00, 0x00, 0x00, 0x00, 0x00,
  0x00, 0x00, 0x00, 0x00, 0x00, 0x00, 0x00, 0x00, 0x00, 0x00, 0x00, 0x00,
  0x00, 0x00, 0x00, 0x00, 0x00, 0x00, 0x00, 0x00, 0x00, 0x00, 0x00, 0x00,
  0x00, 0x00, 0x00, 0x00, 0x00, 0x00, 0x00, 0x00, 0x00, 0x00, 0x00, 0x00,
  0x00, 0x00, 0x00, 0x00, 0x00, 0x00, 0x00, 0x00, 0x00, 0x00, 0x00, 0x00,
  0x00, 0x00, 0x00, 0x00, 0x00, 0x00, 0x00, 0x00, 0x00, 0x00, 0x00, 0x00,
  0x00, 0x00, 0x00, 0x00, 0x00, 0x00, 0x00, 0x00, 0x00, 0x00, 0x00, 0x00,
  0x00, 0x00, 0x00, 0x00, 0x00, 0x00, 0x00, 0x00, 0x00, 0x00, 0x00, 0x00,
  0x00, 0x00, 0x00, 0x00, 0x00, 0x00, 0x00, 0x00, 0x00, 0x00, 0x00, 0x00,
  0x00, 0x00, 0x00, 0x00, 0x00, 0x00, 0x00, 0x00, 0x00, 0x00, 0x00, 0x00,
  0x00, 0x00, 0x00, 0x00, 0x00, 0x00, 0x00, 0x00, 0x00, 0x00, 0x00, 0x00,
  0x00, 0x00, 0x00, 0x00, 0x00, 0x00, 0x00, 0x00, 0x00, 0x00, 0x00, 0x00,
  0x00, 0x00, 0x00, 0x00, 0x00, 0x00, 0x00, 0x00, 0x00, 0x00, 0x00, 0x00,
  0x00, 0x00, 0x00, 0x00, 0x00, 0x00, 0x00, 0x00, 0x00, 0x00, 0x00, 0x00,
  0x00, 0x00, 0x00, 0x00, 0x00, 0x00, 0x00, 0x00, 0x00, 0x00, 0x00, 0x00,
  0x00, 0x00, 0x00, 0x00, 0x00, 0x00, 0x00, 0x00, 0x00, 0x00, 0x00, 0x00,
  0x00, 0x00, 0x00, 0x00, 0x00, 0x00, 0x00, 0x00, 0x00, 0x00, 0x00, 0x00,
  0x00, 0x00, 0x00, 0x00, 0x00, 0x00, 0x00, 0x00, 0x00, 0x00, 0x00, 0x00,
  0x00, 0x00, 0x00, 0x00, 0x00, 0x00, 0x00, 0x00, 0x00, 0x00, 0x00, 0x00,
  0x00, 0x00, 0x00, 0x00, 0x00, 0x00, 0x00, 0x00, 0x00, 0x00, 0x00, 0x00,
  0x00, 0x00, 0x00, 0x00, 0x00, 0x00, 0x00, 0x00, 0x00, 0x00, 0x00, 0x00,
  0x00, 0x00, 0x00, 0x00, 0x00, 0x00, 0x00, 0x00, 0x00, 0x00, 0x00, 0x00,
  0x00, 0x00, 0x00, 0x00, 0x00, 0x00, 0x00, 0x00, 0x30, 0x00, 0x00, 0x00,
  0x54, 0x5e, 0x89, 0x3b, 0x80, 0xa2, 0xb7, 0x3b, 0xb0, 0xf6, 0xc6, 0x3c,
  0x6c, 0xef, 0x3d, 0x3b, 0x16, 0xed, 0xd5, 0x3c, 0x7a, 0xf8, 0xfe, 0x3c,
  0x4c, 0x41, 0xc1, 0x3b, 0x93, 0x5b, 0xd3, 0x3b, 0x44, 0xc0, 0x30, 0x3b,
  0x58, 0x25, 0x0e, 0x3c, 0x5a, 0x79, 0xa3, 0x3c, 0xb3, 0x6e, 0x6d, 0x3c,
  0xe3, 0x85, 0xe4, 0x3b, 0x14, 0x2b, 0xbd, 0x3b, 0x66, 0x2b, 0x4c, 0x3b,
  0x75, 0x00, 0x19, 0x3b, 0xe6, 0x7d, 0xb1, 0x3b, 0x4f, 0xe8, 0x9e, 0x3c,
  0x7b, 0x35, 0x1c, 0x3b, 0xae, 0x3b, 0x83, 0x3b, 0x01, 0x42, 0x1d, 0x3b,
  0x03, 0xe2, 0x1a, 0x3d, 0x3a, 0xeb, 0x44, 0x3d, 0xc9, 0x62, 0x1a, 0x3c,
  0x75, 0x9a, 0x09, 0x3b, 0xe8, 0x51, 0xa4, 0x3b, 0x9c, 0x1a, 0x63, 0x3b,
  0xb7, 0x18, 0xa1, 0x3b, 0x17, 0xed, 0xbc, 0x3b, 0xcd, 0x64, 0x97, 0x3b,
  0x52, 0x30, 0xcd, 0x3c, 0xe0, 0xbc, 0x0a, 0x3c, 0xcc, 0xce, 0x8b, 0x3b,
  0x25, 0xa4, 0x22, 0x3c, 0xcd, 0xf4, 0x49, 0x3b, 0x67, 0xfc, 0x5b, 0x3b,
  0xe6, 0xb8, 0x74, 0x3c, 0x70, 0x66, 0xac, 0x3c, 0x9d, 0x7d, 0x93, 0x3b,
  0x02, 0x60, 0xf8, 0x3b, 0x67, 0x5c, 0x92, 0x3b, 0x5a, 0xed, 0x08, 0x3c,
  0x2e, 0x24, 0x94, 0x3b, 0x12, 0x0d, 0xa4, 0x3c, 0x72, 0xc4, 0x66, 0x3b,
  0xff, 0x85, 0x2d, 0x3c, 0x0f, 0x6b, 0x68, 0x3b, 0x94, 0x3f, 0xeb, 0x3c,
  0x6f, 0x00, 0x00, 0x00, 0x6d, 0x6f, 0x64, 0x65, 0x6c, 0x5f, 0x31, 0x2f,
  0x62, 0x6c, 0x6f, 0x63, 0x6b, 0x5f, 0x31, 0x5f, 0x64, 0x65, 0x70, 0x74,
  0x68, 0x77, 0x69, 0x73, 0x65, 0x5f, 0x42, 0x4e, 0x2f, 0x46, 0x75, 0x73,
  0x65, 0x64, 0x42, 0x61, 0x74, 0x63, 0x68, 0x4e, 0x6f, 0x72, 0x6d, 0x56,
  0x33, 0x3b, 0x6d, 0x6f, 0x64, 0x65, 0x6c, 0x5f, 0x31, 0x2f, 0x62, 0x6c,
  0x6f, 0x63, 0x6b, 0x5f, 0x31, 0x5f, 0x64, 0x65, 0x70, 0x74, 0x68, 0x77,
  0x69, 0x73, 0x65, 0x2f, 0x64, 0x65, 0x70, 0x74, 0x68, 0x77, 0x69, 0x73,
  0x65, 0x3b, 0x6d, 0x6f, 0x64, 0x65, 0x6c, 0x5f, 0x31, 0x2f, 0x62, 0x6c,
  0x6f, 0x63, 0x6b, 0x5f, 0x36, 0x5f, 0x65, 0x78, 0x70, 0x61, 0x6e, 0x64,
  0x2f, 0x43, 0x6f, 0x6e, 0x76, 0x32, 0x44, 0x00, 0x04, 0x00, 0x00, 0x00,
  0x01, 0x00, 0x00, 0x00, 0x03, 0x00, 0x00, 0x00, 0x03, 0x00, 0x00, 0x00,
  0x30, 0x00, 0x00, 0x00, 0xf2, 0xbe, 0xff, 0xff, 0x00, 0x00, 0x00, 0x01,
  0x14, 0x00, 0x00, 0x00, 0x68, 0x02, 0x00, 0x00, 0x23, 0x00, 0x00, 0x00,
  0x00, 0x00, 0x00, 0x02, 0x90, 0x02, 0x00, 0x00, 0xdc, 0xbe, 0xff, 0xff,
  0x08, 0x00, 0x00, 0x00, 0x8c, 0x01, 0x00, 0x00, 0x30, 0x00, 0x00, 0x00,
  0x00, 0x00, 0x00, 0x00, 0x00, 0x00, 0x00, 0x00, 0x00, 0x00, 0x00, 0x00,
  0x00, 0x00, 0x00, 0x00, 0x00, 0x00, 0x00, 0x00, 0x00, 0x00, 0x00, 0x00,
  0x00, 0x00, 0x00, 0x00, 0x00, 0x00, 0x00, 0x00, 0x00, 0x00, 0x00, 0x00,
  0x00, 0x00, 0x00, 0x00, 0x00, 0x00, 0x00, 0x00, 0x00, 0x00, 0x00, 0x00,
  0x00, 0x00, 0x00, 0x00, 0x00, 0x00, 0x00, 0x00, 0x00, 0x00, 0x00, 0x00,
  0x00, 0x00, 0x00, 0x00, 0x00, 0x00, 0x00, 0x00, 0x00, 0x00, 0x00, 0x00,
  0x00, 0x00, 0x00, 0x00, 0x00, 0x00, 0x00, 0x00, 0x00, 0x00, 0x00, 0x00,
  0x00, 0x00, 0x00, 0x00, 0x00, 0x00, 0x00, 0x00, 0x00, 0x00, 0x00, 0x00,
  0x00, 0x00, 0x00, 0x00, 0x00, 0x00, 0x00, 0x00, 0x00, 0x00, 0x00, 0x00,
  0x00, 0x00, 0x00, 0x00, 0x00, 0x00, 0x00, 0x00, 0x00, 0x00, 0x00, 0x00,
  0x00, 0x00, 0x00, 0x00, 0x00, 0x00, 0x00, 0x00, 0x00, 0x00, 0x00, 0x00,
  0x00, 0x00, 0x00, 0x00, 0x00, 0x00, 0x00, 0x00, 0x00, 0x00, 0x00, 0x00,
  0x00, 0x00, 0x00, 0x00, 0x00, 0x00, 0x00, 0x00, 0x00, 0x00, 0x00, 0x00,
  0x00, 0x00, 0x00, 0x00, 0x00, 0x00, 0x00, 0x00, 0x00, 0x00, 0x00, 0x00,
  0x00, 0x00, 0x00, 0x00, 0x00, 0x00, 0x00, 0x00, 0x00, 0x00, 0x00, 0x00,
  0x00, 0x00, 0x00, 0x00, 0x00, 0x00, 0x00, 0x00, 0x00, 0x00, 0x00, 0x00,
  0x00, 0x00, 0x00, 0x00, 0x00, 0x00, 0x00, 0x00, 0x00, 0x00, 0x00, 0x00,
  0x00, 0x00, 0x00, 0x00, 0x00, 0x00, 0x00, 0x00, 0x00, 0x00, 0x00, 0x00,
  0x00, 0x00, 0x00, 0x00, 0x00, 0x00, 0x00, 0x00, 0x00, 0x00, 0x00, 0x00,
  0x00, 0x00, 0x00, 0x00, 0x00, 0x00, 0x00, 0x00, 0x00, 0x00, 0x00, 0x00,
  0x00, 0x00, 0x00, 0x00, 0x00, 0x00, 0x00, 0x00, 0x00, 0x00, 0x00, 0x00,
  0x00, 0x00, 0x00, 0x00, 0x00, 0x00, 0x00, 0x00, 0x00, 0x00, 0x00, 0x00,
  0x00, 0x00, 0x00, 0x00, 0x00, 0x00, 0x00, 0x00, 0x00, 0x00, 0x00, 0x00,
  0x00, 0x00, 0x00, 0x00, 0x00, 0x00, 0x00, 0x00, 0x00, 0x00, 0x00, 0x00,
  0x00, 0x00, 0x00, 0x00, 0x00, 0x00, 0x00, 0x00, 0x00, 0x00, 0x00, 0x00,
  0x00, 0x00, 0x00, 0x00, 0x00, 0x00, 0x00, 0x00, 0x00, 0x00, 0x00, 0x00,
  0x00, 0x00, 0x00, 0x00, 0x00, 0x00, 0x00, 0x00, 0x00, 0x00, 0x00, 0x00,
  0x00, 0x00, 0x00, 0x00, 0x00, 0x00, 0x00, 0x00, 0x00, 0x00, 0x00, 0x00,
  0x00, 0x00, 0x00, 0x00, 0x00, 0x00, 0x00, 0x00, 0x00, 0x00, 0x00, 0x00,
  0x00, 0x00, 0x00, 0x00, 0x00, 0x00, 0x00, 0x00, 0x00, 0x00, 0x00, 0x00,
  0x00, 0x00, 0x00, 0x00, 0x00, 0x00, 0x00, 0x00, 0x00, 0x00, 0x00, 0x00,
  0x00, 0x00, 0x00, 0x00, 0x00, 0x00, 0x00, 0x00, 0x00, 0x00, 0x00, 0x00,
  0x00, 0x00, 0x00, 0x00, 0x30, 0x00, 0x00, 0x00, 0x5b, 0xdc, 0xce, 0x38,
  0x24, 0x44, 0x0a, 0x39, 0xd3, 0xce, 0x15, 0x3a, 0x94, 0x02, 0x8f, 0x38,
  0xe4, 0x12, 0x21, 0x3a, 0x56, 0xfa, 0x3f, 0x3a, 0x7c, 0x82, 0x11, 0x39,
  0xd2, 0x23, 0x1f, 0x39, 0x48, 0x15, 0x85, 0x38, 0x12, 0x0e, 0x56, 0x39,
  0x34, 0x2c, 0xf6, 0x39, 0xcc, 0xc5, 0xb2, 0x39, 0x7b, 0x10, 0x2c, 0x39,
  0xbe, 0x6e, 0x0e, 0x39, 0x47, 0xba, 0x99, 0x38, 0x17, 0x67, 0x66, 0x38,
  0x11, 0xa4, 0x05, 0x39, 0xc3, 0x4b, 0xef, 0x39, 0x74, 0x3b, 0x6b, 0x38,
  0x24, 0x9f, 0xc5, 0x38, 0xd2, 0xcf, 0x6c, 0x38, 0x41, 0x3c, 0x69, 0x3a,
  0xb0, 0x44, 0x94, 0x3a, 0xaa, 0x7c, 0x68, 0x39, 0xe7, 0x36, 0x4f, 0x38,
  0x4f, 0x72, 0xf7, 0x38, 0xf4, 0xfe, 0xaa, 0x38, 0xaa, 0x97, 0xf2, 0x38,
  0x11, 0x40, 0x0e, 0x39, 0x2f, 0xfb, 0xe3, 0x38, 0xbc, 0x7e, 0x1a, 0x3a,
  0x3d, 0xec, 0x50, 0x39, 0xbb, 0x88, 0xd2, 0x38, 0x23, 0xeb, 0x74, 0x39,
  0xaa, 0x0f, 0x98, 0x38, 0xf0, 0xa2, 0xa5, 0x38, 0xf0, 0x42, 0xb8, 0x39,
  0xa3, 0xce, 0x01, 0x3a, 0x86, 0x1a, 0xde, 0x38, 0x05, 0x03, 0x3b, 0x39,
  0x02, 0x67, 0xdc, 0x38, 0x39, 0x32, 0x4e, 0x39, 0x5b, 0x15, 0xdf, 0x38,
  0xa6, 0x0a, 0xf7, 0x39, 0x17, 0xc1, 0xad, 0x38, 0x27, 0xa7, 0x82, 0x39,
  0x4b, 0xff, 0xae, 0x38, 0xd0, 0x20, 0x31, 0x3a, 0x2d, 0x00, 0x00, 0x00,
  0x6d, 0x6f, 0x64, 0x65, 0x6c, 0x5f, 0x31, 0x2f, 0x62, 0x6c, 0x6f, 0x63,
  0x6b, 0x5f, 0x31, 0x5f, 0x64, 0x65, 0x70, 0x74, 0x68, 0x77, 0x69, 0x73,
  0x65, 0x5f, 0x42, 0x4e, 0x2f, 0x46, 0x75, 0x73, 0x65, 0x64, 0x42, 0x61,
  0x74, 0x63, 0x68, 0x4e, 0x6f, 0x72, 0x6d, 0x56, 0x33, 0x00, 0x00, 0x00,
  0x01, 0x00, 0x00, 0x00, 0x30, 0x00, 0x00, 0x00, 0xa2, 0xc1, 0xff, 0xff,
  0x00, 0x00, 0x00, 0x01, 0x14, 0x00, 0x00, 0x00, 0x84, 0x00, 0x00, 0x00,
  0x22, 0x00, 0x00, 0x00, 0x00, 0x00, 0x00, 0x09, 0x9c, 0x00, 0x00, 0x00,
  0x8c, 0xc1, 0xff, 0xff, 0x08, 0x00, 0x00, 0x00, 0x48, 0x00, 0x00, 0x00,
  0x08, 0x00, 0x00, 0x00, 0x00, 0x00, 0x00, 0x00, 0x00, 0x00, 0x00, 0x00,
  0x00, 0x00, 0x00, 0x00, 0x00, 0x00, 0x00, 0x00, 0x00, 0x00, 0x00, 0x00,
  0x00, 0x00, 0x00, 0x00, 0x00, 0x00, 0x00, 0x00, 0x00, 0x00, 0x00, 0x00,
  0x00, 0x00, 0x00, 0x00, 0x00, 0x00, 0x00, 0x00, 0x00, 0x00, 0x00, 0x00,
  0x00, 0x00, 0x00, 0x00, 0x00, 0x00, 0x00, 0x00, 0x00, 0x00, 0x00, 0x00,
  0x00, 0x00, 0x00, 0x00, 0x00, 0x00, 0x00, 0x00, 0x08, 0x00, 0x00, 0x00,
  0x89, 0x0f, 0xe3, 0x3b, 0x79, 0x2d, 0x94, 0x3b, 0xfd, 0x7d, 0xad, 0x3b,
  0xea, 0x9a, 0x33, 0x3b, 0x4e, 0xa3, 0xf7, 0x3b, 0x89, 0x63, 0xb9, 0x3b,
  0xb1, 0x7b, 0xbe, 0x3b, 0x3b, 0x7b, 0xb2, 0x3b, 0x1e, 0x00, 0x00, 0x00,
  0x6d, 0x6f, 0x64, 0x65, 0x6c, 0x5f, 0x31, 0x2f, 0x62, 0x6c, 0x6f, 0x63,
  0x6b, 0x5f, 0x31, 0x5f, 0x70, 0x72, 0x6f, 0x6a, 0x65, 0x63, 0x74, 0x2f,
  0x43, 0x6f, 0x6e, 0x76, 0x32, 0x44, 0x00, 0x00, 0x04, 0x00, 0x00, 0x00,
  0x08, 0x00, 0x00, 0x00, 0x01, 0x00, 0x00, 0x00, 0x01, 0x00, 0x00, 0x00,
  0x30, 0x00, 0x00, 0x00, 0x6a, 0xc2, 0xff, 0xff, 0x00, 0x00, 0x00, 0x01,
  0x14, 0x00, 0x00, 0x00, 0x84, 0x00, 0x00, 0x00, 0x21, 0x00, 0x00, 0x00,
  0x00, 0x00, 0x00, 0x02, 0xa8, 0x00, 0x00, 0x00, 0x54, 0xc2, 0xff, 0xff,
  0x08, 0x00, 0x00, 0x00, 0x48, 0x00, 0x00, 0x00, 0x08, 0x00, 0x00, 0x00,
  0x00, 0x00, 0x00, 0x00, 0x00, 0x00, 0x00, 0x00, 0x00, 0x00, 0x00, 0x00,
  0x00, 0x00, 0x00, 0x00, 0x00, 0x00, 0x00, 0x00, 0x00, 0x00, 0x00, 0x00,
  0x00, 0x00, 0x00, 0x00, 0x00, 0x00, 0x00, 0x00, 0x00, 0x00, 0x00, 0x00,
  0x00, 0x00, 0x00, 0x00, 0x00, 0x00, 0x00, 0x00, 0x00, 0x00, 0x00, 0x00,
  0x00, 0x00, 0x00, 0x00, 0x00, 0x00, 0x00, 0x00, 0x00, 0x00, 0x00, 0x00,
  0x00, 0x00, 0x00, 0x00, 0x08, 0x00, 0x00, 0x00, 0x9e, 0xf6, 0x2a, 0x39,
  0x59, 0x23, 0xdf, 0x38, 0x1f, 0xa1, 0x02, 0x39, 0x6b, 0x3b, 0x87, 0x38,
  0xf0, 0x74, 0x3a, 0x39, 0x3d, 0x96, 0x0b, 0x39, 0x31, 0x6c, 0x0f, 0x39,
  0xcf, 0x62, 0x06, 0x39, 0x2b, 0x00, 0x00, 0x00, 0x6d, 0x6f, 0x64, 0x65,
  0x6c, 0x5f, 0x31, 0x2f, 0x62, 0x6c, 0x6f, 0x63, 0x6b, 0x5f, 0x31, 0x5f,
  0x70, 0x72, 0x6f, 0x6a, 0x65, 0x63, 0x74, 0x5f, 0x42, 0x4e, 0x2f, 0x46,
  0x75, 0x73, 0x65, 0x64, 0x42, 0x61, 0x74, 0x63, 0x68, 0x4e, 0x6f, 0x72,
  0x6d, 0x56, 0x33, 0x00, 0x01, 0x00, 0x00, 0x00, 0x08, 0x00, 0x00, 0x00,
  0x32, 0xc3, 0xff, 0xff, 0x00, 0x00, 0x00, 0x01, 0x14, 0x00, 0x00, 0x00,
  0x64, 0x02, 0x00, 0x00, 0x20, 0x00, 0x00, 0x00, 0x00, 0x00, 0x00, 0x09,
  0x7c, 0x02, 0x00, 0x00, 0x1c, 0xc3, 0xff, 0xff, 0x08, 0x00, 0x00, 0x00,
  0x88, 0x01, 0x00, 0x00, 0x30, 0x00, 0x00, 0x00, 0x00, 0x00, 0x00, 0x00,
  0x00, 0x00, 0x00, 0x00, 0x00, 0x00, 0x00, 0x00, 0x00, 0x00, 0x00, 0x00,
  0x00, 0x00, 0x00, 0x00, 0x00, 0x00, 0x00, 0x00, 0x00, 0x00, 0x00, 0x00,
  0x00, 0x00, 0x00, 0x00, 0x00, 0x00, 0x00, 0x00, 0x00, 0x00, 0x00, 0x00,
  0x00, 0x00, 0x00, 0x00, 0x00, 0x00, 0x00, 0x00, 0x00, 0x00, 0x00, 0x00,
  0x00, 0x00, 0x00, 0x00, 0x00, 0x00, 0x00, 0x00, 0x00, 0x00, 0x00, 0x00,
  0x00, 0x00, 0x00, 0x00, 0x00, 0x00, 0x00, 0x00, 0x00, 0x00, 0x00, 0x00,
  0x00, 0x00, 0x00, 0x00, 0x00, 0x00, 0x00, 0x00, 0x00, 0x00, 0x00, 0x00,
  0x00, 0x00, 0x00, 0x00, 0x00, 0x00, 0x00, 0x00, 0x00, 0x00, 0x00, 0x00,
  0x00, 0x00, 0x00, 0x00, 0x00, 0x00, 0x00, 0x00, 0x00, 0x00, 0x00, 0x00,
  0x00, 0x00, 0x00, 0x00, 0x00, 0x00, 0x00, 0x00, 0x00, 0x00, 0x00, 0x00,
  0x00, 0x00, 0x00, 0x00, 0x00, 0x00, 0x00, 0x00, 0x00, 0x00, 0x00, 0x00,
  0x00, 0x00, 0x00, 0x00, 0x00, 0x00, 0x00, 0x00, 0x00, 0x00, 0x00, 0x00,
  0x00, 0x00, 0x00, 0x00, 0x00, 0x00, 0x00, 0x00, 0x00, 0x00, 0x00, 0x00,
  0x00, 0x00, 0x00, 0x00, 0x00, 0x00, 0x00, 0x00, 0x00, 0x00, 0x00, 0x00,
  0x00, 0x00, 0x00, 0x00, 0x00, 0x00, 0x00, 0x00, 0x00, 0x00, 0x00, 0x00,
  0x00, 0x00, 0x00, 0x00, 0x00, 0x00, 0x00, 0x00, 0x00, 0x00, 0x00, 0x00,
  0x00, 0x00, 0x00, 0x00, 0x00, 0x00, 0x00, 0x00, 0x00, 0x00, 0x00, 0x00,
  0x00, 0x00, 0x00, 0x00, 0x00, 0x00, 0x00, 0x00, 0x00, 0x00, 0x00, 0x00,
  0x00, 0x00, 0x00, 0x00, 0x00, 0x00, 0x00, 0x00, 0x00, 0x00, 0x00, 0x00,
  0x00, 0x00, 0x00, 0x00, 0x00, 0x00, 0x00, 0x00, 0x00, 0x00, 0x00, 0x00,
  0x00, 0x00, 0x00, 0x00, 0x00, 0x00, 0x00, 0x00, 0x00, 0x00, 0x00, 0x00,
  0x00, 0x00, 0x00, 0x00, 0x00, 0x00, 0x00, 0x00, 0x00, 0x00, 0x00, 0x00,
  0x00, 0x00, 0x00, 0x00, 0x00, 0x00, 0x00, 0x00, 0x00, 0x00, 0x00, 0x00,
  0x00, 0x00, 0x00, 0x00, 0x00, 0x00, 0x00, 0x00, 0x00, 0x00, 0x00, 0x00,
  0x00, 0x00, 0x00, 0x00, 0x00, 0x00, 0x00, 0x00, 0x00, 0x00, 0x00, 0x00,
  0x00, 0x00, 0x00, 0x00, 0x00, 0x00, 0x00, 0x00, 0x00, 0x00, 0x00, 0x00,
  0x00, 0x00, 0x00, 0x00, 0x00, 0x00, 0x00, 0x00, 0x00, 0x00, 0x00, 0x00,
  0x00, 0x00, 0x00, 0x00, 0x00, 0x00, 0x00, 0x00, 0x00, 0x00, 0x00, 0x00,
  0x00, 0x00, 0x00, 0x00, 0x00, 0x00, 0x00, 0x00, 0x00, 0x00, 0x00, 0x00,
  0x00, 0x00, 0x00, 0x00, 0x00, 0x00, 0x00, 0x00, 0x00, 0x00, 0x00, 0x00,
  0x00, 0x00, 0x00, 0x00, 0x00, 0x00, 0x00, 0x00, 0x00, 0x00, 0x00, 0x00,
  0x00, 0x00, 0x00, 0x00, 0x00, 0x00, 0x00, 0x00, 0x30, 0x00, 0x00, 0x00,
  0x4a, 0xce, 0x08, 0x3b, 0x09, 0x28, 0xa6, 0x3b, 0xcd, 0x04, 0x54, 0x3a,
  0xbe, 0xed, 0x95, 0x3b, 0x73, 0xdb, 0xeb, 0x3b, 0x8c, 0x78, 0x36, 0x3b,
  0xe2, 0x01, 0x69, 0x3b, 0x32, 0xcc, 0x01, 0x3c, 0x15, 0x25, 0x97, 0x3b,
  0x3b, 0x3e, 0xa1, 0x3b, 0xdb, 0xd3, 0x11, 0x3b, 0x32, 0x7f, 0xf1, 0x3b,
  0x95, 0xc8, 0x8c, 0x3b, 0x71, 0xc0, 0x6d, 0x3b, 0x02, 0x59, 0x86, 0x3b,
  0xd6, 0x21, 0x86, 0x3b, 0x48, 0xcf, 0x96, 0x3b, 0x20, 0x07, 0x44, 0x3b,
  0x15, 0x2a, 0xd4, 0x3b, 0x47, 0xbd, 0x63, 0x3b, 0xf1, 0x45, 0x97, 0x3b,
  0x5b, 0x55, 0xf5, 0x3b, 0x8d, 0x18, 0x98, 0x3b, 0xba, 0x47, 0xb0, 0x3a,
  0x65, 0x65, 0x63, 0x3a, 0x73, 0x90, 0x55, 0x3b, 0x1f, 0xbb, 0x56, 0x3b,
  0xb0, 0x60, 0xa2, 0x3b, 0xb5, 0x8d, 0x2f, 0x3c, 0xd5, 0x4b, 0x23, 0x3b,
  0xc1, 0x26, 0x22, 0x3b, 0x0a, 0xde, 0xe2, 0x3a, 0xcd, 0xf7, 0xca, 0x3a,
  0x64, 0xd6, 0x7c, 0x3b, 0xe1, 0x2b, 0x32, 0x3b, 0xd7, 0xaa, 0x4e, 0x3b,
  0xf3, 0x22, 0xca, 0x3b, 0xd8, 0x0d, 0x61, 0x3b, 0x26, 0x8d, 0x07, 0x3b,
  0x7f, 0x71, 0x28, 0x3b, 0x4a, 0x34, 0xa8, 0x3b, 0x4b, 0xb9, 0xc5, 0x3a,
  0x28, 0xdc, 0xe5, 0x3a, 0xf8, 0x17, 0x56, 0x3b, 0x20, 0x87, 0x04, 0x3b,
  0xe4, 0xb6, 0xbe, 0x3b, 0x7d, 0x34, 0x70, 0x3b, 0xe2, 0x60, 0x99, 0x3b,
  0x1d, 0x00, 0x00, 0x00, 0x6d, 0x6f, 0x64, 0x65, 0x6c, 0x5f, 0x31, 0x2f,
  0x62, 0x6c, 0x6f, 0x63, 0x6b, 0x5f, 0x32, 0x5f, 0x65, 0x78, 0x70, 0x61,
  0x6e, 0x64, 0x2f, 0x43, 0x6f, 0x6e, 0x76, 0x32, 0x44, 0x00, 0x00, 0x00,
  0x04, 0x00, 0x00, 0x00, 0x30, 0x00, 0x00, 0x00, 0x01, 0x00, 0x00, 0x00,
  0x01, 0x00, 0x00, 0x00, 0x08, 0x00, 0x00, 0x00, 0xda, 0xc5, 0xff, 0xff,
  0x00, 0x00, 0x00, 0x01, 0x14, 0x00, 0x00, 0x00, 0x68, 0x02, 0x00, 0x00,
  0x1f, 0x00, 0x00, 0x00, 0x00, 0x00, 0x00, 0x02, 0x8c, 0x02, 0x00, 0x00,
  0xc4, 0xc5, 0xff, 0xff, 0x08, 0x00, 0x00, 0x00, 0x8c, 0x01, 0x00, 0x00,
  0x30, 0x00, 0x00, 0x00, 0x00, 0x00, 0x00, 0x00, 0x00, 0x00, 0x00, 0x00,
  0x00, 0x00, 0x00, 0x00, 0x00, 0x00, 0x00, 0x00, 0x00, 0x00, 0x00, 0x00,
  0x00, 0x00, 0x00, 0x00, 0x00, 0x00, 0x00, 0x00, 0x00, 0x00, 0x00, 0x00,
  0x00, 0x00, 0x00, 0x00, 0x00, 0x00, 0x00, 0x00, 0x00, 0x00, 0x00, 0x00,
  0x00, 0x00, 0x00, 0x00, 0x00, 0x00, 0x00, 0x00, 0x00, 0x00, 0x00, 0x00,
  0x00, 0x00, 0x00, 0x00, 0x00, 0x00, 0x00, 0x00, 0x00, 0x00, 0x00, 0x00,
  0x00, 0x00, 0x00, 0x00, 0x00, 0x00, 0x00, 0x00, 0x00, 0x00, 0x00, 0x00,
  0x00, 0x00, 0x00, 0x00, 0x00, 0x00, 0x00, 0x00, 0x00, 0x00, 0x00, 0x00,
  0x00, 0x00, 0x00, 0x00, 0x00, 0x00, 0x00, 0x00, 0x00, 0x00, 0x00, 0x00,
  0x00, 0x00, 0x00, 0x00, 0x00, 0x00, 0x00, 0x00, 0x00, 0x00, 0x00, 0x00,
  0x00, 0x00, 0x00, 0x00, 0x00, 0x00, 0x00, 0x00, 0x00, 0x00, 0x00, 0x00,
  0x00, 0x00, 0x00, 0x00, 0x00, 0x00, 0x00, 0x00, 0x00, 0x00, 0x00, 0x00,
  0x00, 0x00, 0x00, 0x00, 0x00, 0x00, 0x00, 0x00, 0x00, 0x00, 0x00, 0x00,
  0x00, 0x00, 0x00, 0x00, 0x00, 0x00, 0x00, 0x00, 0x00, 0x00, 0x00, 0x00,
  0x00, 0x00, 0x00, 0x00, 0x00, 0x00, 0x00, 0x00, 0x00, 0x00, 0x00, 0x00,
  0x00, 0x00, 0x00, 0x00, 0x00, 0x00, 0x00, 0x00, 0x00, 0x00, 0x00, 0x00,
  0x00, 0x00, 0x00, 0x00, 0x00, 0x00, 0x00, 0x00, 0x00, 0x00, 0x00, 0x00,
  0x00, 0x00, 0x00, 0x00, 0x00, 0x00, 0x00, 0x00, 0x00, 0x00, 0x00, 0x00,
  0x00, 0x00, 0x00, 0x00, 0x00, 0x00, 0x00, 0x00, 0x00, 0x00, 0x00, 0x00,
  0x00, 0x00, 0x00, 0x00, 0x00, 0x00, 0x00, 0x00, 0x00, 0x00, 0x00, 0x00,
  0x00, 0x00, 0x00, 0x00, 0x00, 0x00, 0x00, 0x00, 0x00, 0x00, 0x00, 0x00,
  0x00, 0x00, 0x00, 0x00, 0x00, 0x00, 0x00, 0x00, 0x00, 0x00, 0x00, 0x00,
  0x00, 0x00, 0x00, 0x00, 0x00, 0x00, 0x00, 0x00, 0x00, 0x00, 0x00, 0x00,
  0x00, 0x00, 0x00, 0x00, 0x00, 0x00, 0x00, 0x00, 0x00, 0x00, 0x00, 0x00,
  0x00, 0x00, 0x00, 0x00, 0x00, 0x00, 0x00, 0x00, 0x00, 0x00, 0x00, 0x00,
  0x00, 0x00, 0x00, 0x00, 0x00, 0x00, 0x00, 0x00, 0x00, 0x00, 0x00, 0x00,
  0x00, 0x00, 0x00, 0x00, 0x00, 0x00, 0x00, 0x00, 0x00, 0x00, 0x00, 0x00,
  0x00, 0x00, 0x00, 0x00, 0x00, 0x00, 0x00, 0x00, 0x00, 0x00, 0x00, 0x00,
  0x00, 0x00, 0x00, 0x00, 0x00, 0x00, 0x00, 0x00, 0x00, 0x00, 0x00, 0x00,
  0x00, 0x00, 0x00, 0x00, 0x00, 0x00, 0x00, 0x00, 0x00, 0x00, 0x00, 0x00,
  0x00, 0x00, 0x00, 0x00, 0x00, 0x00, 0x00, 0x00, 0x00, 0x00, 0x00, 0x00,
  0x00, 0x00, 0x00, 0x00, 0x00, 0x00, 0x00, 0x00, 0x00, 0x00, 0x00, 0x00,
  0x00, 0x00, 0x00, 0x00, 0x00, 0x00, 0x00, 0x00, 0x30, 0x00, 0x00, 0x00,
  0xbf, 0x1f, 0x04, 0x39, 0x5b, 0x78, 0xa0, 0x39, 0x53, 0xc3, 0x4c, 0x38,
  0x3b, 0xcc, 0x90, 0x39, 0x20, 0xc9, 0xe3, 0x39, 0xf0, 0x39, 0x30, 0x39,
  0x87, 0x08, 0x61, 0x39, 0x1a, 0xb6, 0xfa, 0x39, 0xea, 0xf8, 0x91, 0x39,
  0x98, 0xb9, 0x9b, 0x39, 0x46, 0xd6, 0x0c, 0x39, 0x77, 0x3b, 0xe9, 0x39,
  0x31, 0xf7, 0x87, 0x39, 0x85, 0x9d, 0x65, 0x39, 0x00, 0xc0, 0x81, 0x39,
  0xb7, 0x8a, 0x81, 0x39, 0x0d, 0xa6, 0x91, 0x39, 0xbe, 0x51, 0x3d, 0x39,
  0x54, 0xe7, 0xcc, 0x39, 0x13, 0xf2, 0x5b, 0x39, 0xa7, 0x18, 0x92, 0x39,
  0x03, 0xf0, 0xec, 0x39, 0x0d, 0xe4, 0x92, 0x39, 0x5a, 0x3f, 0xaa, 0x38,
  0x33, 0x9d, 0x5b, 0x38, 0x6f, 0x41, 0x4e, 0x39, 0xe2, 0x61, 0x4f, 0x39,
  0x1c, 0xd2, 0x9c, 0x39, 0xb3, 0x8b, 0x29, 0x3a, 0x35, 0xb5, 0x1d, 0x39,
  0x29, 0x9a, 0x1c, 0x39, 0x7a, 0x1a, 0xdb, 0x38, 0x9e, 0x05, 0xc4, 0x38,
  0x4e, 0x2f, 0x74, 0x39, 0xef, 0x12, 0x2c, 0x39, 0x3f, 0x98, 0x47, 0x39,
  0x0d, 0x38, 0xc3, 0x39, 0x2a, 0x5a, 0x59, 0x39, 0x98, 0xe9, 0x02, 0x39,
  0xc7, 0xad, 0x22, 0x39, 0xab, 0x72, 0xa2, 0x39, 0x0d, 0xf5, 0xbe, 0x38,
  0x60, 0xfe, 0xdd, 0x38, 0x50, 0xc4, 0x4e, 0x39, 0x1f, 0xfc, 0xff, 0x38,
  0x0f, 0x30, 0xb8, 0x39, 0x13, 0xfc, 0x67, 0x39, 0x26, 0x21, 0x94, 0x39,
  0x2a, 0x00, 0x00, 0x00, 0x6d, 0x6f, 0x64, 0x65, 0x6c, 0x5f, 0x31, 0x2f,
  0x62, 0x6c, 0x6f, 0x63, 0x6b, 0x5f, 0x32, 0x5f, 0x65, 0x78, 0x70, 0x61,
  0x6e, 0x64, 0x5f, 0x42, 0x4e, 0x2f, 0x46, 0x75, 0x73, 0x65, 0x64, 0x42,
  0x61, 0x74, 0x63, 0x68, 0x4e, 0x6f, 0x72, 0x6d, 0x56, 0x33, 0x00, 0x00,
  0x01, 0x00, 0x00, 0x00, 0x30, 0x00, 0x00, 0x00, 0x86, 0xc8, 0xff, 0xff,
  0x00, 0x00, 0x00, 0x01, 0x14, 0x00, 0x00, 0x00, 0x68, 0x02, 0x00, 0x00,
  0x1e, 0x00, 0x00, 0x00, 0x00, 0x00, 0x00, 0x09, 0xd0, 0x02, 0x00, 0x00,
  0x52, 0xda, 0xff, 0xff, 0x03, 0x00, 0x00, 0x00, 0x08, 0x00, 0x00, 0x00,
  0x88, 0x01, 0x00, 0x00, 0x30, 0x00, 0x00, 0x00, 0x00, 0x00, 0x00, 0x00,
  0x00, 0x00, 0x00, 0x00, 0x00, 0x00, 0x00, 0x00, 0x00, 0x00, 0x00, 0x00,
  0x00, 0x00, 0x00, 0x00, 0x00, 0x00, 0x00, 0x00, 0x00, 0x00, 0x00, 0x00,
  0x00, 0x00, 0x00, 0x00, 0x00, 0x00, 0x00, 0x00, 0x00, 0x00, 0x00, 0x00,
  0x00, 0x00, 0x00, 0x00, 0x00, 0x00, 0x00, 0x00, 0x00, 0x00, 0x00, 0x00,
  0x00, 0x00, 0x00, 0x00, 0x00, 0x00, 0x00, 0x00, 0x00, 0x00, 0x00, 0x00,
  0x00, 0x00, 0x00, 0x00, 0x00, 0x00, 0x00, 0x00, 0x00, 0x00, 0x00, 0x00,
  0x00, 0x00, 0x00, 0x00, 0x00, 0x00, 0x00, 0x00, 0x00, 0x00, 0x00, 0x00,
  0x00, 0x00, 0x00, 0x00, 0x00, 0x00, 0x00, 0x00, 0x00, 0x00, 0x00, 0x00,
  0x00, 0x00, 0x00, 0x00, 0x00, 0x00, 0x00, 0x00, 0x00, 0x00, 0x00, 0x00,
  0x00, 0x00, 0x00, 0x00, 0x00, 0x00, 0x00, 0x00, 0x00, 0x00, 0x00, 0x00,
  0x00, 0x00, 0x00, 0x00, 0x00, 0x00, 0x00, 0x00, 0x00, 0x00, 0x00, 0x00,
  0x00, 0x00, 0x00, 0x00, 0x00, 0x00, 0x00, 0x00, 0x00, 0x00, 0x00, 0x00,
  0x00, 0x00, 0x00, 0x00, 0x00, 0x00, 0x00, 0x00, 0x00, 0x00, 0x00, 0x00,
  0x00, 0x00, 0x00, 0x00, 0x00, 0x00, 0x00, 0x00, 0x00, 0x00, 0x00, 0x00,
  0x00, 0x00, 0x00, 0x00, 0x00, 0x00, 0x00, 0x00, 0x00, 0x00, 0x00, 0x00,
  0x00, 0x00, 0x00, 0x00, 0x00, 0x00, 0x00, 0x00, 0x00, 0x00, 0x00, 0x00,
  0x00, 0x00, 0x00, 0x00, 0x00, 0x00, 0x00, 0x00, 0x00, 0x00, 0x00, 0x00,
  0x00, 0x00, 0x00, 0x00, 0x00, 0x00, 0x00, 0x00, 0x00, 0x00, 0x00, 0x00,
  0x00, 0x00, 0x00, 0x00, 0x00, 0x00, 0x00, 0x00, 0x00, 0x00, 0x00, 0x00,
  0x00, 0x00, 0x00, 0x00, 0x00, 0x00, 0x00, 0x00, 0x00, 0x00, 0x00, 0x00,
  0x00, 0x00, 0x00, 0x00, 0x00, 0x00, 0x00, 0x00, 0x00, 0x00, 0x00, 0x00,
  0x00, 0x00, 0x00, 0x00, 0x00, 0x00, 0x00, 0x00, 0x00, 0x00, 0x00, 0x00,
  0x00, 0x00, 0x00, 0x00, 0x00, 0x00, 0x00, 0x00, 0x00, 0x00, 0x00, 0x00,
  0x00, 0x00, 0x00, 0x00, 0x00, 0x00, 0x00, 0x00, 0x00, 0x00, 0x00, 0x00,
  0x00, 0x00, 0x00, 0x00, 0x00, 0x00, 0x00, 0x00, 0x00, 0x00, 0x00, 0x00,
  0x00, 0x00, 0x00, 0x00, 0x00, 0x00, 0x00, 0x00, 0x00, 0x00, 0x00, 0x00,
  0x00, 0x00, 0x00, 0x00, 0x00, 0x00, 0x00, 0x00, 0x00, 0x00, 0x00, 0x00,
  0x00, 0x00, 0x00, 0x00, 0x00, 0x00, 0x00, 0x00, 0x00, 0x00, 0x00, 0x00,
  0x00, 0x00, 0x00, 0x00, 0x00, 0x00, 0x00, 0x00, 0x00, 0x00, 0x00, 0x00,
  0x00, 0x00, 0x00, 0x00, 0x00, 0x00, 0x00, 0x00, 0x00, 0x00, 0x00, 0x00,
  0x00, 0x00, 0x00, 0x00, 0x00, 0x00, 0x00, 0x00, 0x00, 0x00, 0x00, 0x00,
  0x00, 0x00, 0x00, 0x00, 0x00, 0x00, 0x00, 0x00, 0x30, 0x00, 0x00, 0x00,
  0xb1, 0x3c, 0x5e, 0x3c, 0xce, 0x97, 0xd5, 0x3b, 0x47, 0xad, 0xb4, 0x3c,
  0xa6, 0x0a, 0xc0, 0x3b, 0xda, 0x1c, 0xdb, 0x3b, 0xeb, 0x27, 0x54, 0x3c,
  0xe6, 0x7c, 0x2d, 0x3c, 0x29, 0xaf, 0x0c, 0x3c, 0x60, 0x6b, 0x6f, 0x3c,
  0x01, 0x2e, 0xd6, 0x3b, 0xe6, 0x11, 0x74, 0x3c, 0x3f, 0x6f, 0x0c, 0x3c,
  0x74, 0xf0, 0x07, 0x3c, 0x9d, 0x85, 0xcf, 0x3b, 0x11, 0x2f, 0xb9, 0x3b,
  0xa5, 0x2f, 0x99, 0x3c, 0xaf, 0x20, 0x15, 0x3c, 0x41, 0x16, 0x6b, 0x3b,
  0x39, 0x9c, 0x88, 0x3b, 0xd0, 0xc3, 0x99, 0x3c, 0x3c, 0xee, 0x4b, 0x3c,
  0xda, 0x07, 0x3c, 0x3c, 0x7e, 0x54, 0x2c, 0x3c, 0x19, 0xd0, 0xff, 0x3c,
  0x84, 0xf4, 0x1b, 0x3c, 0x52, 0x95, 0x5f, 0x3c, 0x96, 0xeb, 0xf5, 0x3b,
  0x03, 0x15, 0xd8, 0x3b, 0xe8, 0x2f, 0x1b, 0x3c, 0x05, 0x8a, 0xf3, 0x3b,
  0xf8, 0x46, 0x93, 0x3c, 0xe2, 0xea, 0xae, 0x3c, 0xa5, 0xc0, 0xa8, 0x3c,
  0x59, 0x3c, 0xa0, 0x3b, 0x3f, 0x8d, 0xa3, 0x3c, 0xe8, 0x03, 0x19, 0x3c,
  0x44, 0x4a, 0xd1, 0x3b, 0xd2, 0x74, 0x77, 0x3b, 0x1a, 0xd7, 0xa6, 0x3c,
  0x0b, 0x0f, 0x0d, 0x3d, 0xd4, 0x40, 0x0b, 0x3c, 0xcd, 0xfd, 0x04, 0x3d,
  0x1d, 0xeb, 0xaa, 0x3c, 0xef, 0x9f, 0xf3, 0x3b, 0x8f, 0x85, 0x33, 0x3c,
  0xb0, 0x83, 0xc8, 0x3b, 0x95, 0x7b, 0xf2, 0x3b, 0x25, 0xb2, 0x41, 0x3c,
  0x6f, 0x00, 0x00, 0x00, 0x6d, 0x6f, 0x64, 0x65, 0x6c, 0x5f, 0x31, 0x2f,
  0x62, 0x6c, 0x6f, 0x63, 0x6b, 0x5f, 0x32, 0x5f, 0x64, 0x65, 0x70, 0x74,
  0x68, 0x77, 0x69, 0x73, 0x65, 0x5f, 0x42, 0x4e, 0x2f, 0x46, 0x75, 0x73,
  0x65, 0x64, 0x42, 0x61, 0x74, 0x63, 0x68, 0x4e, 0x6f, 0x72, 0x6d, 0x56,
  0x33, 0x3b, 0x6d, 0x6f, 0x64, 0x65, 0x6c, 0x5f, 0x31, 0x2f, 0x62, 0x6c,
  0x6f, 0x63, 0x6b, 0x5f, 0x32, 0x5f, 0x64, 0x65, 0x70, 0x74, 0x68, 0x77,
  0x69, 0x73, 0x65, 0x2f, 0x64, 0x65, 0x70, 0x74, 0x68, 0x77, 0x69, 0x73,
  0x65, 0x3b, 0x6d, 0x6f, 0x64, 0x65, 0x6c, 0x5f, 0x31, 0x2f, 0x62, 0x6c,
  0x6f, 0x63, 0x6b, 0x5f, 0x36, 0x5f, 0x65, 0x78, 0x70, 0x61, 0x6e, 0x64,
  0x2f, 0x43, 0x6f, 0x6e, 0x76, 0x32, 0x44, 0x00, 0x04, 0x00, 0x00, 0x00,
  0x01, 0x00, 0x00, 0x00, 0x03, 0x00, 0x00, 0x00, 0x03, 0x00, 0x00, 0x00,
  0x30, 0x00, 0x00, 0x00, 0x82, 0xcb, 0xff, 0xff, 0x00, 0x00, 0x00, 0x01,
  0x14, 0x00, 0x00, 0x00, 0x68, 0x02, 0x00, 0x00, 0x1d, 0x00, 0x00, 0x00,
  0x00, 0x00, 0x00, 0x02, 0x90, 0x02, 0x00, 0x00, 0x6c, 0xcb, 0xff, 0xff,
  0x08, 0x00, 0x00, 0x00, 0x8c, 0x01, 0x00, 0x00, 0x30, 0x00, 0x00, 0x00,
  0x00, 0x00, 0x00, 0x00, 0x00, 0x00, 0x00, 0x00, 0x00, 0x00, 0x00, 0x00,
  0x00, 0x00, 0x00, 0x00, 0x00, 0x00, 0x00, 0x00, 0x00, 0x00, 0x00, 0x00,
  0x00, 0x00, 0x00, 0x00, 0x00, 0x00, 0x00, 0x00, 0x00, 0x00, 0x00, 0x00,
  0x00, 0x00, 0x00, 0x00, 0x00, 0x00, 0x00, 0x00, 0x00, 0x00, 0x00, 0x00,
  0x00, 0x00, 0x00, 0x00, 0x00, 0x00, 0x00, 0x00, 0x00, 0x00, 0x00, 0x00,
  0x00, 0x00, 0x00, 0x00, 0x00, 0x00, 0x00, 0x00, 0x00, 0x00, 0x00, 0x00,
  0x00, 0x00, 0x00, 0x00, 0x00, 0x00, 0x00, 0x00, 0x00, 0x00, 0x00, 0x00,
  0x00, 0x00, 0x00, 0x00, 0x00, 0x00, 0x00, 0x00, 0x00, 0x00, 0x00, 0x00,
  0x00, 0x00, 0x00, 0x00, 0x00, 0x00, 0x00, 0x00, 0x00, 0x00, 0x00, 0x00,
  0x00, 0x00, 0x00, 0x00, 0x00, 0x00, 0x00, 0x00, 0x00, 0x00, 0x00, 0x00,
  0x00, 0x00, 0x00, 0x00, 0x00, 0x00, 0x00, 0x00, 0x00, 0x00, 0x00, 0x00,
  0x00, 0x00, 0x00, 0x00, 0x00, 0x00, 0x00, 0x00, 0x00, 0x00, 0x00, 0x00,
  0x00, 0x00, 0x00, 0x00, 0x00, 0x00, 0x00, 0x00, 0x00, 0x00, 0x00, 0x00,
  0x00, 0x00, 0x00, 0x00, 0x00, 0x00, 0x00, 0x00, 0x00, 0x00, 0x00, 0x00,
  0x00, 0x00, 0x00, 0x00, 0x00, 0x00, 0x00, 0x00, 0x00, 0x00, 0x00, 0x00,
  0x00, 0x00, 0x00, 0x00, 0x00, 0x00, 0x00, 0x00, 0x00, 0x00, 0x00, 0x00,
  0x00, 0x00, 0x00, 0x00, 0x00, 0x00, 0x00, 0x00, 0x00, 0x00, 0x00, 0x00,
  0x00, 0x00, 0x00, 0x00, 0x00, 0x00, 0x00, 0x00, 0x00, 0x00, 0x00, 0x00,
  0x00, 0x00, 0x00, 0x00, 0x00, 0x00, 0x00, 0x00, 0x00, 0x00, 0x00, 0x00,
  0x00, 0x00, 0x00, 0x00, 0x00, 0x00, 0x00, 0x00, 0x00, 0x00, 0x00, 0x00,
  0x00, 0x00, 0x00, 0x00, 0x00, 0x00, 0x00, 0x00, 0x00, 0x00, 0x00, 0x00,
  0x00, 0x00, 0x00, 0x00, 0x00, 0x00, 0x00, 0x00, 0x00, 0x00, 0x00, 0x00,
  0x00, 0x00, 0x00, 0x00, 0x00, 0x00, 0x00, 0x00, 0x00, 0x00, 0x00, 0x00,
  0x00, 0x00, 0x00, 0x00, 0x00, 0x00, 0x00, 0x00, 0x00, 0x00, 0x00, 0x00,
  0x00, 0x00, 0x00, 0x00, 0x00, 0x00, 0x00, 0x00, 0x00, 0x00, 0x00, 0x00,
  0x00, 0x00, 0x00, 0x00, 0x00, 0x00, 0x00, 0x00, 0x00, 0x00, 0x00, 0x00,
  0x00, 0x00, 0x00, 0x00, 0x00, 0x00, 0x00, 0x00, 0x00, 0x00, 0x00, 0x00,
  0x00, 0x00, 0x00, 0x00, 0x00, 0x00, 0x00, 0x00, 0x00, 0x00, 0x00, 0x00,
  0x00, 0x00, 0x00, 0x00, 0x00, 0x00, 0x00, 0x00, 0x00, 0x00, 0x00, 0x00,
  0x00, 0x00, 0x00, 0x00, 0x00, 0x00, 0x00, 0x00, 0x00, 0x00, 0x00, 0x00,
  0x00, 0x00, 0x00, 0x00, 0x00, 0x00, 0x00, 0x00, 0x00, 0x00, 0x00, 0x00,
  0x00, 0x00, 0x00, 0x00, 0x00, 0x00, 0x00, 0x00, 0x00, 0x00, 0x00, 0x00,
  0x00, 0x00, 0x00, 0x00, 0x30, 0x00, 0x00, 0x00, 0xda, 0x54, 0xa7, 0x39,
  0xad, 0xd2, 0x20, 0x39, 0xff, 0x09, 0x08, 0x3a, 0x95, 0x98, 0x10, 0x39,
  0x9e, 0xfa, 0x24, 0x39, 0xae, 0xbd, 0x9f, 0x39, 0x4d, 0xa0, 0x82, 0x39,
  0x98, 0xda, 0x53, 0x39, 0xcd, 0x44, 0xb4, 0x39, 0xc5, 0x43, 0x21, 0x39,
  0x32, 0xc5, 0xb7, 0x39, 0x59, 0x7a, 0x53, 0x39, 0x64, 0xb5, 0x4c, 0x39,
  0x76, 0x40, 0x1c, 0x39, 0xbc, 0x6e, 0x0b, 0x39, 0x26, 0xae, 0xe6, 0x39,
  0x98, 0x91, 0x60, 0x39, 0xb3, 0x01, 0xb1, 0x38, 0x0e, 0xb8, 0xcd, 0x38,
  0x46, 0x8d, 0xe7, 0x39, 0x39, 0x8c, 0x99, 0x39, 0x77, 0x93, 0x8d, 0x39,
  0x20, 0xc1, 0x81, 0x39, 0xb0, 0x9c, 0x40, 0x3a, 0xa0, 0xd9, 0x6a, 0x39,
  0x56, 0x58, 0xa8, 0x39, 0xdb, 0x29, 0x39, 0x39, 0x75, 0xb2, 0x22, 0x39,
  0x8e, 0xb1, 0x69, 0x39, 0xe3, 0x5e, 0x37, 0x39, 0x3d, 0xc8, 0xdd, 0x39,
  0xde, 0xb3, 0x03, 0x3a, 0x17, 0x1f, 0xfe, 0x39, 0xd2, 0x4b, 0xf1, 0x38,
  0x29, 0x4a, 0xf6, 0x39, 0x49, 0x6c, 0x66, 0x39, 0x48, 0x95, 0x1d, 0x39,
  0xf0, 0x51, 0xba, 0x38, 0xe5, 0x3d, 0xfb, 0x39, 0xfc, 0x6a, 0x54, 0x3a,
  0xf1, 0xb2, 0x51, 0x39, 0xf9, 0x44, 0x48, 0x3a, 0x07, 0xb1, 0x00, 0x3a,
  0x63, 0x6f, 0x37, 0x39, 0x57, 0x2b, 0x87, 0x39, 0xbe, 0xf9, 0x16, 0x39,
  0x43, 0x93, 0x36, 0x39, 0x73, 0xd7, 0x91, 0x39, 0x2d, 0x00, 0x00, 0x00,
  0x6d, 0x6f, 0x64, 0x65, 0x6c, 0x5f, 0x31, 0x2f, 0x62, 0x6c, 0x6f, 0x63,
  0x6b, 0x5f, 0x32, 0x5f, 0x64, 0x65, 0x70, 0x74, 0x68, 0x77, 0x69, 0x73,
  0x65, 0x5f, 0x42, 0x4e, 0x2f, 0x46, 0x75, 0x73, 0x65, 0x64, 0x42, 0x61,
  0x74, 0x63, 0x68, 0x4e, 0x6f, 0x72, 0x6d, 0x56, 0x33, 0x00, 0x00, 0x00,
  0x01, 0x00, 0x00, 0x00, 0x30, 0x00, 0x00, 0x00, 0x32, 0xce, 0xff, 0xff,
  0x00, 0x00, 0x00, 0x01, 0x14, 0x00, 0x00, 0x00, 0x84, 0x00, 0x00, 0x00,
  0x1c, 0x00, 0x00, 0x00, 0x00, 0x00, 0x00, 0x09, 0x9c, 0x00, 0x00, 0x00,
  0x1c, 0xce, 0xff, 0xff, 0x08, 0x00, 0x00, 0x00, 0x48, 0x00, 0x00, 0x00,
  0x08, 0x00, 0x00, 0x00, 0x00, 0x00, 0x00, 0x00, 0x00, 0x00, 0x00, 0x00,
  0x00, 0x00, 0x00, 0x00, 0x00, 0x00, 0x00, 0x00, 0x00, 0x00, 0x00, 0x00,
  0x00, 0x00, 0x00, 0x00, 0x00, 0x00, 0x00, 0x00, 0x00, 0x00, 0x00, 0x00,
  0x00, 0x00, 0x00, 0x00, 0x00, 0x00, 0x00, 0x00, 0x00, 0x00, 0x00, 0x00,
  0x00, 0x00, 0x00, 0x00, 0x00, 0x00, 0x00, 0x00, 0x00, 0x00, 0x00, 0x00,
  0x00, 0x00, 0x00, 0x00, 0x00, 0x00, 0x00, 0x00, 0x08, 0x00, 0x00, 0x00,
  0xfc, 0xbf, 0xb6, 0x3b, 0x0b, 0xb8, 0x9f, 0x3b, 0xd6, 0x3d, 0xcc, 0x3b,
  0xe0, 0xfc, 0x0b, 0x3c, 0x31, 0x1d, 0xae, 0x3b, 0xb4, 0xf0, 0xb8, 0x3b,
  0x5f, 0x6f, 0x2d, 0x3b, 0x0a, 0x63, 0xa8, 0x3b, 0x1e, 0x00, 0x00, 0x00,
  0x6d, 0x6f, 0x64, 0x65, 0x6c, 0x5f, 0x31, 0x2f, 0x62, 0x6c, 0x6f, 0x63,
  0x6b, 0x5f, 0x32, 0x5f, 0x70, 0x72, 0x6f, 0x6a, 0x65, 0x63, 0x74, 0x2f,
  0x43, 0x6f, 0x6e, 0x76, 0x32, 0x44, 0x00, 0x00, 0x04, 0x00, 0x00, 0x00,
  0x08, 0x00, 0x00, 0x00, 0x01, 0x00, 0x00, 0x00, 0x01, 0x00, 0x00, 0x00,
  0x30, 0x00, 0x00, 0x00, 0xfa, 0xce, 0xff, 0xff, 0x00, 0x00, 0x00, 0x01,
  0x14, 0x00, 0x00, 0x00, 0x84, 0x00, 0x00, 0x00, 0x1b, 0x00, 0x00, 0x00,
  0x00, 0x00, 0x00, 0x02, 0xa8, 0x00, 0x00, 0x00, 0xe4, 0xce, 0xff, 0xff,
  0x08, 0x00, 0x00, 0x00, 0x48, 0x00, 0x00, 0x00, 0x08, 0x00, 0x00, 0x00,
  0x00, 0x00, 0x00, 0x00, 0x00, 0x00, 0x00, 0x00, 0x00, 0x00, 0x00, 0x00,
  0x00, 0x00, 0x00, 0x00, 0x00, 0x00, 0x00, 0x00, 0x00, 0x00, 0x00, 0x00,
  0x00, 0x00, 0x00, 0x00, 0x00, 0x00, 0x00, 0x00, 0x00, 0x00, 0x00, 0x00,
  0x00, 0x00, 0x00, 0x00, 0x00, 0x00, 0x00, 0x00, 0x00, 0x00, 0x00, 0x00,
  0x00, 0x00, 0x00, 0x00, 0x00, 0x00, 0x00, 0x00, 0x00, 0x00, 0x00, 0x00,
  0x00, 0x00, 0x00, 0x00, 0x08, 0x00, 0x00, 0x00, 0x97, 0x99, 0x09, 0x39,
  0x95, 0x84, 0xf0, 0x38, 0x29, 0xc8, 0x19, 0x39, 0x1e, 0xce, 0x52, 0x39,
  0xfe, 0x18, 0x03, 0x39, 0xc7, 0x3f, 0x0b, 0x39, 0x1e, 0x96, 0x82, 0x38,
  0x21, 0x92, 0xfd, 0x38, 0x2b, 0x00, 0x00, 0x00, 0x6d, 0x6f, 0x64, 0x65,
  0x6c, 0x5f, 0x31, 0x2f, 0x62, 0x6c, 0x6f, 0x63, 0x6b, 0x5f, 0x32, 0x5f,
  0x70, 0x72, 0x6f, 0x6a, 0x65, 0x63, 0x74, 0x5f, 0x42, 0x4e, 0x2f, 0x46,
  0x75, 0x73, 0x65, 0x64, 0x42, 0x61, 0x74, 0x63, 0x68, 0x4e, 0x6f, 0x72,
  0x6d, 0x56, 0x33, 0x00, 0x01, 0x00, 0x00, 0x00, 0x08, 0x00, 0x00, 0x00,
  0xc2, 0xcf, 0xff, 0xff, 0x00, 0x00, 0x00, 0x01, 0x14, 0x00, 0x00, 0x00,
  0x64, 0x02, 0x00, 0x00, 0x1a, 0x00, 0x00, 0x00, 0x00, 0x00, 0x00, 0x09,
  0x7c, 0x02, 0x00, 0x00, 0xac, 0xcf, 0xff, 0xff, 0x08, 0x00, 0x00, 0x00,
  0x88, 0x01, 0x00, 0x00, 0x30, 0x00, 0x00, 0x00, 0x00, 0x00, 0x00, 0x00,
  0x00, 0x00, 0x00, 0x00, 0x00, 0x00, 0x00, 0x00, 0x00, 0x00, 0x00, 0x00,
  0x00, 0x00, 0x00, 0x00, 0x00, 0x00, 0x00, 0x00, 0x00, 0x00, 0x00, 0x00,
  0x00, 0x00, 0x00, 0x00, 0x00, 0x00, 0x00, 0x00, 0x00, 0x00, 0x00, 0x00,
  0x00, 0x00, 0x00, 0x00, 0x00, 0x00, 0x00, 0x00, 0x00, 0x00, 0x00, 0x00,
  0x00, 0x00, 0x00, 0x00, 0x00, 0x00, 0x00, 0x00, 0x00, 0x00, 0x00, 0x00,
  0x00, 0x00, 0x00, 0x00, 0x00, 0x00, 0x00, 0x00, 0x00, 0x00, 0x00, 0x00,
  0x00, 0x00, 0x00, 0x00, 0x00, 0x00, 0x00, 0x00, 0x00, 0x00, 0x00, 0x00,
  0x00, 0x00, 0x00, 0x00, 0x00, 0x00, 0x00, 0x00, 0x00, 0x00, 0x00, 0x00,
  0x00, 0x00, 0x00, 0x00, 0x00, 0x00, 0x00, 0x00, 0x00, 0x00, 0x00, 0x00,
  0x00, 0x00, 0x00, 0x00, 0x00, 0x00, 0x00, 0x00, 0x00, 0x00, 0x00, 0x00,
  0x00, 0x00, 0x00, 0x00, 0x00, 0x00, 0x00, 0x00, 0x00, 0x00, 0x00, 0x00,
  0x00, 0x00, 0x00, 0x00, 0x00, 0x00, 0x00, 0x00, 0x00, 0x00, 0x00, 0x00,
  0x00, 0x00, 0x00, 0x00, 0x00, 0x00, 0x00, 0x00, 0x00, 0x00, 0x00, 0x00,
  0x00, 0x00, 0x00, 0x00, 0x00, 0x00, 0x00, 0x00, 0x00, 0x00, 0x00, 0x00,
  0x00, 0x00, 0x00, 0x00, 0x00, 0x00, 0x00, 0x00, 0x00, 0x00, 0x00, 0x00,
  0x00, 0x00, 0x00, 0x00, 0x00, 0x00, 0x00, 0x00, 0x00, 0x00, 0x00, 0x00,
  0x00, 0x00, 0x00, 0x00, 0x00, 0x00, 0x00, 0x00, 0x00, 0x00, 0x00, 0x00,
  0x00, 0x00, 0x00, 0x00, 0x00, 0x00, 0x00, 0x00, 0x00, 0x00, 0x00, 0x00,
  0x00, 0x00, 0x00, 0x00, 0x00, 0x00, 0x00, 0x00, 0x00, 0x00, 0x00, 0x00,
  0x00, 0x00, 0x00, 0x00, 0x00, 0x00, 0x00, 0x00, 0x00, 0x00, 0x00, 0x00,
  0x00, 0x00, 0x00, 0x00, 0x00, 0x00, 0x00, 0x00, 0x00, 0x00, 0x00, 0x00,
  0x00, 0x00, 0x00, 0x00, 0x00, 0x00, 0x00, 0x00, 0x00, 0x00, 0x00, 0x00,
  0x00, 0x00, 0x00, 0x00, 0x00, 0x00, 0x00, 0x00, 0x00, 0x00, 0x00, 0x00,
  0x00, 0x00, 0x00, 0x00, 0x00, 0x00, 0x00, 0x00, 0x00, 0x00, 0x00, 0x00,
  0x00, 0x00, 0x00, 0x00, 0x00, 0x00, 0x00, 0x00, 0x00, 0x00, 0x00, 0x00,
  0x00, 0x00, 0x00, 0x00, 0x00, 0x00, 0x00, 0x00, 0x00, 0x00, 0x00, 0x00,
  0x00, 0x00, 0x00, 0x00, 0x00, 0x00, 0x00, 0x00, 0x00, 0x00, 0x00, 0x00,
  0x00, 0x00, 0x00, 0x00, 0x00, 0x00, 0x00, 0x00, 0x00, 0x00, 0x00, 0x00,
  0x00, 0x00, 0x00, 0x00, 0x00, 0x00, 0x00, 0x00, 0x00, 0x00, 0x00, 0x00,
  0x00, 0x00, 0x00, 0x00, 0x00, 0x00, 0x00, 0x00, 0x00, 0x00, 0x00, 0x00,
  0x00, 0x00, 0x00, 0x00, 0x00, 0x00, 0x00, 0x00, 0x00, 0x00, 0x00, 0x00,
  0x00, 0x00, 0x00, 0x00, 0x00, 0x00, 0x00, 0x00, 0x30, 0x00, 0x00, 0x00,
  0xe2, 0xde, 0x2e, 0x3b, 0x84, 0xf3, 0xce, 0x3a, 0xe9, 0x06, 0xf7, 0x3a,
  0x02, 0xa4, 0x3b, 0x3b, 0xa8, 0xeb, 0xa3, 0x3b, 0x27, 0x36, 0x78, 0x3a,
  0x45, 0x2c, 0x15, 0x3b, 0x1f, 0x10, 0x31, 0x3b, 0xd9, 0x84, 0x88, 0x3a,
  0xa0, 0xb2, 0x6a, 0x3b, 0x57, 0x40, 0xd2, 0x3a, 0xed, 0x36, 0x49, 0x3b,
  0xd0, 0xa4, 0xe9, 0x3a, 0x6b, 0xb5, 0x2f, 0x3b, 0xc6, 0x5b, 0x4e, 0x3b,
  0xb6, 0x95, 0x08, 0x3b, 0x37, 0x7f, 0x1f, 0x3b, 0xaf, 0x6f, 0xc4, 0x3a,
  0x18, 0x94, 0xd6, 0x3a, 0xe3, 0x18, 0x52, 0x3b, 0x7e, 0x33, 0x6b, 0x3b,
  0x58, 0x6e, 0x30, 0x3b, 0x9d, 0x40, 0x53, 0x3b, 0x8c, 0x0e, 0x31, 0x3b,
  0x22, 0x4c, 0x80, 0x3b, 0x02, 0x11, 0x0c, 0x3b, 0xad, 0x99, 0x22, 0x3b,
  0xb7, 0x55, 0x1e, 0x3b, 0xd6, 0xc9, 0x6a, 0x3b, 0xf4, 0x85, 0xea, 0x3a,
  0x90, 0xd8, 0x80, 0x3a, 0xdd, 0x5b, 0x2a, 0x3b, 0xb0, 0x1d, 0x51, 0x3b,
  0x27, 0x3e, 0x33, 0x3b, 0xec, 0x7c, 0x1b, 0x3b, 0xa3, 0x37, 0x02, 0x3b,
  0x0d, 0xbd, 0x0c, 0x3b, 0x3a, 0xf6, 0x92, 0x3a, 0x5a, 0x6e, 0x78, 0x3b,
  0x05, 0xed, 0x10, 0x3b, 0x03, 0x4d, 0x8c, 0x3a, 0xbf, 0xdd, 0xaa, 0x3a,
  0xca, 0x33, 0x89, 0x3b, 0xa9, 0xf8, 0x4c, 0x3b, 0xe2, 0xc3, 0x5f, 0x3b,
  0x74, 0x7e, 0x0f, 0x3b, 0x68, 0x74, 0x37, 0x3a, 0xf8, 0x32, 0x18, 0x3b,
  0x1d, 0x00, 0x00, 0x00, 0x6d, 0x6f, 0x64, 0x65, 0x6c, 0x5f, 0x31, 0x2f,
  0x62, 0x6c, 0x6f, 0x63, 0x6b, 0x5f, 0x33, 0x5f, 0x65, 0x78, 0x70, 0x61,
  0x6e, 0x64, 0x2f, 0x43, 0x6f, 0x6e, 0x76, 0x32, 0x44, 0x00, 0x00, 0x00,
  0x04, 0x00, 0x00, 0x00, 0x30, 0x00, 0x00, 0x00, 0x01, 0x00, 0x00, 0x00,
  0x01, 0x00, 0x00, 0x00, 0x08, 0x00, 0x00, 0x00, 0x6a, 0xd2, 0xff, 0xff,
  0x00, 0x00, 0x00, 0x01, 0x14, 0x00, 0x00, 0x00, 0x68, 0x02, 0x00, 0x00,
  0x19, 0x00, 0x00, 0x00, 0x00, 0x00, 0x00, 0x02, 0x8c, 0x02, 0x00, 0x00,
  0x54, 0xd2, 0xff, 0xff, 0x08, 0x00, 0x00, 0x00, 0x8c, 0x01, 0x00, 0x00,
  0x30, 0x00, 0x00, 0x00, 0x00, 0x00, 0x00, 0x00, 0x00, 0x00, 0x00, 0x00,
  0x00, 0x00, 0x00, 0x00, 0x00, 0x00, 0x00, 0x00, 0x00, 0x00, 0x00, 0x00,
  0x00, 0x00, 0x00, 0x00, 0x00, 0x00, 0x00, 0x00, 0x00, 0x00, 0x00, 0x00,
  0x00, 0x00, 0x00, 0x00, 0x00, 0x00, 0x00, 0x00, 0x00, 0x00, 0x00, 0x00,
  0x00, 0x00, 0x00, 0x00, 0x00, 0x00, 0x00, 0x00, 0x00, 0x00, 0x00, 0x00,
  0x00, 0x00, 0x00, 0x00, 0x00, 0x00, 0x00, 0x00, 0x00, 0x00, 0x00, 0x00,
  0x00, 0x00, 0x00, 0x00, 0x00, 0x00, 0x00, 0x00, 0x00, 0x00, 0x00, 0x00,
  0x00, 0x00, 0x00, 0x00, 0x00, 0x00, 0x00, 0x00, 0x00, 0x00, 0x00, 0x00,
  0x00, 0x00, 0x00, 0x00, 0x00, 0x00, 0x00, 0x00, 0x00, 0x00, 0x00, 0x00,
  0x00, 0x00, 0x00, 0x00, 0x00, 0x00, 0x00, 0x00, 0x00, 0x00, 0x00, 0x00,
  0x00, 0x00, 0x00, 0x00, 0x00, 0x00, 0x00, 0x00, 0x00, 0x00, 0x00, 0x00,
  0x00, 0x00, 0x00, 0x00, 0x00, 0x00, 0x00, 0x00, 0x00, 0x00, 0x00, 0x00,
  0x00, 0x00, 0x00, 0x00, 0x00, 0x00, 0x00, 0x00, 0x00, 0x00, 0x00, 0x00,
  0x00, 0x00, 0x00, 0x00, 0x00, 0x00, 0x00, 0x00, 0x00, 0x00, 0x00, 0x00,
  0x00, 0x00, 0x00, 0x00, 0x00, 0x00, 0x00, 0x00, 0x00, 0x00, 0x00, 0x00,
  0x00, 0x00, 0x00, 0x00, 0x00, 0x00, 0x00, 0x00, 0x00, 0x00, 0x00, 0x00,
  0x00, 0x00, 0x00, 0x00, 0x00, 0x00, 0x00, 0x00, 0x00, 0x00, 0x00, 0x00,
  0x00, 0x00, 0x00, 0x00, 0x00, 0x00, 0x00, 0x00, 0x00, 0x00, 0x00, 0x00,
  0x00, 0x00, 0x00, 0x00, 0x00, 0x00, 0x00, 0x00, 0x00, 0x00, 0x00, 0x00,
  0x00, 0x00, 0x00, 0x00, 0x00, 0x00, 0x00, 0x00, 0x00, 0x00, 0x00, 0x00,
  0x00, 0x00, 0x00, 0x00, 0x00, 0x00, 0x00, 0x00, 0x00, 0x00, 0x00, 0x00,
  0x00, 0x00, 0x00, 0x00, 0x00, 0x00, 0x00, 0x00, 0x00, 0x00, 0x00, 0x00,
  0x00, 0x00, 0x00, 0x00, 0x00, 0x00, 0x00, 0x00, 0x00, 0x00, 0x00, 0x00,
  0x00, 0x00, 0x00, 0x00, 0x00, 0x00, 0x00, 0x00, 0x00, 0x00, 0x00, 0x00,
  0x00, 0x00, 0x00, 0x00, 0x00, 0x00, 0x00, 0x00, 0x00, 0x00, 0x00, 0x00,
  0x00, 0x00, 0x00, 0x00, 0x00, 0x00, 0x00, 0x00, 0x00, 0x00, 0x00, 0x00,
  0x00, 0x00, 0x00, 0x00, 0x00, 0x00, 0x00, 0x00, 0x00, 0x00, 0x00, 0x00,
  0x00, 0x00, 0x00, 0x00, 0x00, 0x00, 0x00, 0x00, 0x00, 0x00, 0x00, 0x00,
  0x00, 0x00, 0x00, 0x00, 0x00, 0x00, 0x00, 0x00, 0x00, 0x00, 0x00, 0x00,
  0x00, 0x00, 0x00, 0x00, 0x00, 0x00, 0x00, 0x00, 0x00, 0x00, 0x00, 0x00,
  0x00, 0x00, 0x00, 0x00, 0x00, 0x00, 0x00, 0x00, 0x00, 0x00, 0x00, 0x00,
  0x00, 0x00, 0x00, 0x00, 0x00, 0x00, 0x00, 0x00, 0x00, 0x00, 0x00, 0x00,
  0x00, 0x00, 0x00, 0x00, 0x00, 0x00, 0x00, 0x00, 0x30, 0x00, 0x00, 0x00,
  0xd4, 0x1f, 0x8c, 0x39, 0xa2, 0xd4, 0x25, 0x39, 0x84, 0xf1, 0x45, 0x39,
  0x63, 0x5b, 0x96, 0x39, 0x98, 0x59, 0x03, 0x3a, 0x81, 0xe4, 0xc6, 0x38,
  0xbc, 0x10, 0x6f, 0x39, 0x8d, 0xe1, 0x8d, 0x39, 0x38, 0xc9, 0xda, 0x38,
  0x60, 0x10, 0xbc, 0x39, 0x98, 0x79, 0x28, 0x39, 0xd9, 0x3b, 0xa1, 0x39,
  0x2c, 0x38, 0x3b, 0x39, 0xbc, 0xcb, 0x8c, 0x39, 0x0b, 0x5b, 0xa5, 0x39,
  0x3e, 0xe4, 0x5a, 0x39, 0x55, 0x9c, 0x7f, 0x39, 0xa9, 0x67, 0x1d, 0x39,
  0x3d, 0xf1, 0x2b, 0x39, 0xfb, 0x59, 0xa8, 0x39, 0xa3, 0x77, 0xbc, 0x39,
  0xeb, 0x5f, 0x8d, 0x39, 0xf2, 0x46, 0xa9, 0x39, 0x4a, 0xe0, 0x8d, 0x39,
  0x31, 0x9c, 0xcd, 0x39, 0xa4, 0x78, 0x60, 0x39, 0xc5, 0x4a, 0x82, 0x39,
  0x8f, 0xbf, 0x7d, 0x39, 0xf9, 0x22, 0xbc, 0x39, 0x94, 0xec, 0x3b, 0x39,
  0x3e, 0x7d, 0xce, 0x38, 0x4f, 0x82, 0x88, 0x39, 0xb1, 0x90, 0xa7, 0x39,
  0xb4, 0xa0, 0x8f, 0x39, 0x97, 0x2f, 0x79, 0x39, 0xe1, 0xaf, 0x50, 0x39,
  0x5c, 0x8c, 0x61, 0x39, 0x97, 0x85, 0xeb, 0x38, 0x89, 0x11, 0xc7, 0x39,
  0x4d, 0x42, 0x68, 0x39, 0xce, 0xd8, 0xe0, 0x38, 0x62, 0xea, 0x08, 0x39,
  0x95, 0xe1, 0xdb, 0x39, 0x7d, 0x3e, 0xa4, 0x39, 0xbc, 0x4d, 0xb3, 0x39,
  0xd7, 0xf6, 0x65, 0x39, 0xb6, 0x00, 0x93, 0x38, 0x45, 0xea, 0x73, 0x39,
  0x2a, 0x00, 0x00, 0x00, 0x6d, 0x6f, 0x64, 0x65, 0x6c, 0x5f, 0x31, 0x2f,
  0x62, 0x6c, 0x6f, 0x63, 0x6b, 0x5f, 0x33, 0x5f, 0x65, 0x78, 0x70, 0x61,
  0x6e, 0x64, 0x5f, 0x42, 0x4e, 0x2f, 0x46, 0x75, 0x73, 0x65, 0x64, 0x42,
  0x61, 0x74, 0x63, 0x68, 0x4e, 0x6f, 0x72, 0x6d, 0x56, 0x33, 0x00, 0x00,
  0x01, 0x00, 0x00, 0x00, 0x30, 0x00, 0x00, 0x00, 0x16, 0xd5, 0xff, 0xff,
  0x00, 0x00, 0x00, 0x01, 0x14, 0x00, 0x00, 0x00, 0x68, 0x02, 0x00, 0x00,
  0x18, 0x00, 0x00, 0x00, 0x00, 0x00, 0x00, 0x09, 0xd0, 0x02, 0x00, 0x00,
  0xe2, 0xe6, 0xff, 0xff, 0x03, 0x00, 0x00, 0x00, 0x08, 0x00, 0x00, 0x00,
  0x88, 0x01, 0x00, 0x00, 0x30, 0x00, 0x00, 0x00, 0x00, 0x00, 0x00, 0x00,
  0x00, 0x00, 0x00, 0x00, 0x00, 0x00, 0x00, 0x00, 0x00, 0x00, 0x00, 0x00,
  0x00, 0x00, 0x00, 0x00, 0x00, 0x00, 0x00, 0x00, 0x00, 0x00, 0x00, 0x00,
  0x00, 0x00, 0x00, 0x00, 0x00, 0x00, 0x00, 0x00, 0x00, 0x00, 0x00, 0x00,
  0x00, 0x00, 0x00, 0x00, 0x00, 0x00, 0x00, 0x00, 0x00, 0x00, 0x00, 0x00,
  0x00, 0x00, 0x00, 0x00, 0x00, 0x00, 0x00, 0x00, 0x00, 0x00, 0x00, 0x00,
  0x00, 0x00, 0x00, 0x00, 0x00, 0x00, 0x00, 0x00, 0x00, 0x00, 0x00, 0x00,
  0x00, 0x00, 0x00, 0x00, 0x00, 0x00, 0x00, 0x00, 0x00, 0x00, 0x00, 0x00,
  0x00, 0x00, 0x00, 0x00, 0x00, 0x00, 0x00, 0x00, 0x00, 0x00, 0x00, 0x00,
  0x00, 0x00, 0x00, 0x00, 0x00, 0x00, 0x00, 0x00, 0x00, 0x00, 0x00, 0x00,
  0x00, 0x00, 0x00, 0x00, 0x00, 0x00, 0x00, 0x00, 0x00, 0x00, 0x00, 0x00,
  0x00, 0x00, 0x00, 0x00, 0x00, 0x00, 0x00, 0x00, 0x00, 0x00, 0x00, 0x00,
  0x00, 0x00, 0x00, 0x00, 0x00, 0x00, 0x00, 0x00, 0x00, 0x00, 0x00, 0x00,
  0x00, 0x00, 0x00, 0x00, 0x00, 0x00, 0x00, 0x00, 0x00, 0x00, 0x00, 0x00,
  0x00, 0x00, 0x00, 0x00, 0x00, 0x00, 0x00, 0x00, 0x00, 0x00, 0x00, 0x00,
  0x00, 0x00, 0x00, 0x00, 0x00, 0x00, 0x00, 0x00, 0x00, 0x00, 0x00, 0x00,
  0x00, 0x00, 0x00, 0x00, 0x00, 0x00, 0x00, 0x00, 0x00, 0x00, 0x00, 0x00,
  0x00, 0x00, 0x00, 0x00, 0x00, 0x00, 0x00, 0x00, 0x00, 0x00, 0x00, 0x00,
  0x00, 0x00, 0x00, 0x00, 0x00, 0x00, 0x00, 0x00, 0x00, 0x00, 0x00, 0x00,
  0x00, 0x00, 0x00, 0x00, 0x00, 0x00, 0x00, 0x00, 0x00, 0x00, 0x00, 0x00,
  0x00, 0x00, 0x00, 0x00, 0x00, 0x00, 0x00, 0x00, 0x00, 0x00, 0x00, 0x00,
  0x00, 0x00, 0x00, 0x00, 0x00, 0x00, 0x00, 0x00, 0x00, 0x00, 0x00, 0x00,
  0x00, 0x00, 0x00, 0x00, 0x00, 0x00, 0x00, 0x00, 0x00, 0x00, 0x00, 0x00,
  0x00, 0x00, 0x00, 0x00, 0x00, 0x00, 0x00, 0x00, 0x00, 0x00, 0x00, 0x00,
  0x00, 0x00, 0x00, 0x00, 0x00, 0x00, 0x00, 0x00, 0x00, 0x00, 0x00, 0x00,
  0x00, 0x00, 0x00, 0x00, 0x00, 0x00, 0x00, 0x00, 0x00, 0x00, 0x00, 0x00,
  0x00, 0x00, 0x00, 0x00, 0x00, 0x00, 0x00, 0x00, 0x00, 0x00, 0x00, 0x00,
  0x00, 0x00, 0x00, 0x00, 0x00, 0x00, 0x00, 0x00, 0x00, 0x00, 0x00, 0x00,
  0x00, 0x00, 0x00, 0x00, 0x00, 0x00, 0x00, 0x00, 0x00, 0x00, 0x00, 0x00,
  0x00, 0x00, 0x00, 0x00, 0x00, 0x00, 0x00, 0x00, 0x00, 0x00, 0x00, 0x00,
  0x00, 0x00, 0x00, 0x00, 0x00, 0x00, 0x00, 0x00, 0x00, 0x00, 0x00, 0x00,
  0x00, 0x00, 0x00, 0x00, 0x00, 0x00, 0x00, 0x00, 0x00, 0x00, 0x00, 0x00,
  0x00, 0x00, 0x00, 0x00, 0x00, 0x00, 0x00, 0x00, 0x30, 0x00, 0x00, 0x00,
  0xdd, 0x0f, 0xe8, 0x3b, 0xe8, 0x5c, 0x5f, 0x3b, 0x79, 0xc6, 0x7f, 0x3b,
  0x7b, 0xb4, 0xb5, 0x3b, 0xda, 0x9d, 0x28, 0x3b, 0x84, 0x23, 0xb2, 0x3b,
  0x31, 0x1e, 0x98, 0x3b, 0x3f, 0x8f, 0x9c, 0x3b, 0x6c, 0x0d, 0x4f, 0x3c,
  0x8f, 0x28, 0xfa, 0x3a, 0xb2, 0xed, 0x8b, 0x3b, 0x45, 0xd3, 0xa9, 0x3b,
  0x23, 0x43, 0x67, 0x3b, 0x1b, 0x09, 0x04, 0x3c, 0xd6, 0xf2, 0x42, 0x3b,
  0x3a, 0x9a, 0x34, 0x3b, 0xde, 0xef, 0x2b, 0x3b, 0x57, 0xd1, 0xb9, 0x3b,
  0x36, 0xba, 0xb0, 0x3c, 0x23, 0x29, 0x33, 0x3b, 0x23, 0x60, 0xe8, 0x3a,
  0x94, 0xf1, 0x8f, 0x3b, 0x6f, 0xde, 0x7e, 0x3b, 0xa7, 0xb7, 0xc2, 0x3b,
  0xa4, 0xa9, 0x83, 0x3b, 0xbf, 0x61, 0x64, 0x3b, 0x83, 0xc7, 0xf4, 0x3b,
  0x81, 0xf0, 0xd9, 0x3b, 0x6f, 0xda, 0xa1, 0x3b, 0xc1, 0xa3, 0x14, 0x3c,
  0xda, 0x6a, 0xb5, 0x3b, 0xbc, 0x6a, 0x46, 0x3b, 0x07, 0x6a, 0x20, 0x3b,
  0xdd, 0x4c, 0xc8, 0x3b, 0xb8, 0xbe, 0x6e, 0x3b, 0xe5, 0x04, 0xb4, 0x3b,
  0x2b, 0xe8, 0x3a, 0x3b, 0x39, 0xb1, 0x45, 0x3b, 0x17, 0x03, 0x7a, 0x3b,
  0xe9, 0x26, 0x98, 0x3b, 0x89, 0x34, 0xc5, 0x3b, 0xa0, 0x1b, 0xe2, 0x3b,
  0x4f, 0x0c, 0x30, 0x3b, 0x10, 0xe6, 0x51, 0x3b, 0x81, 0x4b, 0x95, 0x3b,
  0x01, 0x36, 0xcc, 0x3b, 0x70, 0x81, 0x1f, 0x3c, 0x21, 0x32, 0x9b, 0x3b,
  0x6f, 0x00, 0x00, 0x00, 0x6d, 0x6f, 0x64, 0x65, 0x6c, 0x5f, 0x31, 0x2f,
  0x62, 0x6c, 0x6f, 0x63, 0x6b, 0x5f, 0x33, 0x5f, 0x64, 0x65, 0x70, 0x74,
  0x68, 0x77, 0x69, 0x73, 0x65, 0x5f, 0x42, 0x4e, 0x2f, 0x46, 0x75, 0x73,
  0x65, 0x64, 0x42, 0x61, 0x74, 0x63, 0x68, 0x4e, 0x6f, 0x72, 0x6d, 0x56,
  0x33, 0x3b, 0x6d, 0x6f, 0x64, 0x65, 0x6c, 0x5f, 0x31, 0x2f, 0x62, 0x6c,
  0x6f, 0x63, 0x6b, 0x5f, 0x33, 0x5f, 0x64, 0x65, 0x70, 0x74, 0x68, 0x77,
  0x69, 0x73, 0x65, 0x2f, 0x64, 0x65, 0x70, 0x74, 0x68, 0x77, 0x69, 0x73,
  0x65, 0x3b, 0x6d, 0x6f, 0x64, 0x65, 0x6c, 0x5f, 0x31, 0x2f, 0x62, 0x6c,
  0x6f, 0x63, 0x6b, 0x5f, 0x36, 0x5f, 0x65, 0x78, 0x70, 0x61, 0x6e, 0x64,
  0x2f, 0x43, 0x6f, 0x6e, 0x76, 0x32, 0x44, 0x00, 0x04, 0x00, 0x00, 0x00,
  0x01, 0x00, 0x00, 0x00, 0x03, 0x00, 0x00, 0x00, 0x03, 0x00, 0x00, 0x00,
  0x30, 0x00, 0x00, 0x00, 0x12, 0xd8, 0xff, 0xff, 0x00, 0x00, 0x00, 0x01,
  0x14, 0x00, 0x00, 0x00, 0x68, 0x02, 0x00, 0x00, 0x17, 0x00, 0x00, 0x00,
  0x00, 0x00, 0x00, 0x02, 0x90, 0x02, 0x00, 0x00, 0xfc, 0xd7, 0xff, 0xff,
  0x08, 0x00, 0x00, 0x00, 0x8c, 0x01, 0x00, 0x00, 0x30, 0x00, 0x00, 0x00,
  0x00, 0x00, 0x00, 0x00, 0x00, 0x00, 0x00, 0x00, 0x00, 0x00, 0x00, 0x00,
  0x00, 0x00, 0x00, 0x00, 0x00, 0x00, 0x00, 0x00, 0x00, 0x00, 0x00, 0x00,
  0x00, 0x00, 0x00, 0x00, 0x00, 0x00, 0x00, 0x00, 0x00, 0x00, 0x00, 0x00,
  0x00, 0x00, 0x00, 0x00, 0x00, 0x00, 0x00, 0x00, 0x00, 0x00, 0x00, 0x00,
  0x00, 0x00, 0x00, 0x00, 0x00, 0x00, 0x00, 0x00, 0x00, 0x00, 0x00, 0x00,
  0x00, 0x00, 0x00, 0x00, 0x00, 0x00, 0x00, 0x00, 0x00, 0x00, 0x00, 0x00,
  0x00, 0x00, 0x00, 0x00, 0x00, 0x00, 0x00, 0x00, 0x00, 0x00, 0x00, 0x00,
  0x00, 0x00, 0x00, 0x00, 0x00, 0x00, 0x00, 0x00, 0x00, 0x00, 0x00, 0x00,
  0x00, 0x00, 0x00, 0x00, 0x00, 0x00, 0x00, 0x00, 0x00, 0x00, 0x00, 0x00,
  0x00, 0x00, 0x00, 0x00, 0x00, 0x00, 0x00, 0x00, 0x00, 0x00, 0x00, 0x00,
  0x00, 0x00, 0x00, 0x00, 0x00, 0x00, 0x00, 0x00, 0x00, 0x00, 0x00, 0x00,
  0x00, 0x00, 0x00, 0x00, 0x00, 0x00, 0x00, 0x00, 0x00, 0x00, 0x00, 0x00,
  0x00, 0x00, 0x00, 0x00, 0x00, 0x00, 0x00, 0x00, 0x00, 0x00, 0x00, 0x00,
  0x00, 0x00, 0x00, 0x00, 0x00, 0x00, 0x00, 0x00, 0x00, 0x00, 0x00, 0x00,
  0x00, 0x00, 0x00, 0x00, 0x00, 0x00, 0x00, 0x00, 0x00, 0x00, 0x00, 0x00,
  0x00, 0x00, 0x00, 0x00, 0x00, 0x00, 0x00, 0x00, 0x00, 0x00, 0x00, 0x00,
  0x00, 0x00, 0x00, 0x00, 0x00, 0x00, 0x00, 0x00, 0x00, 0x00, 0x00, 0x00,
  0x00, 0x00, 0x00, 0x00, 0x00, 0x00, 0x00, 0x00, 0x00, 0x00, 0x00, 0x00,
  0x00, 0x00, 0x00, 0x00, 0x00, 0x00, 0x00, 0x00, 0x00, 0x00, 0x00, 0x00,
  0x00, 0x00, 0x00, 0x00, 0x00, 0x00, 0x00, 0x00, 0x00, 0x00, 0x00, 0x00,
  0x00, 0x00, 0x00, 0x00, 0x00, 0x00, 0x00, 0x00, 0x00, 0x00, 0x00, 0x00,
  0x00, 0x00, 0x00, 0x00, 0x00, 0x00, 0x00, 0x00, 0x00, 0x00, 0x00, 0x00,
  0x00, 0x00, 0x00, 0x00, 0x00, 0x00, 0x00, 0x00, 0x00, 0x00, 0x00, 0x00,
  0x00, 0x00, 0x00, 0x00, 0x00, 0x00, 0x00, 0x00, 0x00, 0x00, 0x00, 0x00,
  0x00, 0x00, 0x00, 0x00, 0x00, 0x00, 0x00, 0x00, 0x00, 0x00, 0x00, 0x00,
  0x00, 0x00, 0x00, 0x00, 0x00, 0x00, 0x00, 0x00, 0x00, 0x00, 0x00, 0x00,
  0x00, 0x00, 0x00, 0x00, 0x00, 0x00, 0x00, 0x00, 0x00, 0x00, 0x00, 0x00,
  0x00, 0x00, 0x00, 0x00, 0x00, 0x00, 0x00, 0x00, 0x00, 0x00, 0x00, 0x00,
  0x00, 0x00, 0x00, 0x00, 0x00, 0x00, 0x00, 0x00, 0x00, 0x00, 0x00, 0x00,
  0x00, 0x00, 0x00, 0x00, 0x00, 0x00, 0x00, 0x00, 0x00, 0x00, 0x00, 0x00,
  0x00, 0x00, 0x00, 0x00, 0x00, 0x00, 0x00, 0x00, 0x00, 0x00, 0x00, 0x00,
  0x00, 0x00, 0x00, 0x00, 0x00, 0x00, 0x00, 0x00, 0x00, 0x00, 0x00, 0x00,
  0x00, 0x00, 0x00, 0x00, 0x30, 0x00, 0x00, 0x00, 0xa1, 0xba, 0x2e, 0x39,
  0xdc, 0x2d, 0xa8, 0x38, 0x70, 0x95, 0xc0, 0x38, 0x2d, 0xd0, 0x08, 0x39,
  0xb2, 0xea, 0x7d, 0x38, 0xc4, 0x20, 0x06, 0x39, 0x5c, 0x12, 0xe5, 0x38,
  0xa1, 0xc2, 0xeb, 0x38, 0xf7, 0xe5, 0x9b, 0x39, 0xc6, 0x5a, 0x3c, 0x38,
  0x43, 0xb7, 0xd2, 0x38, 0xa4, 0xbc, 0xff, 0x38, 0x7b, 0x20, 0xae, 0x38,
  0x7d, 0xd4, 0x46, 0x39, 0xea, 0xc8, 0x92, 0x38, 0xa7, 0xfb, 0x87, 0x38,
  0x5c, 0x75, 0x81, 0x38, 0xea, 0xe8, 0x0b, 0x39, 0xb9, 0x10, 0x05, 0x3a,
  0xc0, 0xe5, 0x86, 0x38, 0x12, 0xf7, 0x2e, 0x38, 0x21, 0xc3, 0xd8, 0x38,
  0xba, 0xe6, 0xbf, 0x38, 0x5a, 0x9c, 0x12, 0x39, 0xbb, 0x44, 0xc6, 0x38,
  0x45, 0xf5, 0xab, 0x38, 0xf0, 0x4d, 0x38, 0x39, 0x79, 0x18, 0x24, 0x39,
  0x62, 0xbb, 0xf3, 0x38, 0x77, 0xd5, 0x5f, 0x39, 0xbc, 0x98, 0x08, 0x39,
  0x73, 0x65, 0x95, 0x38, 0x9b, 0x90, 0x71, 0x38, 0x76, 0xd0, 0x16, 0x39,
  0xcd, 0xc2, 0xb3, 0x38, 0x37, 0x8b, 0x07, 0x39, 0xdb, 0xba, 0x8c, 0x38,
  0xc5, 0xd9, 0x94, 0x38, 0x90, 0x3e, 0xbc, 0x38, 0x7d, 0x1f, 0xe5, 0x38,
  0xe3, 0x7b, 0x14, 0x39, 0xf7, 0x3e, 0x2a, 0x39, 0xc9, 0x8d, 0x84, 0x38,
  0x97, 0x0a, 0x9e, 0x38, 0x14, 0xd2, 0xe0, 0x38, 0x43, 0xc2, 0x19, 0x39,
  0x5b, 0x32, 0x70, 0x39, 0xe7, 0xb4, 0xe9, 0x38, 0x2d, 0x00, 0x00, 0x00,
  0x6d, 0x6f, 0x64, 0x65, 0x6c, 0x5f, 0x31, 0x2f, 0x62, 0x6c, 0x6f, 0x63,
  0x6b, 0x5f, 0x33, 0x5f, 0x64, 0x65, 0x70, 0x74, 0x68, 0x77, 0x69, 0x73,
  0x65, 0x5f, 0x42, 0x4e, 0x2f, 0x46, 0x75, 0x73, 0x65, 0x64, 0x42, 0x61,
  0x74, 0x63, 0x68, 0x4e, 0x6f, 0x72, 0x6d, 0x56, 0x33, 0x00, 0x00, 0x00,
  0x01, 0x00, 0x00, 0x00, 0x30, 0x00, 0x00, 0x00, 0xc2, 0xda, 0xff, 0xff,
  0x00, 0x00, 0x00, 0x01, 0x14, 0x00, 0x00, 0x00, 0x84, 0x00, 0x00, 0x00,
  0x16, 0x00, 0x00, 0x00, 0x00, 0x00, 0x00, 0x09, 0x9c, 0x00, 0x00, 0x00,
  0xac, 0xda, 0xff, 0xff, 0x08, 0x00, 0x00, 0x00, 0x48, 0x00, 0x00, 0x00,
  0x08, 0x00, 0x00, 0x00, 0x00, 0x00, 0x00, 0x00, 0x00, 0x00, 0x00, 0x00,
  0x00, 0x00, 0x00, 0x00, 0x00, 0x00, 0x00, 0x00, 0x00, 0x00, 0x00, 0x00,
  0x00, 0x00, 0x00, 0x00, 0x00, 0x00, 0x00, 0x00, 0x00, 0x00, 0x00, 0x00,
  0x00, 0x00, 0x00, 0x00, 0x00, 0x00, 0x00, 0x00, 0x00, 0x00, 0x00, 0x00,
  0x00, 0x00, 0x00, 0x00, 0x00, 0x00, 0x00, 0x00, 0x00, 0x00, 0x00, 0x00,
  0x00, 0x00, 0x00, 0x00, 0x00, 0x00, 0x00, 0x00, 0x08, 0x00, 0x00, 0x00,
  0x00, 0xeb, 0x8a, 0x3b, 0x93, 0x32, 0xf9, 0x3b, 0xe3, 0xbe, 0x86, 0x3b,
  0xac, 0xa3, 0xc1, 0x3b, 0x2b, 0xc8, 0xde, 0x3b, 0x20, 0xcd, 0x91, 0x3b,
  0x58, 0xb8, 0x26, 0x3c, 0xd8, 0x3c, 0x37, 0x3c, 0x1e, 0x00, 0x00, 0x00,
  0x6d, 0x6f, 0x64, 0x65, 0x6c, 0x5f, 0x31, 0x2f, 0x62, 0x6c, 0x6f, 0x63,
  0x6b, 0x5f, 0x33, 0x5f, 0x70, 0x72, 0x6f, 0x6a, 0x65, 0x63, 0x74, 0x2f,
  0x43, 0x6f, 0x6e, 0x76, 0x32, 0x44, 0x00, 0x00, 0x04, 0x00, 0x00, 0x00,
  0x08, 0x00, 0x00, 0x00, 0x01, 0x00, 0x00, 0x00, 0x01, 0x00, 0x00, 0x00,
  0x30, 0x00, 0x00, 0x00, 0x8a, 0xdb, 0xff, 0xff, 0x00, 0x00, 0x00, 0x01,
  0x14, 0x00, 0x00, 0x00, 0x84, 0x00, 0x00, 0x00, 0x15, 0x00, 0x00, 0x00,
  0x00, 0x00, 0x00, 0x02, 0xa8, 0x00, 0x00, 0x00, 0x74, 0xdb, 0xff, 0xff,
  0x08, 0x00, 0x00, 0x00, 0x48, 0x00, 0x00, 0x00, 0x08, 0x00, 0x00, 0x00,
  0x00, 0x00, 0x00, 0x00, 0x00, 0x00, 0x00, 0x00, 0x00, 0x00, 0x00, 0x00,
  0x00, 0x00, 0x00, 0x00, 0x00, 0x00, 0x00, 0x00, 0x00, 0x00, 0x00, 0x00,
  0x00, 0x00, 0x00, 0x00, 0x00, 0x00, 0x00, 0x00, 0x00, 0x00, 0x00, 0x00,
  0x00, 0x00, 0x00, 0x00, 0x00, 0x00, 0x00, 0x00, 0x00, 0x00, 0x00, 0x00,
  0x00, 0x00, 0x00, 0x00, 0x00, 0x00, 0x00, 0x00, 0x00, 0x00, 0x00, 0x00,
  0x00, 0x00, 0x00, 0x00, 0x08, 0x00, 0x00, 0x00, 0xb2, 0x31, 0xd1, 0x38,
  0x90, 0xa1, 0x3b, 0x39, 0x3e, 0xe9, 0xca, 0x38, 0x8e, 0xcc, 0x11, 0x39,
  0xde, 0xbd, 0x27, 0x39, 0x40, 0x8f, 0xdb, 0x38, 0x94, 0x0f, 0x7b, 0x39,
  0x9a, 0xf7, 0x89, 0x39, 0x2b, 0x00, 0x00, 0x00, 0x6d, 0x6f, 0x64, 0x65,
  0x6c, 0x5f, 0x31, 0x2f, 0x62, 0x6c, 0x6f, 0x63, 0x6b, 0x5f, 0x33, 0x5f,
  0x70, 0x72, 0x6f, 0x6a, 0x65, 0x63, 0x74, 0x5f, 0x42, 0x4e, 0x2f, 0x46,
  0x75, 0x73, 0x65, 0x64, 0x42, 0x61, 0x74, 0x63, 0x68, 0x4e, 0x6f, 0x72,
  0x6d, 0x56, 0x33, 0x00, 0x01, 0x00, 0x00, 0x00, 0x08, 0x00, 0x00, 0x00,
  0x52, 0xdc, 0xff, 0xff, 0x00, 0x00, 0x00, 0x01, 0x14, 0x00, 0x00, 0x00,
  0x64, 0x02, 0x00, 0x00, 0x14, 0x00, 0x00, 0x00, 0x00, 0x00, 0x00, 0x09,
  0x7c, 0x02, 0x00, 0x00, 0x3c, 0xdc, 0xff, 0xff, 0x08, 0x00, 0x00, 0x00,
  0x88, 0x01, 0x00, 0x00, 0x30, 0x00, 0x00, 0x00, 0x00, 0x00, 0x00, 0x00,
  0x00, 0x00, 0x00, 0x00, 0x00, 0x00, 0x00, 0x00, 0x00, 0x00, 0x00, 0x00,
  0x00, 0x00, 0x00, 0x00, 0x00, 0x00, 0x00, 0x00, 0x00, 0x00, 0x00, 0x00,
  0x00, 0x00, 0x00, 0x00, 0x00, 0x00, 0x00, 0x00, 0x00, 0x00, 0x00, 0x00,
  0x00, 0x00, 0x00, 0x00, 0x00, 0x00, 0x00, 0x00, 0x00, 0x00, 0x00, 0x00,
  0x00, 0x00, 0x00, 0x00, 0x00, 0x00, 0x00, 0x00, 0x00, 0x00, 0x00, 0x00,
  0x00, 0x00, 0x00, 0x00, 0x00, 0x00, 0x00, 0x00, 0x00, 0x00, 0x00, 0x00,
  0x00, 0x00, 0x00, 0x00, 0x00, 0x00, 0x00, 0x00, 0x00, 0x00, 0x00, 0x00,
  0x00, 0x00, 0x00, 0x00, 0x00, 0x00, 0x00, 0x00, 0x00, 0x00, 0x00, 0x00,
  0x00, 0x00, 0x00, 0x00, 0x00, 0x00, 0x00, 0x00, 0x00, 0x00, 0x00, 0x00,
  0x00, 0x00, 0x00, 0x00, 0x00, 0x00, 0x00, 0x00, 0x00, 0x00, 0x00, 0x00,
  0x00, 0x00, 0x00, 0x00, 0x00, 0x00, 0x00, 0x00, 0x00, 0x00, 0x00, 0x00,
  0x00, 0x00, 0x00, 0x00, 0x00, 0x00, 0x00, 0x00, 0x00, 0x00, 0x00, 0x00,
  0x00, 0x00, 0x00, 0x00, 0x00, 0x00, 0x00, 0x00, 0x00, 0x00, 0x00, 0x00,
  0x00, 0x00, 0x00, 0x00, 0x00, 0x00, 0x00, 0x00, 0x00, 0x00, 0x00, 0x00,
  0x00, 0x00, 0x00, 0x00, 0x00, 0x00, 0x00, 0x00, 0x00, 0x00, 0x00, 0x00,
  0x00, 0x00, 0x00, 0x00, 0x00, 0x00, 0x00, 0x00, 0x00, 0x00, 0x00, 0x00,
  0x00, 0x00, 0x00, 0x00, 0x00, 0x00, 0x00, 0x00, 0x00, 0x00, 0x00, 0x00,
  0x00, 0x00, 0x00, 0x00, 0x00, 0x00, 0x00, 0x00, 0x00, 0x00, 0x00, 0x00,
  0x00, 0x00, 0x00, 0x00, 0x00, 0x00, 0x00, 0x00, 0x00, 0x00, 0x00, 0x00,
  0x00, 0x00, 0x00, 0x00, 0x00, 0x00, 0x00, 0x00, 0x00, 0x00, 0x00, 0x00,
  0x00, 0x00, 0x00, 0x00, 0x00, 0x00, 0x00, 0x00, 0x00, 0x00, 0x00, 0x00,
  0x00, 0x00, 0x00, 0x00, 0x00, 0x00, 0x00, 0x00, 0x00, 0x00, 0x00, 0x00,
  0x00, 0x00, 0x00, 0x00, 0x00, 0x00, 0x00, 0x00, 0x00, 0x00, 0x00, 0x00,
  0x00, 0x00, 0x00, 0x00, 0x00, 0x00, 0x00, 0x00, 0x00, 0x00, 0x00, 0x00,
  0x00, 0x00, 0x00, 0x00, 0x00, 0x00, 0x00, 0x00, 0x00, 0x00, 0x00, 0x00,
  0x00, 0x00, 0x00, 0x00, 0x00, 0x00, 0x00, 0x00, 0x00, 0x00, 0x00, 0x00,
  0x00, 0x00, 0x00, 0x00, 0x00, 0x00, 0x00, 0x00, 0x00, 0x00, 0x00, 0x00,
  0x00, 0x00, 0x00, 0x00, 0x00, 0x00, 0x00, 0x00, 0x00, 0x00, 0x00, 0x00,
  0x00, 0x00, 0x00, 0x00, 0x00, 0x00, 0x00, 0x00, 0x00, 0x00, 0x00, 0x00,
  0x00, 0x00, 0x00, 0x00, 0x00, 0x00, 0x00, 0x00, 0x00, 0x00, 0x00, 0x00,
  0x00, 0x00, 0x00, 0x00, 0x00, 0x00, 0x00, 0x00, 0x00, 0x00, 0x00, 0x00,
  0x00, 0x00, 0x00, 0x00, 0x00, 0x00, 0x00, 0x00, 0x30, 0x00, 0x00, 0x00,
  0x5c, 0x53, 0x92, 0x3b, 0x4e, 0xb6, 0x34, 0x3b, 0xd4, 0x9b, 0x1f, 0x3b,
  0xb2, 0xc8, 0x45, 0x3b, 0x85, 0xfd, 0x45, 0x3b, 0x3d, 0x1e, 0x3f, 0x3b,
  0x73, 0x9c, 0x6b, 0x3b, 0x27, 0xb0, 0xc5, 0x3a, 0x3f, 0x20, 0x12, 0x3b,
  0xfe, 0x4a, 0x19, 0x3b, 0x11, 0x48, 0x65, 0x3b, 0xfe, 0x27, 0x89, 0x3b,
  0x45, 0xec, 0x54, 0x3b, 0xc3, 0x7d, 0x21, 0x3b, 0x3b, 0xb2, 0x54, 0x3b,
  0x4e, 0x15, 0x19, 0x3b, 0xc2, 0xb0, 0x7b, 0x3b, 0xb9, 0xf3, 0x0b, 0x3b,
  0xe6, 0xad, 0xd2, 0x3a, 0xc8, 0x58, 0x47, 0x3b, 0x32, 0xc2, 0x64, 0x3b,
  0x47, 0x39, 0xa1, 0x3a, 0x62, 0xbe, 0x2c, 0x3b, 0xbe, 0xd7, 0x72, 0x3b,
  0x7a, 0x42, 0xb1, 0x3a, 0xde, 0x71, 0xe1, 0x3a, 0xca, 0xbc, 0x48, 0x3b,
  0x47, 0x52, 0x00, 0x3b, 0x28, 0x07, 0x1b, 0x3b, 0xe8, 0x5d, 0x5e, 0x3b,
  0xa1, 0x55, 0xa0, 0x3b, 0xbf, 0x62, 0xdf, 0x3a, 0x18, 0x8b, 0xaa, 0x3b,
  0x71, 0x24, 0xda, 0x3a, 0x03, 0x3d, 0x21, 0x3b, 0x38, 0x76, 0x27, 0x3b,
  0x61, 0xa7, 0x09, 0x3a, 0xd3, 0xda, 0xc8, 0x3a, 0x04, 0x23, 0x37, 0x3b,
  0x21, 0xa8, 0x78, 0x3a, 0xd9, 0xc6, 0x50, 0x3b, 0x29, 0xd1, 0x99, 0x3b,
  0x85, 0x51, 0x0e, 0x3b, 0x26, 0xaa, 0x46, 0x3b, 0xff, 0x62, 0x54, 0x3b,
  0x08, 0x8b, 0x57, 0x3b, 0xff, 0x1b, 0x69, 0x3b, 0x0f, 0xc3, 0x11, 0x3b,
  0x1d, 0x00, 0x00, 0x00, 0x6d, 0x6f, 0x64, 0x65, 0x6c, 0x5f, 0x31, 0x2f,
  0x62, 0x6c, 0x6f, 0x63, 0x6b, 0x5f, 0x34, 0x5f, 0x65, 0x78, 0x70, 0x61,
  0x6e, 0x64, 0x2f, 0x43, 0x6f, 0x6e, 0x76, 0x32, 0x44, 0x00, 0x00, 0x00,
  0x04, 0x00, 0x00, 0x00, 0x30, 0x00, 0x00, 0x00, 0x01, 0x00, 0x00, 0x00,
  0x01, 0x00, 0x00, 0x00, 0x08, 0x00, 0x00, 0x00, 0xfa, 0xde, 0xff, 0xff,
  0x00, 0x00, 0x00, 0x01, 0x14, 0x00, 0x00, 0x00, 0x68, 0x02, 0x00, 0x00,
  0x13, 0x00, 0x00, 0x00, 0x00, 0x00, 0x00, 0x02, 0x8c, 0x02, 0x00, 0x00,
  0xe4, 0xde, 0xff, 0xff, 0x08, 0x00, 0x00, 0x00, 0x8c, 0x01, 0x00, 0x00,
  0x30, 0x00, 0x00, 0x00, 0x00, 0x00, 0x00, 0x00, 0x00, 0x00, 0x00, 0x00,
  0x00, 0x00, 0x00, 0x00, 0x00, 0x00, 0x00, 0x00, 0x00, 0x00, 0x00, 0x00,
  0x00, 0x00, 0x00, 0x00, 0x00, 0x00, 0x00, 0x00, 0x00, 0x00, 0x00, 0x00,
  0x00, 0x00, 0x00, 0x00, 0x00, 0x00, 0x00, 0x00, 0x00, 0x00, 0x00, 0x00,
  0x00, 0x00, 0x00, 0x00, 0x00, 0x00, 0x00, 0x00, 0x00, 0x00, 0x00, 0x00,
  0x00, 0x00, 0x00, 0x00, 0x00, 0x00, 0x00, 0x00, 0x00, 0x00, 0x00, 0x00,
  0x00, 0x00, 0x00, 0x00, 0x00, 0x00, 0x00, 0x00, 0x00, 0x00, 0x00, 0x00,
  0x00, 0x00, 0x00, 0x00, 0x00, 0x00, 0x00, 0x00, 0x00, 0x00, 0x00, 0x00,
  0x00, 0x00, 0x00, 0x00, 0x00, 0x00, 0x00, 0x00, 0x00, 0x00, 0x00, 0x00,
  0x00, 0x00, 0x00, 0x00, 0x00, 0x00, 0x00, 0x00, 0x00, 0x00, 0x00, 0x00,
  0x00, 0x00, 0x00, 0x00, 0x00, 0x00, 0x00, 0x00, 0x00, 0x00, 0x00, 0x00,
  0x00, 0x00, 0x00, 0x00, 0x00, 0x00, 0x00, 0x00, 0x00, 0x00, 0x00, 0x00,
  0x00, 0x00, 0x00, 0x00, 0x00, 0x00, 0x00, 0x00, 0x00, 0x00, 0x00, 0x00,
  0x00, 0x00, 0x00, 0x00, 0x00, 0x00, 0x00, 0x00, 0x00, 0x00, 0x00, 0x00,
  0x00, 0x00, 0x00, 0x00, 0x00, 0x00, 0x00, 0x00, 0x00, 0x00, 0x00, 0x00,
  0x00, 0x00, 0x00, 0x00, 0x00, 0x00, 0x00, 0x00, 0x00, 0x00, 0x00, 0x00,
  0x00, 0x00, 0x00, 0x00, 0x00, 0x00, 0x00, 0x00, 0x00, 0x00, 0x00, 0x00,
  0x00, 0x00, 0x00, 0x00, 0x00, 0x00, 0x00, 0x00, 0x00, 0x00, 0x00, 0x00,
  0x00, 0x00, 0x00, 0x00, 0x00, 0x00, 0x00, 0x00, 0x00, 0x00, 0x00, 0x00,
  0x00, 0x00, 0x00, 0x00, 0x00, 0x00, 0x00, 0x00, 0x00, 0x00, 0x00, 0x00,
  0x00, 0x00, 0x00, 0x00, 0x00, 0x00, 0x00, 0x00, 0x00, 0x00, 0x00, 0x00,
  0x00, 0x00, 0x00, 0x00, 0x00, 0x00, 0x00, 0x00, 0x00, 0x00, 0x00, 0x00,
  0x00, 0x00, 0x00, 0x00, 0x00, 0x00, 0x00, 0x00, 0x00, 0x00, 0x00, 0x00,
  0x00, 0x00, 0x00, 0x00, 0x00, 0x00, 0x00, 0x00, 0x00, 0x00, 0x00, 0x00,
  0x00, 0x00, 0x00, 0x00, 0x00, 0x00, 0x00, 0x00, 0x00, 0x00, 0x00, 0x00,
  0x00, 0x00, 0x00, 0x00, 0x00, 0x00, 0x00, 0x00, 0x00, 0x00, 0x00, 0x00,
  0x00, 0x00, 0x00, 0x00, 0x00, 0x00, 0x00, 0x00, 0x00, 0x00, 0x00, 0x00,
  0x00, 0x00, 0x00, 0x00, 0x00, 0x00, 0x00, 0x00, 0x00, 0x00, 0x00, 0x00,
  0x00, 0x00, 0x00, 0x00, 0x00, 0x00, 0x00, 0x00, 0x00, 0x00, 0x00, 0x00,
  0x00, 0x00, 0x00, 0x00, 0x00, 0x00, 0x00, 0x00, 0x00, 0x00, 0x00, 0x00,
  0x00, 0x00, 0x00, 0x00, 0x00, 0x00, 0x00, 0x00, 0x00, 0x00, 0x00, 0x00,
  0x00, 0x00, 0x00, 0x00, 0x00, 0x00, 0x00, 0x00, 0x00, 0x00, 0x00, 0x00,
  0x00, 0x00, 0x00, 0x00, 0x00, 0x00, 0x00, 0x00, 0x30, 0x00, 0x00, 0x00,
  0x38, 0xa4, 0x9b, 0x39, 0x9b, 0x37, 0x40, 0x39, 0x2e, 0xc5, 0x29, 0x39,
  0x3d, 0x60, 0x52, 0x39, 0x6d, 0x98, 0x52, 0x39, 0x24, 0x49, 0x4b, 0x39,
  0x83, 0x9c, 0x7a, 0x39, 0x22, 0x46, 0xd2, 0x38, 0xda, 0x6d, 0x1b, 0x39,
  0x68, 0x0d, 0x23, 0x39, 0xf8, 0xe0, 0x73, 0x39, 0x68, 0xe3, 0x91, 0x39,
  0x8e, 0x7a, 0x62, 0x39, 0xcc, 0xc5, 0x2b, 0x39, 0xd2, 0x3c, 0x62, 0x39,
  0x4d, 0xd4, 0x22, 0x39, 0x72, 0xdb, 0x85, 0x39, 0xb4, 0xdc, 0x14, 0x39,
  0x9d, 0x17, 0xe0, 0x38, 0xcc, 0x09, 0x54, 0x39, 0x93, 0x52, 0x73, 0x39,
  0xf4, 0x7c, 0xab, 0x38, 0xd0, 0xbd, 0x37, 0x39, 0xd6, 0x26, 0x81, 0x39,
  0x82, 0x8b, 0xbc, 0x38, 0x3c, 0xcc, 0xef, 0x38, 0x78, 0x84, 0x55, 0x39,
  0xb3, 0x7d, 0x08, 0x39, 0xda, 0xe5, 0x24, 0x39, 0x1c, 0x86, 0x6c, 0x39,
  0xcf, 0x8a, 0xaa, 0x39, 0x8e, 0x9b, 0xed, 0x38, 0xa9, 0x66, 0xb5, 0x39,
  0xcb, 0x07, 0xe8, 0x38, 0xed, 0x80, 0x2b, 0x39, 0x90, 0x1f, 0x32, 0x39,
  0xe7, 0x6a, 0x12, 0x38, 0x6b, 0xa4, 0xd5, 0x38, 0xd6, 0xcb, 0x42, 0x39,
  0x68, 0x3e, 0x84, 0x38, 0x8e, 0x11, 0x5e, 0x39, 0x1e, 0x9c, 0xa3, 0x39,
  0x12, 0x61, 0x17, 0x39, 0x0c, 0x50, 0x53, 0x39, 0x8a, 0xe8, 0x61, 0x39,
  0x05, 0x44, 0x65, 0x39, 0x49, 0xf3, 0x77, 0x39, 0xbb, 0x0a, 0x1b, 0x39,
  0x2a, 0x00, 0x00, 0x00, 0x6d, 0x6f, 0x64, 0x65, 0x6c, 0x5f, 0x31, 0x2f,
  0x62, 0x6c, 0x6f, 0x63, 0x6b, 0x5f, 0x34, 0x5f, 0x65, 0x78, 0x70, 0x61,
  0x6e, 0x64, 0x5f, 0x42, 0x4e, 0x2f, 0x46, 0x75, 0x73, 0x65, 0x64, 0x42,
  0x61, 0x74, 0x63, 0x68, 0x4e, 0x6f, 0x72, 0x6d, 0x56, 0x33, 0x00, 0x00,
  0x01, 0x00, 0x00, 0x00, 0x30, 0x00, 0x00, 0x00, 0xa6, 0xe1, 0xff, 0xff,
  0x00, 0x00, 0x00, 0x01, 0x14, 0x00, 0x00, 0x00, 0x68, 0x02, 0x00, 0x00,
  0x12, 0x00, 0x00, 0x00, 0x00, 0x00, 0x00, 0x09, 0xd0, 0x02, 0x00, 0x00,
  0x72, 0xf3, 0xff, 0xff, 0x03, 0x00, 0x00, 0x00, 0x08, 0x00, 0x00, 0x00,
  0x88, 0x01, 0x00, 0x00, 0x30, 0x00, 0x00, 0x00, 0x00, 0x00, 0x00, 0x00,
  0x00, 0x00, 0x00, 0x00, 0x00, 0x00, 0x00, 0x00, 0x00, 0x00, 0x00, 0x00,
  0x00, 0x00, 0x00, 0x00, 0x00, 0x00, 0x00, 0x00, 0x00, 0x00, 0x00, 0x00,
  0x00, 0x00, 0x00, 0x00, 0x00, 0x00, 0x00, 0x00, 0x00, 0x00, 0x00, 0x00,
  0x00, 0x00, 0x00, 0x00, 0x00, 0x00, 0x00, 0x00, 0x00, 0x00, 0x00, 0x00,
  0x00, 0x00, 0x00, 0x00, 0x00, 0x00, 0x00, 0x00, 0x00, 0x00, 0x00, 0x00,
  0x00, 0x00, 0x00, 0x00, 0x00, 0x00, 0x00, 0x00, 0x00, 0x00, 0x00, 0x00,
  0x00, 0x00, 0x00, 0x00, 0x00, 0x00, 0x00, 0x00, 0x00, 0x00, 0x00, 0x00,
  0x00, 0x00, 0x00, 0x00, 0x00, 0x00, 0x00, 0x00, 0x00, 0x00, 0x00, 0x00,
  0x00, 0x00, 0x00, 0x00, 0x00, 0x00, 0x00, 0x00, 0x00, 0x00, 0x00, 0x00,
  0x00, 0x00, 0x00, 0x00, 0x00, 0x00, 0x00, 0x00, 0x00, 0x00, 0x00, 0x00,
  0x00, 0x00, 0x00, 0x00, 0x00, 0x00, 0x00, 0x00, 0x00, 0x00, 0x00, 0x00,
  0x00, 0x00, 0x00, 0x00, 0x00, 0x00, 0x00, 0x00, 0x00, 0x00, 0x00, 0x00,
  0x00, 0x00, 0x00, 0x00, 0x00, 0x00, 0x00, 0x00, 0x00, 0x00, 0x00, 0x00,
  0x00, 0x00, 0x00, 0x00, 0x00, 0x00, 0x00, 0x00, 0x00, 0x00, 0x00, 0x00,
  0x00, 0x00, 0x00, 0x00, 0x00, 0x00, 0x00, 0x00, 0x00, 0x00, 0x00, 0x00,
  0x00, 0x00, 0x00, 0x00, 0x00, 0x00, 0x00, 0x00, 0x00, 0x00, 0x00, 0x00,
  0x00, 0x00, 0x00, 0x00, 0x00, 0x00, 0x00, 0x00, 0x00, 0x00, 0x00, 0x00,
  0x00, 0x00, 0x00, 0x00, 0x00, 0x00, 0x00, 0x00, 0x00, 0x00, 0x00, 0x00,
  0x00, 0x00, 0x00, 0x00, 0x00, 0x00, 0x00, 0x00, 0x00, 0x00, 0x00, 0x00,
  0x00, 0x00, 0x00, 0x00, 0x00, 0x00, 0x00, 0x00, 0x00, 0x00, 0x00, 0x00,
  0x00, 0x00, 0x00, 0x00, 0x00, 0x00, 0x00, 0x00, 0x00, 0x00, 0x00, 0x00,
  0x00, 0x00, 0x00, 0x00, 0x00, 0x00, 0x00, 0x00, 0x00, 0x00, 0x00, 0x00,
  0x00, 0x00, 0x00, 0x00, 0x00, 0x00, 0x00, 0x00, 0x00, 0x00, 0x00, 0x00,
  0x00, 0x00, 0x00, 0x00, 0x00, 0x00, 0x00, 0x00, 0x00, 0x00, 0x00, 0x00,
  0x00, 0x00, 0x00, 0x00, 0x00, 0x00, 0x00, 0x00, 0x00, 0x00, 0x00, 0x00,
  0x00, 0x00, 0x00, 0x00, 0x00, 0x00, 0x00, 0x00, 0x00, 0x00, 0x00, 0x00,
  0x00, 0x00, 0x00, 0x00, 0x00, 0x00, 0x00, 0x00, 0x00, 0x00, 0x00, 0x00,
  0x00, 0x00, 0x00, 0x00, 0x00, 0x00, 0x00, 0x00, 0x00, 0x00, 0x00, 0x00,
  0x00, 0x00, 0x00, 0x00, 0x00, 0x00, 0x00, 0x00, 0x00, 0x00, 0x00, 0x00,
  0x00, 0x00, 0x00, 0x00, 0x00, 0x00, 0x00, 0x00, 0x00, 0x00, 0x00, 0x00,
  0x00, 0x00, 0x00, 0x00, 0x00, 0x00, 0x00, 0x00, 0x00, 0x00, 0x00, 0x00,
  0x00, 0x00, 0x00, 0x00, 0x00, 0x00, 0x00, 0x00, 0x30, 0x00, 0x00, 0x00,
  0xe8, 0xce, 0xbe, 0x3b, 0x7b, 0x79, 0x9c, 0x3b, 0xa2, 0xc8, 0x20, 0x3d,
  0x22, 0xa6, 0x2e, 0x3c, 0x80, 0xca, 0xe4, 0x3b, 0x7f, 0xf0, 0xdb, 0x3b,
  0x9a, 0xf5, 0xc0, 0x3b, 0x1e, 0x06, 0x93, 0x3c, 0x93, 0xf9, 0xa8, 0x3b,
  0xc3, 0x78, 0x78, 0x3c, 0x97, 0x5e, 0x19, 0x3c, 0xa2, 0xc7, 0xcf, 0x3b,
  0x2b, 0xf4, 0xf3, 0x3b, 0xd7, 0xfe, 0xb9, 0x3b, 0x77, 0xfb, 0x0d, 0x3c,
  0x21, 0x00, 0xb0, 0x3b, 0x19, 0x47, 0x56, 0x3b, 0xba, 0xff, 0x3e, 0x3b,
  0x89, 0xeb, 0xa8, 0x3c, 0x77, 0x79, 0x43, 0x3b, 0xc9, 0x3d, 0xc4, 0x3b,
  0x3f, 0xf5, 0x89, 0x3c, 0x9c, 0xb4, 0xe2, 0x3b, 0x9b, 0x31, 0x14, 0x3c,
  0xe7, 0xa8, 0x23, 0x3c, 0x60, 0x2d, 0x5c, 0x3c, 0x35, 0xf3, 0x38, 0x3c,
  0xcd, 0xdd, 0x25, 0x3c, 0x70, 0x57, 0x48, 0x3c, 0xbe, 0x25, 0x1f, 0x3c,
  0x0d, 0x6b, 0x9e, 0x3b, 0xa0, 0xb0, 0x95, 0x3b, 0x90, 0x38, 0xb8, 0x3b,
  0x1c, 0xa5, 0x0f, 0x3c, 0x74, 0x6e, 0x02, 0x3c, 0x32, 0x99, 0x9d, 0x3b,
  0xbe, 0x4f, 0x01, 0x3d, 0xde, 0xc6, 0xf8, 0x3b, 0x90, 0x70, 0xc2, 0x3b,
  0xd5, 0x79, 0xae, 0x3c, 0x28, 0x41, 0x07, 0x3c, 0x92, 0x82, 0xe0, 0x3b,
  0xa3, 0xe2, 0x15, 0x3c, 0xda, 0xd3, 0x13, 0x3c, 0x9c, 0x84, 0x2c, 0x3c,
  0x43, 0xe9, 0x9c, 0x3b, 0xcb, 0xc1, 0xbf, 0x3b, 0x6b, 0x21, 0x07, 0x3c,
  0x6f, 0x00, 0x00, 0x00, 0x6d, 0x6f, 0x64, 0x65, 0x6c, 0x5f, 0x31, 0x2f,
  0x62, 0x6c, 0x6f, 0x63, 0x6b, 0x5f, 0x34, 0x5f, 0x64, 0x65, 0x70, 0x74,
  0x68, 0x77, 0x69, 0x73, 0x65, 0x5f, 0x42, 0x4e, 0x2f, 0x46, 0x75, 0x73,
  0x65, 0x64, 0x42, 0x61, 0x74, 0x63, 0x68, 0x4e, 0x6f, 0x72, 0x6d, 0x56,
  0x33, 0x3b, 0x6d, 0x6f, 0x64, 0x65, 0x6c, 0x5f, 0x31, 0x2f, 0x62, 0x6c,
  0x6f, 0x63, 0x6b, 0x5f, 0x34, 0x5f, 0x64, 0x65, 0x70, 0x74, 0x68, 0x77,
  0x69, 0x73, 0x65, 0x2f, 0x64, 0x65, 0x70, 0x74, 0x68, 0x77, 0x69, 0x73,
  0x65, 0x3b, 0x6d, 0x6f, 0x64, 0x65, 0x6c, 0x5f, 0x31, 0x2f, 0x62, 0x6c,
  0x6f, 0x63, 0x6b, 0x5f, 0x36, 0x5f, 0x65, 0x78, 0x70, 0x61, 0x6e, 0x64,
  0x2f, 0x43, 0x6f, 0x6e, 0x76, 0x32, 0x44, 0x00, 0x04, 0x00, 0x00, 0x00,
  0x01, 0x00, 0x00, 0x00, 0x03, 0x00, 0x00, 0x00, 0x03, 0x00, 0x00, 0x00,
  0x30, 0x00, 0x00, 0x00, 0xa2, 0xe4, 0xff, 0xff, 0x00, 0x00, 0x00, 0x01,
  0x14, 0x00, 0x00, 0x00, 0x68, 0x02, 0x00, 0x00, 0x11, 0x00, 0x00, 0x00,
  0x00, 0x00, 0x00, 0x02, 0x90, 0x02, 0x00, 0x00, 0x8c, 0xe4, 0xff, 0xff,
  0x08, 0x00, 0x00, 0x00, 0x8c, 0x01, 0x00, 0x00, 0x30, 0x00, 0x00, 0x00,
  0x00, 0x00, 0x00, 0x00, 0x00, 0x00, 0x00, 0x00, 0x00, 0x00, 0x00, 0x00,
  0x00, 0x00, 0x00, 0x00, 0x00, 0x00, 0x00, 0x00, 0x00, 0x00, 0x00, 0x00,
  0x00, 0x00, 0x00, 0x00, 0x00, 0x00, 0x00, 0x00, 0x00, 0x00, 0x00, 0x00,
  0x00, 0x00, 0x00, 0x00, 0x00, 0x00, 0x00, 0x00, 0x00, 0x00, 0x00, 0x00,
  0x00, 0x00, 0x00, 0x00, 0x00, 0x00, 0x00, 0x00, 0x00, 0x00, 0x00, 0x00,
  0x00, 0x00, 0x00, 0x00, 0x00, 0x00, 0x00, 0x00, 0x00, 0x00, 0x00, 0x00,
  0x00, 0x00, 0x00, 0x00, 0x00, 0x00, 0x00, 0x00, 0x00, 0x00, 0x00, 0x00,
  0x00, 0x00, 0x00, 0x00, 0x00, 0x00, 0x00, 0x00, 0x00, 0x00, 0x00, 0x00,
  0x00, 0x00, 0x00, 0x00, 0x00, 0x00, 0x00, 0x00, 0x00, 0x00, 0x00, 0x00,
  0x00, 0x00, 0x00, 0x00, 0x00, 0x00, 0x00, 0x00, 0x00, 0x00, 0x00, 0x00,
  0x00, 0x00, 0x00, 0x00, 0x00, 0x00, 0x00, 0x00, 0x00, 0x00, 0x00, 0x00,
  0x00, 0x00, 0x00, 0x00, 0x00, 0x00, 0x00, 0x00, 0x00, 0x00, 0x00, 0x00,
  0x00, 0x00, 0x00, 0x00, 0x00, 0x00, 0x00, 0x00, 0x00, 0x00, 0x00, 0x00,
  0x00, 0x00, 0x00, 0x00, 0x00, 0x00, 0x00, 0x00, 0x00, 0x00, 0x00, 0x00,
  0x00, 0x00, 0x00, 0x00, 0x00, 0x00, 0x00, 0x00, 0x00, 0x00, 0x00, 0x00,
  0x00, 0x00, 0x00, 0x00, 0x00, 0x00, 0x00, 0x00, 0x00, 0x00, 0x00, 0x00,
  0x00, 0x00, 0x00, 0x00, 0x00, 0x00, 0x00, 0x00, 0x00, 0x00, 0x00, 0x00,
  0x00, 0x00, 0x00, 0x00, 0x00, 0x00, 0x00, 0x00, 0x00, 0x00, 0x00, 0x00,
  0x00, 0x00, 0x00, 0x00, 0x00, 0x00, 0x00, 0x00, 0x00, 0x00, 0x00, 0x00,
  0x00, 0x00, 0x00, 0x00, 0x00, 0x00, 0x00, 0x00, 0x00, 0x00, 0x00, 0x00,
  0x00, 0x00, 0x00, 0x00, 0x00, 0x00, 0x00, 0x00, 0x00, 0x00, 0x00, 0x00,
  0x00, 0x00, 0x00, 0x00, 0x00, 0x00, 0x00, 0x00, 0x00, 0x00, 0x00, 0x00,
  0x00, 0x00, 0x00, 0x00, 0x00, 0x00, 0x00, 0x00, 0x00, 0x00, 0x00, 0x00,
  0x00, 0x00, 0x00, 0x00, 0x00, 0x00, 0x00, 0x00, 0x00, 0x00, 0x00, 0x00,
  0x00, 0x00, 0x00, 0x00, 0x00, 0x00, 0x00, 0x00, 0x00, 0x00, 0x00, 0x00,
  0x00, 0x00, 0x00, 0x00, 0x00, 0x00, 0x00, 0x00, 0x00, 0x00, 0x00, 0x00,
  0x00, 0x00, 0x00, 0x00, 0x00, 0x00, 0x00, 0x00, 0x00, 0x00, 0x00, 0x00,
  0x00, 0x00, 0x00, 0x00, 0x00, 0x00, 0x00, 0x00, 0x00, 0x00, 0x00, 0x00,
  0x00, 0x00, 0x00, 0x00, 0x00, 0x00, 0x00, 0x00, 0x00, 0x00, 0x00, 0x00,
  0x00, 0x00, 0x00, 0x00, 0x00, 0x00, 0x00, 0x00, 0x00, 0x00, 0x00, 0x00,
  0x00, 0x00, 0x00, 0x00, 0x00, 0x00, 0x00, 0x00, 0x00, 0x00, 0x00, 0x00,
  0x00, 0x00, 0x00, 0x00, 0x00, 0x00, 0x00, 0x00, 0x00, 0x00, 0x00, 0x00,
  0x00, 0x00, 0x00, 0x00, 0x30, 0x00, 0x00, 0x00, 0xd9, 0xaa, 0x0f, 0x39,
  0xdb, 0xa1, 0xeb, 0x38, 0x12, 0x1f, 0x72, 0x3a, 0x1a, 0x80, 0x83, 0x39,
  0x24, 0x44, 0x2c, 0x39, 0xf9, 0x99, 0x25, 0x39, 0x7d, 0x49, 0x11, 0x39,
  0x94, 0x66, 0xdd, 0x39, 0xd2, 0x74, 0xfe, 0x38, 0xa8, 0x15, 0xbb, 0x39,
  0xd8, 0xf4, 0x66, 0x39, 0x2c, 0x72, 0x1c, 0x39, 0xcf, 0xae, 0x37, 0x39,
  0x2d, 0x0b, 0x0c, 0x39, 0x02, 0xcf, 0x55, 0x39, 0x9e, 0x84, 0x04, 0x39,
  0xaa, 0x56, 0xa1, 0x38, 0x9b, 0xcf, 0x8f, 0x38, 0xae, 0x5f, 0xfe, 0x39,
  0x48, 0x2e, 0x93, 0x38, 0x19, 0xc2, 0x13, 0x39, 0x9e, 0xbf, 0xcf, 0x39,
  0x27, 0xb2, 0x2a, 0x39, 0x92, 0x29, 0x5f, 0x39, 0xcf, 0x73, 0x76, 0x39,
  0xd0, 0xc7, 0xa5, 0x39, 0xaa, 0x41, 0x8b, 0x39, 0x7a, 0xc6, 0x79, 0x39,
  0x6d, 0xd8, 0x96, 0x39, 0x46, 0xa8, 0x6f, 0x39, 0x23, 0x8f, 0xee, 0x38,
  0x5b, 0x6a, 0xe1, 0x38, 0x21, 0xb5, 0x0a, 0x39, 0xfa, 0x4f, 0x58, 0x39,
  0x18, 0x6a, 0x44, 0x39, 0x1e, 0x53, 0xed, 0x38, 0x58, 0xba, 0x42, 0x3a,
  0x77, 0x50, 0x3b, 0x39, 0xd3, 0x66, 0x12, 0x39, 0xbf, 0x5e, 0x03, 0x3a,
  0x6a, 0xad, 0x4b, 0x39, 0xf9, 0x0a, 0x29, 0x39, 0xaa, 0xb5, 0x61, 0x39,
  0x64, 0x9c, 0x5e, 0x39, 0x5b, 0xe5, 0x81, 0x39, 0x2f, 0x4a, 0xec, 0x38,
  0xba, 0x61, 0x10, 0x39, 0x9e, 0x7d, 0x4b, 0x39, 0x2d, 0x00, 0x00, 0x00,
  0x6d, 0x6f, 0x64, 0x65, 0x6c, 0x5f, 0x31, 0x2f, 0x62, 0x6c, 0x6f, 0x63,
  0x6b, 0x5f, 0x34, 0x5f, 0x64, 0x65, 0x70, 0x74, 0x68, 0x77, 0x69, 0x73,
  0x65, 0x5f, 0x42, 0x4e, 0x2f, 0x46, 0x75, 0x73, 0x65, 0x64, 0x42, 0x61,
  0x74, 0x63, 0x68, 0x4e, 0x6f, 0x72, 0x6d, 0x56, 0x33, 0x00, 0x00, 0x00,
  0x01, 0x00, 0x00, 0x00, 0x30, 0x00, 0x00, 0x00, 0x52, 0xe7, 0xff, 0xff,
  0x00, 0x00, 0x00, 0x01, 0x14, 0x00, 0x00, 0x00, 0x84, 0x00, 0x00, 0x00,
  0x10, 0x00, 0x00, 0x00, 0x00, 0x00, 0x00, 0x09, 0x9c, 0x00, 0x00, 0x00,
  0x3c, 0xe7, 0xff, 0xff, 0x08, 0x00, 0x00, 0x00, 0x48, 0x00, 0x00, 0x00,
  0x08, 0x00, 0x00, 0x00, 0x00, 0x00, 0x00, 0x00, 0x00, 0x00, 0x00, 0x00,
  0x00, 0x00, 0x00, 0x00, 0x00, 0x00, 0x00, 0x00, 0x00, 0x00, 0x00, 0x00,
  0x00, 0x00, 0x00, 0x00, 0x00, 0x00, 0x00, 0x00, 0x00, 0x00, 0x00, 0x00,
  0x00, 0x00, 0x00, 0x00, 0x00, 0x00, 0x00, 0x00, 0x00, 0x00, 0x00, 0x00,
  0x00, 0x00, 0x00, 0x00, 0x00, 0x00, 0x00, 0x00, 0x00, 0x00, 0x00, 0x00,
  0x00, 0x00, 0x00, 0x00, 0x00, 0x00, 0x00, 0x00, 0x08, 0x00, 0x00, 0x00,
  0x3d, 0xd5, 0xda, 0x3b, 0x15, 0x96, 0x52, 0x3b, 0xe2, 0xe6, 0x2e, 0x3b,
  0x86, 0x59, 0x49, 0x3b, 0x2c, 0x16, 0x4d, 0x3b, 0x02, 0x39, 0x3a, 0x3b,
  0xd6, 0xe7, 0x3d, 0x3b, 0xdf, 0xdc, 0x55, 0x3b, 0x1e, 0x00, 0x00, 0x00,
  0x6d, 0x6f, 0x64, 0x65, 0x6c, 0x5f, 0x31, 0x2f, 0x62, 0x6c, 0x6f, 0x63,
  0x6b, 0x5f, 0x34, 0x5f, 0x70, 0x72, 0x6f, 0x6a, 0x65, 0x63, 0x74, 0x2f,
  0x43, 0x6f, 0x6e, 0x76, 0x32, 0x44, 0x00, 0x00, 0x04, 0x00, 0x00, 0x00,
  0x08, 0x00, 0x00, 0x00, 0x01, 0x00, 0x00, 0x00, 0x01, 0x00, 0x00, 0x00,
  0x30, 0x00, 0x00, 0x00, 0x1a, 0xe8, 0xff, 0xff, 0x00, 0x00, 0x00, 0x01,
  0x14, 0x00, 0x00, 0x00, 0x84, 0x00, 0x00, 0x00, 0x0f, 0x00, 0x00, 0x00,
  0x00, 0x00, 0x00, 0x02, 0xa8, 0x00, 0x00, 0x00, 0x04, 0xe8, 0xff, 0xff,
  0x08, 0x00, 0x00, 0x00, 0x48, 0x00, 0x00, 0x00, 0x08, 0x00, 0x00, 0x00,
  0x00, 0x00, 0x00, 0x00, 0x00, 0x00, 0x00, 0x00, 0x00, 0x00, 0x00, 0x00,
  0x00, 0x00, 0x00, 0x00, 0x00, 0x00, 0x00, 0x00, 0x00, 0x00, 0x00, 0x00,
  0x00, 0x00, 0x00, 0x00, 0x00, 0x00, 0x00, 0x00, 0x00, 0x00, 0x00, 0x00,
  0x00, 0x00, 0x00, 0x00, 0x00, 0x00, 0x00, 0x00, 0x00, 0x00, 0x00, 0x00,
  0x00, 0x00, 0x00, 0x00, 0x00, 0x00, 0x00, 0x00, 0x00, 0x00, 0x00, 0x00,
  0x00, 0x00, 0x00, 0x00, 0x08, 0x00, 0x00, 0x00, 0xb3, 0xc4, 0x24, 0x39,
  0x1f, 0x8f, 0x9e, 0x38, 0xdb, 0xb0, 0x83, 0x38, 0xbf, 0x9a, 0x97, 0x38,
  0x0c, 0x6b, 0x9a, 0x38, 0xf9, 0x36, 0x8c, 0x38, 0xde, 0xfc, 0x8e, 0x38,
  0xae, 0x06, 0xa1, 0x38, 0x2b, 0x00, 0x00, 0x00, 0x6d, 0x6f, 0x64, 0x65,
  0x6c, 0x5f, 0x31, 0x2f, 0x62, 0x6c, 0x6f, 0x63, 0x6b, 0x5f, 0x34, 0x5f,
  0x70, 0x72, 0x6f, 0x6a, 0x65, 0x63, 0x74, 0x5f, 0x42, 0x4e, 0x2f, 0x46,
  0x75, 0x73, 0x65, 0x64, 0x42, 0x61, 0x74, 0x63, 0x68, 0x4e, 0x6f, 0x72,
  0x6d, 0x56, 0x33, 0x00, 0x01, 0x00, 0x00, 0x00, 0x08, 0x00, 0x00, 0x00,
  0xe2, 0xe8, 0xff, 0xff, 0x00, 0x00, 0x00, 0x01, 0x14, 0x00, 0x00, 0x00,
  0x64, 0x02, 0x00, 0x00, 0x0e, 0x00, 0x00, 0x00, 0x00, 0x00, 0x00, 0x09,
  0x7c, 0x02, 0x00, 0x00, 0xcc, 0xe8, 0xff, 0xff, 0x08, 0x00, 0x00, 0x00,
  0x88, 0x01, 0x00, 0x00, 0x30, 0x00, 0x00, 0x00, 0x00, 0x00, 0x00, 0x00,
  0x00, 0x00, 0x00, 0x00, 0x00, 0x00, 0x00, 0x00, 0x00, 0x00, 0x00, 0x00,
  0x00, 0x00, 0x00, 0x00, 0x00, 0x00, 0x00, 0x00, 0x00, 0x00, 0x00, 0x00,
  0x00, 0x00, 0x00, 0x00, 0x00, 0x00, 0x00, 0x00, 0x00, 0x00, 0x00, 0x00,
  0x00, 0x00, 0x00, 0x00, 0x00, 0x00, 0x00, 0x00, 0x00, 0x00, 0x00, 0x00,
  0x00, 0x00, 0x00, 0x00, 0x00, 0x00, 0x00, 0x00, 0x00, 0x00, 0x00, 0x00,
  0x00, 0x00, 0x00, 0x00, 0x00, 0x00, 0x00, 0x00, 0x00, 0x00, 0x00, 0x00,
  0x00, 0x00, 0x00, 0x00, 0x00, 0x00, 0x00, 0x00, 0x00, 0x00, 0x00, 0x00,
  0x00, 0x00, 0x00, 0x00, 0x00, 0x00, 0x00, 0x00, 0x00, 0x00, 0x00, 0x00,
  0x00, 0x00, 0x00, 0x00, 0x00, 0x00, 0x00, 0x00, 0x00, 0x00, 0x00, 0x00,
  0x00, 0x00, 0x00, 0x00, 0x00, 0x00, 0x00, 0x00, 0x00, 0x00, 0x00, 0x00,
  0x00, 0x00, 0x00, 0x00, 0x00, 0x00, 0x00, 0x00, 0x00, 0x00, 0x00, 0x00,
  0x00, 0x00, 0x00, 0x00, 0x00, 0x00, 0x00, 0x00, 0x00, 0x00, 0x00, 0x00,
  0x00, 0x00, 0x00, 0x00, 0x00, 0x00, 0x00, 0x00, 0x00, 0x00, 0x00, 0x00,
  0x00, 0x00, 0x00, 0x00, 0x00, 0x00, 0x00, 0x00, 0x00, 0x00, 0x00, 0x00,
  0x00, 0x00, 0x00, 0x00, 0x00, 0x00, 0x00, 0x00, 0x00, 0x00, 0x00, 0x00,
  0x00, 0x00, 0x00, 0x00, 0x00, 0x00, 0x00, 0x00, 0x00, 0x00, 0x00, 0x00,
  0x00, 0x00, 0x00, 0x00, 0x00, 0x00, 0x00, 0x00, 0x00, 0x00, 0x00, 0x00,
  0x00, 0x00, 0x00, 0x00, 0x00, 0x00, 0x00, 0x00, 0x00, 0x00, 0x00, 0x00,
  0x00, 0x00, 0x00, 0x00, 0x00, 0x00, 0x00, 0x00, 0x00, 0x00, 0x00, 0x00,
  0x00, 0x00, 0x00, 0x00, 0x00, 0x00, 0x00, 0x00, 0x00, 0x00, 0x00, 0x00,
  0x00, 0x00, 0x00, 0x00, 0x00, 0x00, 0x00, 0x00, 0x00, 0x00, 0x00, 0x00,
  0x00, 0x00, 0x00, 0x00, 0x00, 0x00, 0x00, 0x00, 0x00, 0x00, 0x00, 0x00,
  0x00, 0x00, 0x00, 0x00, 0x00, 0x00, 0x00, 0x00, 0x00, 0x00, 0x00, 0x00,
  0x00, 0x00, 0x00, 0x00, 0x00, 0x00, 0x00, 0x00, 0x00, 0x00, 0x00, 0x00,
  0x00, 0x00, 0x00, 0x00, 0x00, 0x00, 0x00, 0x00, 0x00, 0x00, 0x00, 0x00,
  0x00, 0x00, 0x00, 0x00, 0x00, 0x00, 0x00, 0x00, 0x00, 0x00, 0x00, 0x00,
  0x00, 0x00, 0x00, 0x00, 0x00, 0x00, 0x00, 0x00, 0x00, 0x00, 0x00, 0x00,
  0x00, 0x00, 0x00, 0x00, 0x00, 0x00, 0x00, 0x00, 0x00, 0x00, 0x00, 0x00,
  0x00, 0x00, 0x00, 0x00, 0x00, 0x00, 0x00, 0x00, 0x00, 0x00, 0x00, 0x00,
  0x00, 0x00, 0x00, 0x00, 0x00, 0x00, 0x00, 0x00, 0x00, 0x00, 0x00, 0x00,
  0x00, 0x00, 0x00, 0x00, 0x00, 0x00, 0x00, 0x00, 0x00, 0x00, 0x00, 0x00,
  0x00, 0x00, 0x00, 0x00, 0x00, 0x00, 0x00, 0x00, 0x30, 0x00, 0x00, 0x00,
  0x19, 0x83, 0xfb, 0x39, 0xc5, 0x93, 0x03, 0x3b, 0x13, 0x5d, 0x40, 0x3b,
  0xb9, 0x0d, 0x31, 0x3b, 0xa3, 0x38, 0x0c, 0x3b, 0x07, 0x87, 0x5a, 0x3b,
  0x36, 0xd6, 0x33, 0x3b, 0x7a, 0xa3, 0x0e, 0x3b, 0x8f, 0x36, 0x1c, 0x3b,
  0xfc, 0xaa, 0x28, 0x3b, 0x15, 0xd3, 0xc4, 0x3a, 0xf6, 0x4e, 0x56, 0x3b,
  0x72, 0x2a, 0xfb, 0x3a, 0x12, 0xa7, 0x33, 0x3b, 0x98, 0x45, 0xd1, 0x3a,
  0xc4, 0x74, 0x36, 0x3b, 0x31, 0x2e, 0x15, 0x3b, 0x2b, 0xfd, 0x25, 0x3b,
  0x94, 0xea, 0x02, 0x3b, 0xa2, 0xa8, 0x3b, 0x3b, 0x87, 0x24, 0x62, 0x3b,
  0x22, 0x97, 0x36, 0x3b, 0xd6, 0x4c, 0x36, 0x3b, 0xde, 0xfb, 0xec, 0x3a,
  0x27, 0x40, 0x0d, 0x3b, 0xd3, 0x33, 0x41, 0x3b, 0xc1, 0x38, 0x3f, 0x3b,
  0xe1, 0x56, 0xb7, 0x3a, 0x19, 0x75, 0x37, 0x3b, 0x4e, 0xab, 0xe3, 0x3a,
  0x85, 0x08, 0x31, 0x3b, 0x6d, 0xcd, 0x18, 0x3b, 0xf7, 0xf9, 0x6d, 0x3b,
  0x43, 0x6c, 0x0e, 0x3b, 0x01, 0xdf, 0x18, 0x3b, 0xf9, 0x28, 0x3d, 0x3b,
  0x27, 0x48, 0x73, 0x3b, 0x9e, 0xed, 0x00, 0x3b, 0x76, 0xe4, 0x8f, 0x3b,
  0x41, 0x81, 0x3b, 0x3b, 0xa9, 0x41, 0xa8, 0x3a, 0x33, 0xf3, 0x54, 0x3b,
  0xac, 0x70, 0x8c, 0x3a, 0x80, 0xd1, 0x1d, 0x3b, 0xea, 0xc9, 0x6f, 0x3b,
  0x6a, 0xf2, 0x18, 0x3b, 0x36, 0x48, 0x40, 0x3b, 0xb8, 0x28, 0x5a, 0x3b,
  0x1d, 0x00, 0x00, 0x00, 0x6d, 0x6f, 0x64, 0x65, 0x6c, 0x5f, 0x31, 0x2f,
  0x62, 0x6c, 0x6f, 0x63, 0x6b, 0x5f, 0x35, 0x5f, 0x65, 0x78, 0x70, 0x61,
  0x6e, 0x64, 0x2f, 0x43, 0x6f, 0x6e, 0x76, 0x32, 0x44, 0x00, 0x00, 0x00,
  0x04, 0x00, 0x00, 0x00, 0x30, 0x00, 0x00, 0x00, 0x01, 0x00, 0x00, 0x00,
  0x01, 0x00, 0x00, 0x00, 0x08, 0x00, 0x00, 0x00, 0x8a, 0xeb, 0xff, 0xff,
  0x00, 0x00, 0x00, 0x01, 0x14, 0x00, 0x00, 0x00, 0x64, 0x02, 0x00, 0x00,
  0x0d, 0x00, 0x00, 0x00, 0x00, 0x00, 0x00, 0x02, 0x88, 0x02, 0x00, 0x00,
  0x74, 0xeb, 0xff, 0xff, 0x08, 0x00, 0x00, 0x00, 0x88, 0x01, 0x00, 0x00,
  0x30, 0x00, 0x00, 0x00, 0x00, 0x00, 0x00, 0x00, 0x00, 0x00, 0x00, 0x00,
  0x00, 0x00, 0x00, 0x00, 0x00, 0x00, 0x00, 0x00, 0x00, 0x00, 0x00, 0x00,
  0x00, 0x00, 0x00, 0x00, 0x00, 0x00, 0x00, 0x00, 0x00, 0x00, 0x00, 0x00,
  0x00, 0x00, 0x00, 0x00, 0x00, 0x00, 0x00, 0x00, 0x00, 0x00, 0x00, 0x00,
  0x00, 0x00, 0x00, 0x00, 0x00, 0x00, 0x00, 0x00, 0x00, 0x00, 0x00, 0x00,
  0x00, 0x00, 0x00, 0x00, 0x00, 0x00, 0x00, 0x00, 0x00, 0x00, 0x00, 0x00,
  0x00, 0x00, 0x00, 0x00, 0x00, 0x00, 0x00, 0x00, 0x00, 0x00, 0x00, 0x00,
  0x00, 0x00, 0x00, 0x00, 0x00, 0x00, 0x00, 0x00, 0x00, 0x00, 0x00, 0x00,
  0x00, 0x00, 0x00, 0x00, 0x00, 0x00, 0x00, 0x00, 0x00, 0x00, 0x00, 0x00,
  0x00, 0x00, 0x00, 0x00, 0x00, 0x00, 0x00, 0x00, 0x00, 0x00, 0x00, 0x00,
  0x00, 0x00, 0x00, 0x00, 0x00, 0x00, 0x00, 0x00, 0x00, 0x00, 0x00, 0x00,
  0x00, 0x00, 0x00, 0x00, 0x00, 0x00, 0x00, 0x00, 0x00, 0x00, 0x00, 0x00,
  0x00, 0x00, 0x00, 0x00, 0x00, 0x00, 0x00, 0x00, 0x00, 0x00, 0x00, 0x00,
  0x00, 0x00, 0x00, 0x00, 0x00, 0x00, 0x00, 0x00, 0x00, 0x00, 0x00, 0x00,
  0x00, 0x00, 0x00, 0x00, 0x00, 0x00, 0x00, 0x00, 0x00, 0x00, 0x00, 0x00,
  0x00, 0x00, 0x00, 0x00, 0x00, 0x00, 0x00, 0x00, 0x00, 0x00, 0x00, 0x00,
  0x00, 0x00, 0x00, 0x00, 0x00, 0x00, 0x00, 0x00, 0x00, 0x00, 0x00, 0x00,
  0x00, 0x00, 0x00, 0x00, 0x00, 0x00, 0x00, 0x00, 0x00, 0x00, 0x00, 0x00,
  0x00, 0x00, 0x00, 0x00, 0x00, 0x00, 0x00, 0x00, 0x00, 0x00, 0x00, 0x00,
  0x00, 0x00, 0x00, 0x00, 0x00, 0x00, 0x00, 0x00, 0x00, 0x00, 0x00, 0x00,
  0x00, 0x00, 0x00, 0x00, 0x00, 0x00, 0x00, 0x00, 0x00, 0x00, 0x00, 0x00,
  0x00, 0x00, 0x00, 0x00, 0x00, 0x00, 0x00, 0x00, 0x00, 0x00, 0x00, 0x00,
  0x00, 0x00, 0x00, 0x00, 0x00, 0x00, 0x00, 0x00, 0x00, 0x00, 0x00, 0x00,
  0x00, 0x00, 0x00, 0x00, 0x00, 0x00, 0x00, 0x00, 0x00, 0x00, 0x00, 0x00,
  0x00, 0x00, 0x00, 0x00, 0x00, 0x00, 0x00, 0x00, 0x00, 0x00, 0x00, 0x00,
  0x00, 0x00, 0x00, 0x00, 0x00, 0x00, 0x00, 0x00, 0x00, 0x00, 0x00, 0x00,
  0x00, 0x00, 0x00, 0x00, 0x00, 0x00, 0x00, 0x00, 0x00, 0x00, 0x00, 0x00,
  0x00, 0x00, 0x00, 0x00, 0x00, 0x00, 0x00, 0x00, 0x00, 0x00, 0x00, 0x00,
  0x00, 0x00, 0x00, 0x00, 0x00, 0x00, 0x00, 0x00, 0x00, 0x00, 0x00, 0x00,
  0x00, 0x00, 0x00, 0x00, 0x00, 0x00, 0x00, 0x00, 0x00, 0x00, 0x00, 0x00,
  0x00, 0x00, 0x00, 0x00, 0x00, 0x00, 0x00, 0x00, 0x00, 0x00, 0x00, 0x00,
  0x00, 0x00, 0x00, 0x00, 0x00, 0x00, 0x00, 0x00, 0x00, 0x00, 0x00, 0x00,
  0x00, 0x00, 0x00, 0x00, 0x30, 0x00, 0x00, 0x00, 0x28, 0x27, 0x23, 0x38,
  0x89, 0xb4, 0x2a, 0x39, 0x69, 0x91, 0x79, 0x39, 0x89, 0xb4, 0x65, 0x39,
  0x75, 0xeb, 0x35, 0x39, 0x97, 0xc1, 0x8d, 0x39, 0xe6, 0x50, 0x69, 0x39,
  0x53, 0x0e, 0x39, 0x39, 0xd1, 0xaa, 0x4a, 0x39, 0x68, 0xd3, 0x5a, 0x39,
  0x06, 0x5b, 0xff, 0x38, 0xf6, 0x04, 0x8b, 0x39, 0xa6, 0xed, 0x22, 0x39,
  0xbd, 0x13, 0x69, 0x39, 0x90, 0xc0, 0x07, 0x39, 0xdc, 0xb6, 0x6c, 0x39,
  0x10, 0x8b, 0x41, 0x39, 0xa5, 0x59, 0x57, 0x39, 0x08, 0xd9, 0x29, 0x39,
  0xcb, 0x76, 0x73, 0x39, 0x35, 0xb2, 0x92, 0x39, 0x73, 0xe3, 0x6c, 0x39,
  0x0f, 0x83, 0x6c, 0x39, 0x89, 0xba, 0x19, 0x39, 0x56, 0x41, 0x37, 0x39,
  0x05, 0xa8, 0x7a, 0x39, 0x29, 0x16, 0x78, 0x39, 0x37, 0xdc, 0xed, 0x38,
  0x6c, 0x03, 0x6e, 0x39, 0xb3, 0xaf, 0x13, 0x39, 0xc8, 0xad, 0x65, 0x39,
  0x09, 0x3e, 0x46, 0x39, 0x5e, 0x5f, 0x9a, 0x39, 0xb1, 0xc6, 0x38, 0x39,
  0xd7, 0x54, 0x46, 0x39, 0x6e, 0x69, 0x75, 0x39, 0x68, 0xd0, 0x9d, 0x39,
  0xb7, 0x44, 0x27, 0x39, 0xc3, 0xae, 0xba, 0x39, 0xb5, 0x43, 0x73, 0x39,
  0xc3, 0x4a, 0xda, 0x38, 0x5f, 0x23, 0x8a, 0x39, 0x28, 0x34, 0xb6, 0x38,
  0xf6, 0xbf, 0x4c, 0x39, 0x53, 0x8c, 0x9b, 0x39, 0x06, 0x6e, 0x46, 0x39,
  0x57, 0x76, 0x79, 0x39, 0x69, 0x84, 0x8d, 0x39, 0x2a, 0x00, 0x00, 0x00,
  0x6d, 0x6f, 0x64, 0x65, 0x6c, 0x5f, 0x31, 0x2f, 0x62, 0x6c, 0x6f, 0x63,
  0x6b, 0x5f, 0x35, 0x5f, 0x65, 0x78, 0x70, 0x61, 0x6e, 0x64, 0x5f, 0x42,
  0x4e, 0x2f, 0x46, 0x75, 0x73, 0x65, 0x64, 0x42, 0x61, 0x74, 0x63, 0x68,
  0x4e, 0x6f, 0x72, 0x6d, 0x56, 0x33, 0x00, 0x00, 0x01, 0x00, 0x00, 0x00,
  0x30, 0x00, 0x00, 0x00, 0x32, 0xee, 0xff, 0xff, 0x00, 0x00, 0x00, 0x01,
  0x28, 0x00, 0x00, 0x00, 0x7c, 0x02, 0x00, 0x00, 0x0c, 0x00, 0x00, 0x00,
  0x00, 0x00, 0x00, 0x09, 0xe4, 0x02, 0x00, 0x00, 0x00, 0x00, 0x12, 0x00,
  0x10, 0x00, 0x00, 0x00, 0x00, 0x00, 0x0c, 0x00, 0x08, 0x00, 0x00, 0x00,
  0x00, 0x00, 0x04, 0x00, 0x12, 0x00, 0x00, 0x00, 0x03, 0x00, 0x00, 0x00,
  0x08, 0x00, 0x00, 0x00, 0x88, 0x01, 0x00, 0x00, 0x30, 0x00, 0x00, 0x00,
  0x00, 0x00, 0x00, 0x00, 0x00, 0x00, 0x00, 0x00, 0x00, 0x00, 0x00, 0x00,
  0x00, 0x00, 0x00, 0x00, 0x00, 0x00, 0x00, 0x00, 0x00, 0x00, 0x00, 0x00,
  0x00, 0x00, 0x00, 0x00, 0x00, 0x00, 0x00, 0x00, 0x00, 0x00, 0x00, 0x00,
  0x00, 0x00, 0x00, 0x00, 0x00, 0x00, 0x00, 0x00, 0x00, 0x00, 0x00, 0x00,
  0x00, 0x00, 0x00, 0x00, 0x00, 0x00, 0x00, 0x00, 0x00, 0x00, 0x00, 0x00,
  0x00, 0x00, 0x00, 0x00, 0x00, 0x00, 0x00, 0x00, 0x00, 0x00, 0x00, 0x00,
  0x00, 0x00, 0x00, 0x00, 0x00, 0x00, 0x00, 0x00, 0x00, 0x00, 0x00, 0x00,
  0x00, 0x00, 0x00, 0x00, 0x00, 0x00, 0x00, 0x00, 0x00, 0x00, 0x00, 0x00,
  0x00, 0x00, 0x00, 0x00, 0x00, 0x00, 0x00, 0x00, 0x00, 0x00, 0x00, 0x00,
  0x00, 0x00, 0x00, 0x00, 0x00, 0x00, 0x00, 0x00, 0x00, 0x00, 0x00, 0x00,
  0x00, 0x00, 0x00, 0x00, 0x00, 0x00, 0x00, 0x00, 0x00, 0x00, 0x00, 0x00,
  0x00, 0x00, 0x00, 0x00, 0x00, 0x00, 0x00, 0x00, 0x00, 0x00, 0x00, 0x00,
  0x00, 0x00, 0x00, 0x00, 0x00, 0x00, 0x00, 0x00, 0x00, 0x00, 0x00, 0x00,
  0x00, 0x00, 0x00, 0x00, 0x00, 0x00, 0x00, 0x00, 0x00, 0x00, 0x00, 0x00,
  0x00, 0x00, 0x00, 0x00, 0x00, 0x00, 0x00, 0x00, 0x00, 0x00, 0x00, 0x00,
  0x00, 0x00, 0x00, 0x00, 0x00, 0x00, 0x00, 0x00, 0x00, 0x00, 0x00, 0x00,
  0x00, 0x00, 0x00, 0x00, 0x00, 0x00, 0x00, 0x00, 0x00, 0x00, 0x00, 0x00,
  0x00, 0x00, 0x00, 0x00, 0x00, 0x00, 0x00, 0x00, 0x00, 0x00, 0x00, 0x00,
  0x00, 0x00, 0x00, 0x00, 0x00, 0x00, 0x00, 0x00, 0x00, 0x00, 0x00, 0x00,
  0x00, 0x00, 0x00, 0x00, 0x00, 0x00, 0x00, 0x00, 0x00, 0x00, 0x00, 0x00,
  0x00, 0x00, 0x00, 0x00, 0x00, 0x00, 0x00, 0x00, 0x00, 0x00, 0x00, 0x00,
  0x00, 0x00, 0x00, 0x00, 0x00, 0x00, 0x00, 0x00, 0x00, 0x00, 0x00, 0x00,
  0x00, 0x00, 0x00, 0x00, 0x00, 0x00, 0x00, 0x00, 0x00, 0x00, 0x00, 0x00,
  0x00, 0x00, 0x00, 0x00, 0x00, 0x00, 0x00, 0x00, 0x00, 0x00, 0x00, 0x00,
  0x00, 0x00, 0x00, 0x00, 0x00, 0x00, 0x00, 0x00, 0x00, 0x00, 0x00, 0x00,
  0x00, 0x00, 0x00, 0x00, 0x00, 0x00, 0x00, 0x00, 0x00, 0x00, 0x00, 0x00,
  0x00, 0x00, 0x00, 0x00, 0x00, 0x00, 0x00, 0x00, 0x00, 0x00, 0x00, 0x00,
  0x00, 0x00, 0x00, 0x00, 0x00, 0x00, 0x00, 0x00, 0x00, 0x00, 0x00, 0x00,
  0x00, 0x00, 0x00, 0x00, 0x00, 0x00, 0x00, 0x00, 0x00, 0x00, 0x00, 0x00,
  0x00, 0x00, 0x00, 0x00, 0x00, 0x00, 0x00, 0x00, 0x00, 0x00, 0x00, 0x00,
  0x00, 0x00, 0x00, 0x00, 0x00, 0x00, 0x00, 0x00, 0x00, 0x00, 0x00, 0x00,
  0x00, 0x00, 0x00, 0x00, 0x00, 0x00, 0x00, 0x00, 0x00, 0x00, 0x00, 0x00,
  0x30, 0x00, 0x00, 0x00, 0xef, 0x90, 0x3d, 0x3c, 0x33, 0xed, 0xf8, 0x3b,
  0x26, 0x13, 0xc2, 0x3b, 0xe7, 0x8d, 0xb7, 0x3b, 0xcd, 0x9a, 0x1a, 0x3c,
  0x35, 0x20, 0x9f, 0x3b, 0x7f, 0x47, 0x27, 0x3c, 0x59, 0x65, 0xaa, 0x3b,
  0x7f, 0x38, 0xfa, 0x3b, 0x19, 0x0b, 0xd2, 0x3c, 0x19, 0xa0, 0x57, 0x3c,
  0x3b, 0x25, 0x4c, 0x3b, 0x78, 0x76, 0x53, 0x3c, 0x4a, 0x1d, 0x4d, 0x3b,
  0x55, 0x90, 0xb2, 0x3b, 0xb5, 0xf8, 0xef, 0x3b, 0xcb, 0x9f, 0xd1, 0x3b,
  0xcb, 0x05, 0x41, 0x3c, 0x07, 0x4c, 0xf2, 0x3b, 0xeb, 0xf4, 0x11, 0x3c,
  0x36, 0x88, 0x88, 0x3b, 0x2c, 0x66, 0xfc, 0x3b, 0xda, 0xdf, 0x13, 0x3c,
  0xe1, 0x07, 0x04, 0x3c, 0xf3, 0xe6, 0x1c, 0x3c, 0xb8, 0xe5, 0x32, 0x3c,
  0x65, 0x31, 0x27, 0x3c, 0x92, 0x7d, 0x87, 0x3c, 0x23, 0x6a, 0x93, 0x3b,
  0x21, 0xa7, 0xbd, 0x3b, 0x6b, 0x74, 0xfc, 0x3b, 0xdc, 0xaa, 0x00, 0x3c,
  0xa1, 0x3a, 0x80, 0x3b, 0x2e, 0x8c, 0x4e, 0x3c, 0x2f, 0x04, 0xec, 0x3b,
  0x2e, 0xc3, 0x83, 0x3b, 0x77, 0x70, 0x1a, 0x3c, 0xf5, 0x3e, 0x9a, 0x3b,
  0x0a, 0xd7, 0x4b, 0x3b, 0x15, 0x31, 0x8b, 0x3b, 0x38, 0xbe, 0x60, 0x3c,
  0x6a, 0x91, 0xbc, 0x3b, 0xba, 0x8b, 0x1b, 0x3c, 0x6d, 0x18, 0x0c, 0x3c,
  0x41, 0x98, 0xd2, 0x3b, 0x4e, 0xe2, 0xac, 0x3b, 0x8c, 0xfb, 0x0d, 0x3c,
  0x75, 0xaa, 0xec, 0x3b, 0x6f, 0x00, 0x00, 0x00, 0x6d, 0x6f, 0x64, 0x65,
  0x6c, 0x5f, 0x31, 0x2f, 0x62, 0x6c, 0x6f, 0x63, 0x6b, 0x5f, 0x35, 0x5f,
  0x64, 0x65, 0x70, 0x74, 0x68, 0x77, 0x69, 0x73, 0x65, 0x5f, 0x42, 0x4e,
  0x2f, 0x46, 0x75, 0x73, 0x65, 0x64, 0x42, 0x61, 0x74, 0x63, 0x68, 0x4e,
  0x6f, 0x72, 0x6d, 0x56, 0x33, 0x3b, 0x6d, 0x6f, 0x64, 0x65, 0x6c, 0x5f,
  0x31, 0x2f, 0x62, 0x6c, 0x6f, 0x63, 0x6b, 0x5f, 0x35, 0x5f, 0x64, 0x65,
  0x70, 0x74, 0x68, 0x77, 0x69, 0x73, 0x65, 0x2f, 0x64, 0x65, 0x70, 0x74,
  0x68, 0x77, 0x69, 0x73, 0x65, 0x3b, 0x6d, 0x6f, 0x64, 0x65, 0x6c, 0x5f,
  0x31, 0x2f, 0x62, 0x6c, 0x6f, 0x63, 0x6b, 0x5f, 0x36, 0x5f, 0x65, 0x78,
  0x70, 0x61, 0x6e, 0x64, 0x2f, 0x43, 0x6f, 0x6e, 0x76, 0x32, 0x44, 0x00,
  0x04, 0x00, 0x00, 0x00, 0x01, 0x00, 0x00, 0x00, 0x03, 0x00, 0x00, 0x00,
  0x03, 0x00, 0x00, 0x00, 0x30, 0x00, 0x00, 0x00, 0x42, 0xf1, 0xff, 0xff,
  0x00, 0x00, 0x00, 0x01, 0x14, 0x00, 0x00, 0x00, 0x68, 0x02, 0x00, 0x00,
  0x0b, 0x00, 0x00, 0x00, 0x00, 0x00, 0x00, 0x02, 0x90, 0x02, 0x00, 0x00,
  0x2c, 0xf1, 0xff, 0xff, 0x08, 0x00, 0x00, 0x00, 0x8c, 0x01, 0x00, 0x00,
  0x30, 0x00, 0x00, 0x00, 0x00, 0x00, 0x00, 0x00, 0x00, 0x00, 0x00, 0x00,
  0x00, 0x00, 0x00, 0x00, 0x00, 0x00, 0x00, 0x00, 0x00, 0x00, 0x00, 0x00,
  0x00, 0x00, 0x00, 0x00, 0x00, 0x00, 0x00, 0x00, 0x00, 0x00, 0x00, 0x00,
  0x00, 0x00, 0x00, 0x00, 0x00, 0x00, 0x00, 0x00, 0x00, 0x00, 0x00, 0x00,
  0x00, 0x00, 0x00, 0x00, 0x00, 0x00, 0x00, 0x00, 0x00, 0x00, 0x00, 0x00,
  0x00, 0x00, 0x00, 0x00, 0x00, 0x00, 0x00, 0x00, 0x00, 0x00, 0x00, 0x00,
  0x00, 0x00, 0x00, 0x00, 0x00, 0x00, 0x00, 0x00, 0x00, 0x00, 0x00, 0x00,
  0x00, 0x00, 0x00, 0x00, 0x00, 0x00, 0x00, 0x00, 0x00, 0x00, 0x00, 0x00,
  0x00, 0x00, 0x00, 0x00, 0x00, 0x00, 0x00, 0x00, 0x00, 0x00, 0x00, 0x00,
  0x00, 0x00, 0x00, 0x00, 0x00, 0x00, 0x00, 0x00, 0x00, 0x00, 0x00, 0x00,
  0x00, 0x00, 0x00, 0x00, 0x00, 0x00, 0x00, 0x00, 0x00, 0x00, 0x00, 0x00,
  0x00, 0x00, 0x00, 0x00, 0x00, 0x00, 0x00, 0x00, 0x00, 0x00, 0x00, 0x00,
  0x00, 0x00, 0x00, 0x00, 0x00, 0x00, 0x00, 0x00, 0x00, 0x00, 0x00, 0x00,
  0x00, 0x00, 0x00, 0x00, 0x00, 0x00, 0x00, 0x00, 0x00, 0x00, 0x00, 0x00,
  0x00, 0x00, 0x00, 0x00, 0x00, 0x00, 0x00, 0x00, 0x00, 0x00, 0x00, 0x00,
  0x00, 0x00, 0x00, 0x00, 0x00, 0x00, 0x00, 0x00, 0x00, 0x00, 0x00, 0x00,
  0x00, 0x00, 0x00, 0x00, 0x00, 0x00, 0x00, 0x00, 0x00, 0x00, 0x00, 0x00,
  0x00, 0x00, 0x00, 0x00, 0x00, 0x00, 0x00, 0x00, 0x00, 0x00, 0x00, 0x00,
  0x00, 0x00, 0x00, 0x00, 0x00, 0x00, 0x00, 0x00, 0x00, 0x00, 0x00, 0x00,
  0x00, 0x00, 0x00, 0x00, 0x00, 0x00, 0x00, 0x00, 0x00, 0x00, 0x00, 0x00,
  0x00, 0x00, 0x00, 0x00, 0x00, 0x00, 0x00, 0x00, 0x00, 0x00, 0x00, 0x00,
  0x00, 0x00, 0x00, 0x00, 0x00, 0x00, 0x00, 0x00, 0x00, 0x00, 0x00, 0x00,
  0x00, 0x00, 0x00, 0x00, 0x00, 0x00, 0x00, 0x00, 0x00, 0x00, 0x00, 0x00,
  0x00, 0x00, 0x00, 0x00, 0x00, 0x00, 0x00, 0x00, 0x00, 0x00, 0x00, 0x00,
  0x00, 0x00, 0x00, 0x00, 0x00, 0x00, 0x00, 0x00, 0x00, 0x00, 0x00, 0x00,
  0x00, 0x00, 0x00, 0x00, 0x00, 0x00, 0x00, 0x00, 0x00, 0x00, 0x00, 0x00,
  0x00, 0x00, 0x00, 0x00, 0x00, 0x00, 0x00, 0x00, 0x00, 0x00, 0x00, 0x00,
  0x00, 0x00, 0x00, 0x00, 0x00, 0x00, 0x00, 0x00, 0x00, 0x00, 0x00, 0x00,
  0x00, 0x00, 0x00, 0x00, 0x00, 0x00, 0x00, 0x00, 0x00, 0x00, 0x00, 0x00,
  0x00, 0x00, 0x00, 0x00, 0x00, 0x00, 0x00, 0x00, 0x00, 0x00, 0x00, 0x00,
  0x00, 0x00, 0x00, 0x00, 0x00, 0x00, 0x00, 0x00, 0x00, 0x00, 0x00, 0x00,
  0x00, 0x00, 0x00, 0x00, 0x00, 0x00, 0x00, 0x00, 0x00, 0x00, 0x00, 0x00,
  0x00, 0x00, 0x00, 0x00, 0x00, 0x00, 0x00, 0x00, 0x30, 0x00, 0x00, 0x00,
  0x44, 0xbf, 0x8a, 0x39, 0xb5, 0x31, 0x36, 0x39, 0x0f, 0x0c, 0x0e, 0x39,
  0xd2, 0x58, 0x06, 0x39, 0xfb, 0x50, 0x62, 0x39, 0x3c, 0xef, 0xe8, 0x38,
  0xb1, 0xde, 0x74, 0x39, 0x9e, 0x6e, 0xf9, 0x38, 0x30, 0x24, 0x37, 0x39,
  0x1b, 0xbc, 0x19, 0x3a, 0x05, 0xd2, 0x9d, 0x39, 0x01, 0x6b, 0x95, 0x38,
  0x11, 0xc6, 0x9a, 0x39, 0x91, 0x20, 0x96, 0x38, 0xbe, 0xb1, 0x02, 0x39,
  0xc9, 0xa3, 0x2f, 0x39, 0x92, 0x6d, 0x19, 0x39, 0xe9, 0x46, 0x8d, 0x39,
  0x83, 0x57, 0x31, 0x39, 0x36, 0xa8, 0x55, 0x39, 0x66, 0xdc, 0xc7, 0x38,
  0x5d, 0xbc, 0x38, 0x39, 0xdc, 0x76, 0x58, 0x39, 0x92, 0x45, 0x41, 0x39,
  0xef, 0xad, 0x65, 0x39, 0x3d, 0xf0, 0x82, 0x39, 0x56, 0xbe, 0x74, 0x39,
  0x14, 0x56, 0xc6, 0x39, 0x8b, 0xca, 0xd7, 0x38, 0x83, 0xcf, 0x0a, 0x39,
  0xca, 0xc6, 0x38, 0x39, 0x2d, 0x59, 0x3c, 0x39, 0xe4, 0xb4, 0xbb, 0x38,
  0x19, 0x2d, 0x97, 0x39, 0xb4, 0xbe, 0x2c, 0x39, 0x02, 0xe1, 0xc0, 0x38,
  0x02, 0x13, 0x62, 0x39, 0x89, 0xca, 0xe1, 0x38, 0xc7, 0x31, 0x95, 0x38,
  0x16, 0xc1, 0xcb, 0x38, 0x68, 0x7e, 0xa4, 0x39, 0x3f, 0x04, 0x0a, 0x39,
  0xa8, 0xb1, 0x63, 0x39, 0xbc, 0x13, 0x4d, 0x39, 0x6c, 0x23, 0x1a, 0x39,
  0x05, 0x13, 0xfd, 0x38, 0xf2, 0xd6, 0x4f, 0x39, 0x66, 0x38, 0x2d, 0x39,
  0x2d, 0x00, 0x00, 0x00, 0x6d, 0x6f, 0x64, 0x65, 0x6c, 0x5f, 0x31, 0x2f,
  0x62, 0x6c, 0x6f, 0x63, 0x6b, 0x5f, 0x35, 0x5f, 0x64, 0x65, 0x70, 0x74,
  0x68, 0x77, 0x69, 0x73, 0x65, 0x5f, 0x42, 0x4e, 0x2f, 0x46, 0x75, 0x73,
  0x65, 0x64, 0x42, 0x61, 0x74, 0x63, 0x68, 0x4e, 0x6f, 0x72, 0x6d, 0x56,
  0x33, 0x00, 0x00, 0x00, 0x01, 0x00, 0x00, 0x00, 0x30, 0x00, 0x00, 0x00,
  0xf2, 0xf3, 0xff, 0xff, 0x00, 0x00, 0x00, 0x01, 0x14, 0x00, 0x00, 0x00,
  0x84, 0x00, 0x00, 0x00, 0x0a, 0x00, 0x00, 0x00, 0x00, 0x00, 0x00, 0x09,
  0x9c, 0x00, 0x00, 0x00, 0xdc, 0xf3, 0xff, 0xff, 0x08, 0x00, 0x00, 0x00,
  0x48, 0x00, 0x00, 0x00, 0x08, 0x00, 0x00, 0x00, 0x00, 0x00, 0x00, 0x00,
  0x00, 0x00, 0x00, 0x00, 0x00, 0x00, 0x00, 0x00, 0x00, 0x00, 0x00, 0x00,
  0x00, 0x00, 0x00, 0x00, 0x00, 0x00, 0x00, 0x00, 0x00, 0x00, 0x00, 0x00,
  0x00, 0x00, 0x00, 0x00, 0x00, 0x00, 0x00, 0x00, 0x00, 0x00, 0x00, 0x00,
  0x00, 0x00, 0x00, 0x00, 0x00, 0x00, 0x00, 0x00, 0x00, 0x00, 0x00, 0x00,
  0x00, 0x00, 0x00, 0x00, 0x00, 0x00, 0x00, 0x00, 0x00, 0x00, 0x00, 0x00,
  0x08, 0x00, 0x00, 0x00, 0x87, 0x78, 0xc9, 0x3b, 0xfb, 0x86, 0x10, 0x3c,
  0x6e, 0x51, 0x81, 0x3b, 0x76, 0x2f, 0xb0, 0x3b, 0xbd, 0xcf, 0x79, 0x3b,
  0x9e, 0xfb, 0xc5, 0x3b, 0x2c, 0xac, 0x90, 0x3b, 0xf1, 0x17, 0xb7, 0x3b,
  0x1e, 0x00, 0x00, 0x00, 0x6d, 0x6f, 0x64, 0x65, 0x6c, 0x5f, 0x31, 0x2f,
  0x62, 0x6c, 0x6f, 0x63, 0x6b, 0x5f, 0x35, 0x5f, 0x70, 0x72, 0x6f, 0x6a,
  0x65, 0x63, 0x74, 0x2f, 0x43, 0x6f, 0x6e, 0x76, 0x32, 0x44, 0x00, 0x00,
  0x04, 0x00, 0x00, 0x00, 0x08, 0x00, 0x00, 0x00, 0x01, 0x00, 0x00, 0x00,
  0x01, 0x00, 0x00, 0x00, 0x30, 0x00, 0x00, 0x00, 0xba, 0xf4, 0xff, 0xff,
  0x00, 0x00, 0x00, 0x01, 0x14, 0x00, 0x00, 0x00, 0x84, 0x00, 0x00, 0x00,
  0x09, 0x00, 0x00, 0x00, 0x00, 0x00, 0x00, 0x02, 0xa8, 0x00, 0x00, 0x00,
  0xa4, 0xf4, 0xff, 0xff, 0x08, 0x00, 0x00, 0x00, 0x48, 0x00, 0x00, 0x00,
  0x08, 0x00, 0x00, 0x00, 0x00, 0x00, 0x00, 0x00, 0x00, 0x00, 0x00, 0x00,
  0x00, 0x00, 0x00, 0x00, 0x00, 0x00, 0x00, 0x00, 0x00, 0x00, 0x00, 0x00,
  0x00, 0x00, 0x00, 0x00, 0x00, 0x00, 0x00, 0x00, 0x00, 0x00, 0x00, 0x00,
  0x00, 0x00, 0x00, 0x00, 0x00, 0x00, 0x00, 0x00, 0x00, 0x00, 0x00, 0x00,
  0x00, 0x00, 0x00, 0x00, 0x00, 0x00, 0x00, 0x00, 0x00, 0x00, 0x00, 0x00,
  0x00, 0x00, 0x00, 0x00, 0x00, 0x00, 0x00, 0x00, 0x08, 0x00, 0x00, 0x00,
  0x18, 0xb2, 0x17, 0x39, 0x1d, 0xa4, 0x59, 0x39, 0xe2, 0xbc, 0xc2, 0x38,
  0x41, 0xa8, 0x04, 0x39, 0xe6, 0x17, 0xbc, 0x38, 0xc8, 0x11, 0x15, 0x39,
  0x1e, 0xdc, 0xd9, 0x38, 0xd1, 0xdb, 0x09, 0x39, 0x2b, 0x00, 0x00, 0x00,
  0x6d, 0x6f, 0x64, 0x65, 0x6c, 0x5f, 0x31, 0x2f, 0x62, 0x6c, 0x6f, 0x63,
  0x6b, 0x5f, 0x35, 0x5f, 0x70, 0x72, 0x6f, 0x6a, 0x65, 0x63, 0x74, 0x5f,
  0x42, 0x4e, 0x2f, 0x46, 0x75, 0x73, 0x65, 0x64, 0x42, 0x61, 0x74, 0x63,
  0x68, 0x4e, 0x6f, 0x72, 0x6d, 0x56, 0x33, 0x00, 0x01, 0x00, 0x00, 0x00,
  0x08, 0x00, 0x00, 0x00, 0x82, 0xf5, 0xff, 0xff, 0x00, 0x00, 0x00, 0x01,
  0x14, 0x00, 0x00, 0x00, 0x64, 0x02, 0x00, 0x00, 0x08, 0x00, 0x00, 0x00,
  0x00, 0x00, 0x00, 0x09, 0x7c, 0x02, 0x00, 0x00, 0x6c, 0xf5, 0xff, 0xff,
  0x08, 0x00, 0x00, 0x00, 0x88, 0x01, 0x00, 0x00, 0x30, 0x00, 0x00, 0x00,
  0x00, 0x00, 0x00, 0x00, 0x00, 0x00, 0x00, 0x00, 0x00, 0x00, 0x00, 0x00,
  0x00, 0x00, 0x00, 0x00, 0x00, 0x00, 0x00, 0x00, 0x00, 0x00, 0x00, 0x00,
  0x00, 0x00, 0x00, 0x00, 0x00, 0x00, 0x00, 0x00, 0x00, 0x00, 0x00, 0x00,
  0x00, 0x00, 0x00, 0x00, 0x00, 0x00, 0x00, 0x00, 0x00, 0x00, 0x00, 0x00,
  0x00, 0x00, 0x00, 0x00, 0x00, 0x00, 0x00, 0x00, 0x00, 0x00, 0x00, 0x00,
  0x00, 0x00, 0x00, 0x00, 0x00, 0x00, 0x00, 0x00, 0x00, 0x00, 0x00, 0x00,
  0x00, 0x00, 0x00, 0x00, 0x00, 0x00, 0x00, 0x00, 0x00, 0x00, 0x00, 0x00,
  0x00, 0x00, 0x00, 0x00, 0x00, 0x00, 0x00, 0x00, 0x00, 0x00, 0x00, 0x00,
  0x00, 0x00, 0x00, 0x00, 0x00, 0x00, 0x00, 0x00, 0x00, 0x00, 0x00, 0x00,
  0x00, 0x00, 0x00, 0x00, 0x00, 0x00, 0x00, 0x00, 0x00, 0x00, 0x00, 0x00,
  0x00, 0x00, 0x00, 0x00, 0x00, 0x00, 0x00, 0x00, 0x00, 0x00, 0x00, 0x00,
  0x00, 0x00, 0x00, 0x00, 0x00, 0x00, 0x00, 0x00, 0x00, 0x00, 0x00, 0x00,
  0x00, 0x00, 0x00, 0x00, 0x00, 0x00, 0x00, 0x00, 0x00, 0x00, 0x00, 0x00,
  0x00, 0x00, 0x00, 0x00, 0x00, 0x00, 0x00, 0x00, 0x00, 0x00, 0x00, 0x00,
  0x00, 0x00, 0x00, 0x00, 0x00, 0x00, 0x00, 0x00, 0x00, 0x00, 0x00, 0x00,
  0x00, 0x00, 0x00, 0x00, 0x00, 0x00, 0x00, 0x00, 0x00, 0x00, 0x00, 0x00,
  0x00, 0x00, 0x00, 0x00, 0x00, 0x00, 0x00, 0x00, 0x00, 0x00, 0x00, 0x00,
  0x00, 0x00, 0x00, 0x00, 0x00, 0x00, 0x00, 0x00, 0x00, 0x00, 0x00, 0x00,
  0x00, 0x00, 0x00, 0x00, 0x00, 0x00, 0x00, 0x00, 0x00, 0x00, 0x00, 0x00,
  0x00, 0x00, 0x00, 0x00, 0x00, 0x00, 0x00, 0x00, 0x00, 0x00, 0x00, 0x00,
  0x00, 0x00, 0x00, 0x00, 0x00, 0x00, 0x00, 0x00, 0x00, 0x00, 0x00, 0x00,
  0x00, 0x00, 0x00, 0x00, 0x00, 0x00, 0x00, 0x00, 0x00, 0x00, 0x00, 0x00,
  0x00, 0x00, 0x00, 0x00, 0x00, 0x00, 0x00, 0x00, 0x00, 0x00, 0x00, 0x00,
  0x00, 0x00, 0x00, 0x00, 0x00, 0x00, 0x00, 0x00, 0x00, 0x00, 0x00, 0x00,
  0x00, 0x00, 0x00, 0x00, 0x00, 0x00, 0x00, 0x00, 0x00, 0x00, 0x00, 0x00,
  0x00, 0x00, 0x00, 0x00, 0x00, 0x00, 0x00, 0x00, 0x00, 0x00, 0x00, 0x00,
  0x00, 0x00, 0x00, 0x00, 0x00, 0x00, 0x00, 0x00, 0x00, 0x00, 0x00, 0x00,
  0x00, 0x00, 0x00, 0x00, 0x00, 0x00, 0x00, 0x00, 0x00, 0x00, 0x00, 0x00,
  0x00, 0x00, 0x00, 0x00, 0x00, 0x00, 0x00, 0x00, 0x00, 0x00, 0x00, 0x00,
  0x00, 0x00, 0x00, 0x00, 0x00, 0x00, 0x00, 0x00, 0x00, 0x00, 0x00, 0x00,
  0x00, 0x00, 0x00, 0x00, 0x00, 0x00, 0x00, 0x00, 0x00, 0x00, 0x00, 0x00,
  0x00, 0x00, 0x00, 0x00, 0x00, 0x00, 0x00, 0x00, 0x00, 0x00, 0x00, 0x00,
  0x30, 0x00, 0x00, 0x00, 0xbd, 0x2a, 0x3d, 0x3b, 0xd8, 0x1c, 0x71, 0x3b,
  0x2a, 0x9d, 0x14, 0x3b, 0xa9, 0x00, 0x1a, 0x3b, 0x7b, 0xac, 0xf0, 0x3a,
  0x88, 0x95, 0x0c, 0x3b, 0xe0, 0x78, 0xea, 0x3a, 0x70, 0xa0, 0x09, 0x3b,
  0xe2, 0x79, 0xf0, 0x3a, 0xb7, 0x9f, 0x3e, 0x3b, 0x07, 0x2a, 0x32, 0x3b,
  0x62, 0x92, 0xc9, 0x3a, 0xe5, 0xfa, 0x25, 0x3b, 0xc5, 0x6b, 0xd6, 0x3a,
  0x8a, 0x28, 0x9b, 0x3a, 0x22, 0xaa, 0x0e, 0x3b, 0x70, 0xd5, 0x04, 0x3b,
  0xf6, 0x3b, 0x97, 0x3a, 0x75, 0x6a, 0x0e, 0x3b, 0x0d, 0x52, 0xf9, 0x3a,
  0x98, 0xfb, 0x24, 0x3b, 0x49, 0x0a, 0x71, 0x3a, 0x43, 0x9a, 0x0e, 0x3a,
  0xc4, 0x32, 0x75, 0x3b, 0xdf, 0xf0, 0x4a, 0x3b, 0x36, 0x7e, 0x07, 0x3b,
  0x28, 0xf4, 0x43, 0x3b, 0x3e, 0x1f, 0x2e, 0x3b, 0xd1, 0xef, 0x1f, 0x3b,
  0xec, 0x7e, 0x0b, 0x3b, 0xe2, 0xcf, 0x0a, 0x3b, 0x25, 0xc6, 0xd9, 0x3a,
  0x69, 0x94, 0x07, 0x3b, 0x63, 0x75, 0x18, 0x3b, 0x3b, 0xc4, 0x8b, 0x3a,
  0xeb, 0x47, 0x25, 0x3b, 0xf5, 0xcc, 0xe0, 0x3a, 0x39, 0x99, 0x28, 0x3b,
  0x23, 0xbd, 0x43, 0x3b, 0xb7, 0x04, 0x4e, 0x3b, 0x58, 0xad, 0xcc, 0x3a,
  0xa6, 0x5f, 0x80, 0x3b, 0x07, 0x36, 0xbe, 0x3a, 0x77, 0xdb, 0x75, 0x3b,
  0x74, 0x0c, 0x4d, 0x3b, 0x99, 0xf3, 0x16, 0x3b, 0xbe, 0x1f, 0x9c, 0x3b,
  0x69, 0x8d, 0x18, 0x3b, 0x1d, 0x00, 0x00, 0x00, 0x6d, 0x6f, 0x64, 0x65,
  0x6c, 0x5f, 0x31, 0x2f, 0x62, 0x6c, 0x6f, 0x63, 0x6b, 0x5f, 0x36, 0x5f,
  0x65, 0x78, 0x70, 0x61, 0x6e, 0x64, 0x2f, 0x43, 0x6f, 0x6e, 0x76, 0x32,
  0x44, 0x00, 0x00, 0x00, 0x04, 0x00, 0x00, 0x00, 0x30, 0x00, 0x00, 0x00,
  0x01, 0x00, 0x00, 0x00, 0x01, 0x00, 0x00, 0x00, 0x08, 0x00, 0x00, 0x00,
  0x2a, 0xf8, 0xff, 0xff, 0x00, 0x00, 0x00, 0x01, 0x14, 0x00, 0x00, 0x00,
  0x64, 0x02, 0x00, 0x00, 0x07, 0x00, 0x00, 0x00, 0x00, 0x00, 0x00, 0x02,
  0x88, 0x02, 0x00, 0x00, 0x14, 0xf8, 0xff, 0xff, 0x08, 0x00, 0x00, 0x00,
  0x88, 0x01, 0x00, 0x00, 0x30, 0x00, 0x00, 0x00, 0x00, 0x00, 0x00, 0x00,
  0x00, 0x00, 0x00, 0x00, 0x00, 0x00, 0x00, 0x00, 0x00, 0x00, 0x00, 0x00,
  0x00, 0x00, 0x00, 0x00, 0x00, 0x00, 0x00, 0x00, 0x00, 0x00, 0x00, 0x00,
  0x00, 0x00, 0x00, 0x00, 0x00, 0x00, 0x00, 0x00, 0x00, 0x00, 0x00, 0x00,
  0x00, 0x00, 0x00, 0x00, 0x00, 0x00, 0x00, 0x00, 0x00, 0x00, 0x00, 0x00,
  0x00, 0x00, 0x00, 0x00, 0x00, 0x00, 0x00, 0x00, 0x00, 0x00, 0x00, 0x00,
  0x00, 0x00, 0x00, 0x00, 0x00, 0x00, 0x00, 0x00, 0x00, 0x00, 0x00, 0x00,
  0x00, 0x00, 0x00, 0x00, 0x00, 0x00, 0x00, 0x00, 0x00, 0x00, 0x00, 0x00,
  0x00, 0x00, 0x00, 0x00, 0x00, 0x00, 0x00, 0x00, 0x00, 0x00, 0x00, 0x00,
  0x00, 0x00, 0x00, 0x00, 0x00, 0x00, 0x00, 0x00, 0x00, 0x00, 0x00, 0x00,
  0x00, 0x00, 0x00, 0x00, 0x00, 0x00, 0x00, 0x00, 0x00, 0x00, 0x00, 0x00,
  0x00, 0x00, 0x00, 0x00, 0x00, 0x00, 0x00, 0x00, 0x00, 0x00, 0x00, 0x00,
  0x00, 0x00, 0x00, 0x00, 0x00, 0x00, 0x00, 0x00, 0x00, 0x00, 0x00, 0x00,
  0x00, 0x00, 0x00, 0x00, 0x00, 0x00, 0x00, 0x00, 0x00, 0x00, 0x00, 0x00,
  0x00, 0x00, 0x00, 0x00, 0x00, 0x00, 0x00, 0x00, 0x00, 0x00, 0x00, 0x00,
  0x00, 0x00, 0x00, 0x00, 0x00, 0x00, 0x00, 0x00, 0x00, 0x00, 0x00, 0x00,
  0x00, 0x00, 0x00, 0x00, 0x00, 0x00, 0x00, 0x00, 0x00, 0x00, 0x00, 0x00,
  0x00, 0x00, 0x00, 0x00, 0x00, 0x00, 0x00, 0x00, 0x00, 0x00, 0x00, 0x00,
  0x00, 0x00, 0x00, 0x00, 0x00, 0x00, 0x00, 0x00, 0x00, 0x00, 0x00, 0x00,
  0x00, 0x00, 0x00, 0x00, 0x00, 0x00, 0x00, 0x00, 0x00, 0x00, 0x00, 0x00,
  0x00, 0x00, 0x00, 0x00, 0x00, 0x00, 0x00, 0x00, 0x00, 0x00, 0x00, 0x00,
  0x00, 0x00, 0x00, 0x00, 0x00, 0x00, 0x00, 0x00, 0x00, 0x00, 0x00, 0x00,
  0x00, 0x00, 0x00, 0x00, 0x00, 0x00, 0x00, 0x00, 0x00, 0x00, 0x00, 0x00,
  0x00, 0x00, 0x00, 0x00, 0x00, 0x00, 0x00, 0x00, 0x00, 0x00, 0x00, 0x00,
  0x00, 0x00, 0x00, 0x00, 0x00, 0x00, 0x00, 0x00, 0x00, 0x00, 0x00, 0x00,
  0x00, 0x00, 0x00, 0x00, 0x00, 0x00, 0x00, 0x00, 0x00, 0x00, 0x00, 0x00,
  0x00, 0x00, 0x00, 0x00, 0x00, 0x00, 0x00, 0x00, 0x00, 0x00, 0x00, 0x00,
  0x00, 0x00, 0x00, 0x00, 0x00, 0x00, 0x00, 0x00, 0x00, 0x00, 0x00, 0x00,
  0x00, 0x00, 0x00, 0x00, 0x00, 0x00, 0x00, 0x00, 0x00, 0x00, 0x00, 0x00,
  0x00, 0x00, 0x00, 0x00, 0x00, 0x00, 0x00, 0x00, 0x00, 0x00, 0x00, 0x00,
  0x00, 0x00, 0x00, 0x00, 0x00, 0x00, 0x00, 0x00, 0x00, 0x00, 0x00, 0x00,
  0x00, 0x00, 0x00, 0x00, 0x00, 0x00, 0x00, 0x00, 0x00, 0x00, 0x00, 0x00,
  0x00, 0x00, 0x00, 0x00, 0x00, 0x00, 0x00, 0x00, 0x30, 0x00, 0x00, 0x00,
  0xfd, 0x88, 0x9d, 0x39, 0x6e, 0xcb, 0xc8, 0x39, 0xc4, 0x86, 0x77, 0x39,
  0x34, 0x40, 0x80, 0x39, 0xdb, 0x6d, 0x48, 0x39, 0xf9, 0x26, 0x6a, 0x39,
  0xb9, 0x43, 0x43, 0x39, 0xfc, 0x39, 0x65, 0x39, 0xb8, 0x43, 0x48, 0x39,
  0x98, 0xbf, 0x9e, 0x39, 0x47, 0x5f, 0x94, 0x39, 0x9c, 0xdd, 0x27, 0x39,
  0xb7, 0x39, 0x8a, 0x39, 0xf5, 0x90, 0x32, 0x39, 0x9c, 0x36, 0x01, 0x39,
  0x0e, 0x9e, 0x6d, 0x39, 0x55, 0x3e, 0x5d, 0x39, 0x06, 0xe4, 0xfb, 0x38,
  0x00, 0x34, 0x6d, 0x39, 0x48, 0xa1, 0x4f, 0x39, 0x1b, 0x65, 0x89, 0x39,
  0xf9, 0xbb, 0xc8, 0x38, 0x9f, 0x83, 0x6d, 0x38, 0x75, 0x32, 0xcc, 0x39,
  0x7e, 0x01, 0xa9, 0x39, 0x35, 0xac, 0x61, 0x39, 0xe1, 0x2f, 0xa3, 0x39,
  0x86, 0x01, 0x91, 0x39, 0x55, 0x31, 0x85, 0x39, 0xee, 0x56, 0x68, 0x39,
  0x64, 0x33, 0x67, 0x39, 0xcc, 0x5b, 0x35, 0x39, 0x2e, 0xd1, 0x61, 0x39,
  0x0e, 0xee, 0x7d, 0x39, 0x5e, 0xca, 0xe8, 0x38, 0xaa, 0xa4, 0x89, 0x39,
  0xd2, 0x35, 0x3b, 0x39, 0xf4, 0x67, 0x8c, 0x39, 0x0f, 0x02, 0xa3, 0x39,
  0x98, 0x91, 0xab, 0x39, 0xa4, 0x73, 0x2a, 0x39, 0x9b, 0xd0, 0xd5, 0x39,
  0x95, 0x67, 0x1e, 0x39, 0xf2, 0xbe, 0xcc, 0x39, 0xd9, 0xc2, 0xaa, 0x39,
  0x7f, 0x6b, 0x7b, 0x39, 0x7a, 0x04, 0x02, 0x3a, 0x11, 0x16, 0x7e, 0x39,
  0x2a, 0x00, 0x00, 0x00, 0x6d, 0x6f, 0x64, 0x65, 0x6c, 0x5f, 0x31, 0x2f,
  0x62, 0x6c, 0x6f, 0x63, 0x6b, 0x5f, 0x36, 0x5f, 0x65, 0x78, 0x70, 0x61,
  0x6e, 0x64, 0x5f, 0x42, 0x4e, 0x2f, 0x46, 0x75, 0x73, 0x65, 0x64, 0x42,
  0x61, 0x74, 0x63, 0x68, 0x4e, 0x6f, 0x72, 0x6d, 0x56, 0x33, 0x00, 0x00,
  0x01, 0x00, 0x00, 0x00, 0x30, 0x00, 0x00, 0x00, 0xd2, 0xfa, 0xff, 0xff,
  0x00, 0x00, 0x00, 0x01, 0x14, 0x00, 0x00, 0x00, 0xa8, 0x01, 0x00, 0x00,
  0x06, 0x00, 0x00, 0x00, 0x00, 0x00, 0x00, 0x09, 0xb4, 0x01, 0x00, 0x00,
  0xbc, 0xfa, 0xff, 0xff, 0x08, 0x00, 0x00, 0x00, 0x0c, 0x01, 0x00, 0x00,
  0x20, 0x00, 0x00, 0x00, 0x00, 0x00, 0x00, 0x00, 0x00, 0x00, 0x00, 0x00,
  0x00, 0x00, 0x00, 0x00, 0x00, 0x00, 0x00, 0x00, 0x00, 0x00, 0x00, 0x00,
  0x00, 0x00, 0x00, 0x00, 0x00, 0x00, 0x00, 0x00, 0x00, 0x00, 0x00, 0x00,
  0x00, 0x00, 0x00, 0x00, 0x00, 0x00, 0x00, 0x00, 0x00, 0x00, 0x00, 0x00,
  0x00, 0x00, 0x00, 0x00, 0x00, 0x00, 0x00, 0x00, 0x00, 0x00, 0x00, 0x00,
  0x00, 0x00, 0x00, 0x00, 0x00, 0x00, 0x00, 0x00, 0x00, 0x00, 0x00, 0x00,
  0x00, 0x00, 0x00, 0x00, 0x00, 0x00, 0x00, 0x00, 0x00, 0x00, 0x00, 0x00,
  0x00, 0x00, 0x00, 0x00, 0x00, 0x00, 0x00, 0x00, 0x00, 0x00, 0x00, 0x00,
  0x00, 0x00, 0x00, 0x00, 0x00, 0x00, 0x00, 0x00, 0x00, 0x00, 0x00, 0x00,
  0x00, 0x00, 0x00, 0x00, 0x00, 0x00, 0x00, 0x00, 0x00, 0x00, 0x00, 0x00,
  0x00, 0x00, 0x00, 0x00, 0x00, 0x00, 0x00, 0x00, 0x00, 0x00, 0x00, 0x00,
  0x00, 0x00, 0x00, 0x00, 0x00, 0x00, 0x00, 0x00, 0x00, 0x00, 0x00, 0x00,
  0x00, 0x00, 0x00, 0x00, 0x00, 0x00, 0x00, 0x00, 0x00, 0x00, 0x00, 0x00,
  0x00, 0x00, 0x00, 0x00, 0x00, 0x00, 0x00, 0x00, 0x00, 0x00, 0x00, 0x00,
  0x00, 0x00, 0x00, 0x00, 0x00, 0x00, 0x00, 0x00, 0x00, 0x00, 0x00, 0x00,
  0x00, 0x00, 0x00, 0x00, 0x00, 0x00, 0x00, 0x00, 0x00, 0x00, 0x00, 0x00,
  0x00, 0x00, 0x00, 0x00, 0x00, 0x00, 0x00, 0x00, 0x00, 0x00, 0x00, 0x00,
  0x00, 0x00, 0x00, 0x00, 0x00, 0x00, 0x00, 0x00, 0x00, 0x00, 0x00, 0x00,
  0x00, 0x00, 0x00, 0x00, 0x00, 0x00, 0x00, 0x00, 0x00, 0x00, 0x00, 0x00,
  0x00, 0x00, 0x00, 0x00, 0x00, 0x00, 0x00, 0x00, 0x00, 0x00, 0x00, 0x00,
  0x00, 0x00, 0x00, 0x00, 0x00, 0x00, 0x00, 0x00, 0x00, 0x00, 0x00, 0x00,
  0x00, 0x00, 0x00, 0x00, 0x00, 0x00, 0x00, 0x00, 0x00, 0x00, 0x00, 0x00,
  0x20, 0x00, 0x00, 0x00, 0xf1, 0xac, 0x16, 0x3b, 0x7c, 0x31, 0x16, 0x3b,
  0x2c, 0x65, 0x23, 0x3b, 0xde, 0x0e, 0x21, 0x3b, 0xc2, 0x35, 0x14, 0x3b,
  0x29, 0xb7, 0x1a, 0x3b, 0x13, 0xaa, 0x16, 0x3b, 0x30, 0x4c, 0x1d, 0x3b,
  0x61, 0x23, 0x31, 0x3b, 0xa2, 0x0f, 0x30, 0x3b, 0x6d, 0x19, 0x5a, 0x3b,
  0x9b, 0x04, 0x10, 0x3b, 0xe7, 0xb6, 0x5d, 0x3b, 0x6e, 0x4f, 0x23, 0x3b,
  0xf2, 0x23, 0x26, 0x3b, 0xb9, 0xc9, 0x1c, 0x3b, 0xd3, 0x4a, 0x22, 0x3b,
  0x2e, 0x22, 0x17, 0x3b, 0xb6, 0xf2, 0x3a, 0x3b, 0x97, 0xb7, 0x10, 0x3b,
  0x70, 0x83, 0x0f, 0x3b, 0xeb, 0x6a, 0x0f, 0x3b, 0x7e, 0xce, 0x17, 0x3b,
  0x78, 0x92, 0x27, 0x3b, 0x36, 0xcf, 0x27, 0x3b, 0x2f, 0x4b, 0x36, 0x3b,
  0xa5, 0x77, 0x60, 0x3b, 0x7e, 0x97, 0x39, 0x3b, 0x17, 0x30, 0x57, 0x3b,
  0xf0, 0x48, 0x60, 0x3b, 0x4d, 0x7d, 0x35, 0x3b, 0x63, 0x7c, 0x17, 0x3b,
  0x13, 0x00, 0x00, 0x00, 0x6d, 0x6f, 0x64, 0x65, 0x6c, 0x5f, 0x31, 0x2f,
  0x68, 0x65, 0x61, 0x64, 0x2f, 0x43, 0x6f, 0x6e, 0x76, 0x32, 0x44, 0x00,
  0x04, 0x00, 0x00, 0x00, 0x20, 0x00, 0x00, 0x00, 0x01, 0x00, 0x00, 0x00,
  0x01, 0x00, 0x00, 0x00, 0x30, 0x00, 0x00, 0x00, 0xb2, 0xfc, 0xff, 0xff,
  0x00, 0x00, 0x00, 0x01, 0x14, 0x00, 0x00, 0x00, 0xa4, 0x01, 0x00, 0x00,
  0x05, 0x00, 0x00, 0x00, 0x00, 0x00, 0x00, 0x02, 0xc0, 0x01, 0x00, 0x00,
  0x9c, 0xfc, 0xff, 0xff, 0x08, 0x00, 0x00, 0x00, 0x08, 0x01, 0x00, 0x00,
  0x20, 0x00, 0x00, 0x00, 0x00, 0x00, 0x00, 0x00, 0x00, 0x00, 0x00, 0x00,
  0x00, 0x00, 0x00, 0x00, 0x00, 0x00, 0x00, 0x00, 0x00, 0x00, 0x00, 0x00,
  0x00, 0x00, 0x00, 0x00, 0x00, 0x00, 0x00, 0x00, 0x00, 0x00, 0x00, 0x00,
  0x00, 0x00, 0x00, 0x00, 0x00, 0x00, 0x00, 0x00, 0x00, 0x00, 0x00, 0x00,
  0x00, 0x00, 0x00, 0x00, 0x00, 0x00, 0x00, 0x00, 0x00, 0x00, 0x00, 0x00,
  0x00, 0x00, 0x00, 0x00, 0x00, 0x00, 0x00, 0x00, 0x00, 0x00, 0x00, 0x00,
  0x00, 0x00, 0x00, 0x00, 0x00, 0x00, 0x00, 0x00, 0x00, 0x00, 0x00, 0x00,
  0x00, 0x00, 0x00, 0x00, 0x00, 0x00, 0x00, 0x00, 0x00, 0x00, 0x00, 0x00,
  0x00, 0x00, 0x00, 0x00, 0x00, 0x00, 0x00, 0x00, 0x00, 0x00, 0x00, 0x00,
  0x00, 0x00, 0x00, 0x00, 0x00, 0x00, 0x00, 0x00, 0x00, 0x00, 0x00, 0x00,
  0x00, 0x00, 0x00, 0x00, 0x00, 0x00, 0x00, 0x00, 0x00, 0x00, 0x00, 0x00,
  0x00, 0x00, 0x00, 0x00, 0x00, 0x00, 0x00, 0x00, 0x00, 0x00, 0x00, 0x00,
  0x00, 0x00, 0x00, 0x00, 0x00, 0x00, 0x00, 0x00, 0x00, 0x00, 0x00, 0x00,
  0x00, 0x00, 0x00, 0x00, 0x00, 0x00, 0x00, 0x00, 0x00, 0x00, 0x00, 0x00,
  0x00, 0x00, 0x00, 0x00, 0x00, 0x00, 0x00, 0x00, 0x00, 0x00, 0x00, 0x00,
  0x00, 0x00, 0x00, 0x00, 0x00, 0x00, 0x00, 0x00, 0x00, 0x00, 0x00, 0x00,
  0x00, 0x00, 0x00, 0x00, 0x00, 0x00, 0x00, 0x00, 0x00, 0x00, 0x00, 0x00,
  0x00, 0x00, 0x00, 0x00, 0x00, 0x00, 0x00, 0x00, 0x00, 0x00, 0x00, 0x00,
  0x00, 0x00, 0x00, 0x00, 0x00, 0x00, 0x00, 0x00, 0x00, 0x00, 0x00, 0x00,
  0x00, 0x00, 0x00, 0x00, 0x00, 0x00, 0x00, 0x00, 0x00, 0x00, 0x00, 0x00,
  0x00, 0x00, 0x00, 0x00, 0x00, 0x00, 0x00, 0x00, 0x00, 0x00, 0x00, 0x00,
  0x00, 0x00, 0x00, 0x00, 0x00, 0x00, 0x00, 0x00, 0x20, 0x00, 0x00, 0x00,
  0x50, 0xe6, 0x62, 0x38, 0x67, 0x2c, 0x62, 0x38, 0xd0, 0x0d, 0x76, 0x38,
  0xd6, 0x88, 0x72, 0x38, 0xd3, 0x2f, 0x5f, 0x38, 0xba, 0xfb, 0x68, 0x38,
  0xff, 0xe1, 0x62, 0x38, 0x27, 0xdf, 0x6c, 0x38, 0xe9, 0x5f, 0x85, 0x38,
  0x4a, 0x90, 0x84, 0x38, 0x49, 0x37, 0xa4, 0x38, 0xc9, 0xdf, 0x58, 0x38,
  0x1e, 0xf0, 0xa6, 0x38, 0x12, 0xed, 0x75, 0x38, 0x1b, 0x30, 0x7a, 0x38,
  0xb0, 0x1a, 0x6c, 0x38, 0xa1, 0x64, 0x74, 0x38, 0xdc, 0x96, 0x63, 0x38,
  0xcb, 0xc2, 0x8c, 0x38, 0x50, 0xed, 0x59, 0x38, 0x46, 0x1d, 0x58, 0x38,
  0x59, 0xf8, 0x57, 0x38, 0x58, 0x9a, 0x64, 0x38, 0x0c, 0x58, 0x7c, 0x38,
  0x85, 0xb3, 0x7c, 0x38, 0xa5, 0x41, 0x89, 0x38, 0xbf, 0x02, 0xa9, 0x38,
  0x5c, 0xbd, 0x8b, 0x38, 0x18, 0x06, 0xa2, 0x38, 0x94, 0xdf, 0xa8, 0x38,
  0xa1, 0xa6, 0x88, 0x38, 0xb3, 0x1e, 0x64, 0x38, 0x23, 0x00, 0x00, 0x00,
  0x6d, 0x6f, 0x64, 0x65, 0x6c, 0x5f, 0x31, 0x2f, 0x68, 0x65, 0x61, 0x64,
  0x2f, 0x42, 0x69, 0x61, 0x73, 0x41, 0x64, 0x64, 0x2f, 0x52, 0x65, 0x61,
  0x64, 0x56, 0x61, 0x72, 0x69, 0x61, 0x62, 0x6c, 0x65, 0x4f, 0x70, 0x00,
  0x01, 0x00, 0x00, 0x00, 0x20, 0x00, 0x00, 0x00, 0x92, 0xfe, 0xff, 0xff,
  0x00, 0x00, 0x00, 0x01, 0x14, 0x00, 0x00, 0x00, 0x4c, 0x00, 0x00, 0x00,
  0x04, 0x00, 0x00, 0x00, 0x00, 0x00, 0x00, 0x09, 0x5c, 0x00, 0x00, 0x00,
  0x7c, 0xfe, 0xff, 0xff, 0x08, 0x00, 0x00, 0x00, 0x24, 0x00, 0x00, 0x00,
  0x03, 0x00, 0x00, 0x00, 0x00, 0x00, 0x00, 0x00, 0x00, 0x00, 0x00, 0x00,
  0x00, 0x00, 0x00, 0x00, 0x00, 0x00, 0x00, 0x00, 0x00, 0x00, 0x00, 0x00,
  0x00, 0x00, 0x00, 0x00, 0x00, 0x00, 0x00, 0x00, 0x03, 0x00, 0x00, 0x00,
  0xd9, 0x93, 0x91, 0x3b, 0xe8, 0xba, 0x6d, 0x3b, 0x7e, 0x21, 0x85, 0x3b,
  0x15, 0x00, 0x00, 0x00, 0x6d, 0x6f, 0x64, 0x65, 0x6c, 0x5f, 0x31, 0x2f,
  0x6c, 0x6f, 0x67, 0x69, 0x74, 0x73, 0x2f, 0x43, 0x6f, 0x6e, 0x76, 0x32,
  0x44, 0x00, 0x00, 0x00, 0x04, 0x00, 0x00, 0x00, 0x03, 0x00, 0x00, 0x00,
  0x01, 0x00, 0x00, 0x00, 0x01, 0x00, 0x00, 0x00, 0x20, 0x00, 0x00, 0x00,
  0x1a, 0xff, 0xff, 0xff, 0x00, 0x00, 0x00, 0x01, 0x14, 0x00, 0x00, 0x00,
  0x4c, 0x00, 0x00, 0x00, 0x03, 0x00, 0x00, 0x00, 0x00, 0x00, 0x00, 0x02,
  0x6c, 0x00, 0x00, 0x00, 0x04, 0xff, 0xff, 0xff, 0x08, 0x00, 0x00, 0x00,
  0x24, 0x00, 0x00, 0x00, 0x03, 0x00, 0x00, 0x00, 0x00, 0x00, 0x00, 0x00,
  0x00, 0x00, 0x00, 0x00, 0x00, 0x00, 0x00, 0x00, 0x00, 0x00, 0x00, 0x00,
  0x00, 0x00, 0x00, 0x00, 0x00, 0x00, 0x00, 0x00, 0x00, 0x00, 0x00, 0x00,
  0x03, 0x00, 0x00, 0x00, 0x93, 0x81, 0x42, 0x39, 0xcc, 0xd0, 0x1e, 0x39,
  0x49, 0xe0, 0x31, 0x39, 0x25, 0x00, 0x00, 0x00, 0x6d, 0x6f, 0x64, 0x65,
  0x6c, 0x5f, 0x31, 0x2f, 0x6c, 0x6f, 0x67, 0x69, 0x74, 0x73, 0x2f, 0x42,
  0x69, 0x61, 0x73, 0x41, 0x64, 0x64, 0x2f, 0x52, 0x65, 0x61, 0x64, 0x56,
  0x61, 0x72, 0x69, 0x61, 0x62, 0x6c, 0x65, 0x4f, 0x70, 0x00, 0x00, 0x00,
  0x01, 0x00, 0x00, 0x00, 0x03, 0x00, 0x00, 0x00, 0xa6, 0xff, 0xff, 0xff,
  0x00, 0x00, 0x00, 0x01, 0x18, 0x00, 0x00, 0x00, 0x18, 0x00, 0x00, 0x00,
  0x02, 0x00, 0x00, 0x00, 0x00, 0x00, 0x00, 0x02, 0x34, 0x00, 0x00, 0x00,
  0x04, 0x00, 0x04, 0x00, 0x04, 0x00, 0x00, 0x00, 0x20, 0x00, 0x00, 0x00,
  0x6d, 0x6f, 0x64, 0x65, 0x6c, 0x5f, 0x31, 0x2f, 0x62, 0x6c, 0x6f, 0x63,
  0x6b, 0x5f, 0x31, 0x5f, 0x70, 0x61, 0x64, 0x2f, 0x50, 0x61, 0x64, 0x2f,
  0x70, 0x61, 0x64, 0x64, 0x69, 0x6e, 0x67, 0x73, 0x00, 0x00, 0x00, 0x00,
  0x02, 0x00, 0x00, 0x00, 0x04, 0x00, 0x00, 0x00, 0x02, 0x00, 0x00, 0x00,
  0x00, 0x00, 0x16, 0x00, 0x1c, 0x00, 0x18, 0x00, 0x17, 0x00, 0x10, 0x00,
  0x0c, 0x00, 0x08, 0x00, 0x00, 0x00, 0x00, 0x00, 0x00, 0x00, 0x07, 0x00,
  0x16, 0x00, 0x00, 0x00, 0x00, 0x00, 0x00, 0x01, 0x20, 0x00, 0x00, 0x00,
  0x40, 0x00, 0x00, 0x00, 0x01, 0x00, 0x00, 0x00, 0x00, 0x00, 0x00, 0x09,
  0x4c, 0x00, 0x00, 0x00, 0x0c, 0x00, 0x0c, 0x00, 0x00, 0x00, 0x00, 0x00,
  0x08, 0x00, 0x04, 0x00, 0x0c, 0x00, 0x00, 0x00, 0x08, 0x00, 0x00, 0x00,
  0x14, 0x00, 0x00, 0x00, 0x01, 0x00, 0x00, 0x00, 0x80, 0xff, 0xff, 0xff,
  0xff, 0xff, 0xff, 0xff, 0x00, 0x00, 0x00, 0x00, 0x01, 0x00, 0x00, 0x00,
  0x81, 0x80, 0x80, 0x3b, 0x13, 0x00, 0x00, 0x00, 0x73, 0x65, 0x72, 0x76,
  0x69, 0x6e, 0x67, 0x5f, 0x64, 0x65, 0x66, 0x61, 0x75, 0x6c, 0x74, 0x5f,
  0x78, 0x3a, 0x30, 0x00, 0x04, 0x00, 0x00, 0x00, 0x01, 0x00, 0x00, 0x00,
  0x40, 0x00, 0x00, 0x00, 0x40, 0x00, 0x00, 0x00, 0x01, 0x00, 0x00, 0x00,
  0x05, 0x00, 0x00, 0x00, 0x6c, 0x00, 0x00, 0x00, 0x4c, 0x00, 0x00, 0x00,
  0x40, 0x00, 0x00, 0x00, 0x24, 0x00, 0x00, 0x00, 0x04, 0x00, 0x00, 0x00,
  0xb4, 0xff, 0xff, 0xff, 0x19, 0x00, 0x00, 0x00, 0x02, 0x00, 0x00, 0x00,
  0x00, 0x00, 0x00, 0x19, 0x0c, 0x00, 0x0e, 0x00, 0x0d, 0x00, 0x00, 0x00,
  0x08, 0x00, 0x04, 0x00, 0x0c, 0x00, 0x00, 0x00, 0x22, 0x00, 0x00, 0x00,
  0x02, 0x00, 0x00, 0x00, 0x00, 0x22, 0x0a, 0x00, 0x08, 0x00, 0x00, 0x00,
  0x00, 0x00, 0x04, 0x00, 0x0a, 0x00, 0x00, 0x00, 0x02, 0x00, 0x00, 0x00,
  0xf0, 0xff, 0xff, 0xff, 0x04, 0x00, 0x00, 0x00, 0x03, 0x00, 0x00, 0x00,
  0x00, 0x00, 0x00, 0x04, 0x0c, 0x00, 0x10, 0x00, 0x0f, 0x00, 0x00, 0x00,
  0x08, 0x00, 0x04, 0x00, 0x0c, 0x00, 0x00, 0x00, 0x03, 0x00, 0x00, 0x00,
  0x03, 0x00, 0x00, 0x00, 0x00, 0x00, 0x00, 0x03
};
const unsigned int fomo_beer_can_small_model_len = 39968;
